ISO-10303-21;
HEADER;
FILE_DESCRIPTION(('Open CASCADE Model'),'2;1');
FILE_NAME('Open CASCADE Shape Model','2026-06-07T13:37:06',('Author'),(
    'Open CASCADE'),'Open CASCADE STEP processor 7.5','Open CASCADE 7.5'
  ,'Unknown');
FILE_SCHEMA(('AUTOMOTIVE_DESIGN { 1 0 10303 214 1 1 1 1 }'));
ENDSEC;
DATA;
#1 = APPLICATION_PROTOCOL_DEFINITION('international standard',
  'automotive_design',2000,#2);
#2 = APPLICATION_CONTEXT(
  'core data for automotive mechanical design processes');
#3 = SHAPE_DEFINITION_REPRESENTATION(#4,#10);
#4 = PRODUCT_DEFINITION_SHAPE('','',#5);
#5 = PRODUCT_DEFINITION('design','',#6,#9);
#6 = PRODUCT_DEFINITION_FORMATION('','',#7);
#7 = PRODUCT('PCB','PCB','',(#8));
#8 = PRODUCT_CONTEXT('',#2,'mechanical');
#9 = PRODUCT_DEFINITION_CONTEXT('part definition',#2,'design');
#10 = SHAPE_REPRESENTATION('',(#11,#15,#19,#23,#27,#31,#35,#39),#43);
#11 = AXIS2_PLACEMENT_3D('',#12,#13,#14);
#12 = CARTESIAN_POINT('',(0.,0.,0.));
#13 = DIRECTION('',(0.,0.,1.));
#14 = DIRECTION('',(1.,0.,-0.));
#15 = AXIS2_PLACEMENT_3D('',#16,#17,#18);
#16 = CARTESIAN_POINT('',(0.,0.,0.));
#17 = DIRECTION('',(0.,0.,1.));
#18 = DIRECTION('',(1.,0.,-0.));
#19 = AXIS2_PLACEMENT_3D('',#20,#21,#22);
#20 = CARTESIAN_POINT('',(0.,0.,0.));
#21 = DIRECTION('',(0.,0.,1.));
#22 = DIRECTION('',(1.,0.,-0.));
#23 = AXIS2_PLACEMENT_3D('',#24,#25,#26);
#24 = CARTESIAN_POINT('',(0.,0.,0.));
#25 = DIRECTION('',(0.,0.,1.));
#26 = DIRECTION('',(1.,0.,-0.));
#27 = AXIS2_PLACEMENT_3D('',#28,#29,#30);
#28 = CARTESIAN_POINT('',(0.,0.,0.));
#29 = DIRECTION('',(0.,0.,1.));
#30 = DIRECTION('',(1.,0.,-0.));
#31 = AXIS2_PLACEMENT_3D('',#32,#33,#34);
#32 = CARTESIAN_POINT('',(0.,0.,0.));
#33 = DIRECTION('',(0.,0.,1.));
#34 = DIRECTION('',(1.,0.,-0.));
#35 = AXIS2_PLACEMENT_3D('',#36,#37,#38);
#36 = CARTESIAN_POINT('',(0.,0.,0.));
#37 = DIRECTION('',(0.,0.,1.));
#38 = DIRECTION('',(1.,0.,-0.));
#39 = AXIS2_PLACEMENT_3D('',#40,#41,#42);
#40 = CARTESIAN_POINT('',(0.,0.,0.));
#41 = DIRECTION('',(0.,0.,1.));
#42 = DIRECTION('',(1.,0.,-0.));
#43 = ( GEOMETRIC_REPRESENTATION_CONTEXT(3) 
GLOBAL_UNCERTAINTY_ASSIGNED_CONTEXT((#47)) GLOBAL_UNIT_ASSIGNED_CONTEXT(
(#44,#45,#46)) REPRESENTATION_CONTEXT('Context #1',
  '3D Context with UNIT and UNCERTAINTY') );
#44 = ( LENGTH_UNIT() NAMED_UNIT(*) SI_UNIT(.MILLI.,.METRE.) );
#45 = ( NAMED_UNIT(*) PLANE_ANGLE_UNIT() SI_UNIT($,.RADIAN.) );
#46 = ( NAMED_UNIT(*) SI_UNIT($,.STERADIAN.) SOLID_ANGLE_UNIT() );
#47 = UNCERTAINTY_MEASURE_WITH_UNIT(LENGTH_MEASURE(2.E-05),#44,
  'distance_accuracy_value','confusion accuracy');
#48 = PRODUCT_RELATED_PRODUCT_CATEGORY('part',$,(#7));
#49 = SHAPE_DEFINITION_REPRESENTATION(#50,#56);
#50 = PRODUCT_DEFINITION_SHAPE('','',#51);
#51 = PRODUCT_DEFINITION('design','',#52,#55);
#52 = PRODUCT_DEFINITION_FORMATION('','',#53);
#53 = PRODUCT('Board','Board','',(#54));
#54 = PRODUCT_CONTEXT('',#2,'mechanical');
#55 = PRODUCT_DEFINITION_CONTEXT('part definition',#2,'design');
#56 = SHAPE_REPRESENTATION('',(#11,#57),#61);
#57 = AXIS2_PLACEMENT_3D('',#58,#59,#60);
#58 = CARTESIAN_POINT('',(0.,0.,-0.41148));
#59 = DIRECTION('',(0.,0.,1.));
#60 = DIRECTION('',(1.,0.,-0.));
#61 = ( GEOMETRIC_REPRESENTATION_CONTEXT(3) 
GLOBAL_UNCERTAINTY_ASSIGNED_CONTEXT((#65)) GLOBAL_UNIT_ASSIGNED_CONTEXT(
(#62,#63,#64)) REPRESENTATION_CONTEXT('Context #1',
  '3D Context with UNIT and UNCERTAINTY') );
#62 = ( LENGTH_UNIT() NAMED_UNIT(*) SI_UNIT(.MILLI.,.METRE.) );
#63 = ( NAMED_UNIT(*) PLANE_ANGLE_UNIT() SI_UNIT($,.RADIAN.) );
#64 = ( NAMED_UNIT(*) SI_UNIT($,.STERADIAN.) SOLID_ANGLE_UNIT() );
#65 = UNCERTAINTY_MEASURE_WITH_UNIT(LENGTH_MEASURE(1.E-07),#62,
  'distance_accuracy_value','confusion accuracy');
#66 = ADVANCED_BREP_SHAPE_REPRESENTATION('',(#11,#67),#451);
#67 = MANIFOLD_SOLID_BREP('',#68);
#68 = CLOSED_SHELL('',(#69,#109,#140,#171,#193,#226,#259,#292,#325,#358,
    #391,#421));
#69 = ADVANCED_FACE('',(#70),#104,.T.);
#70 = FACE_BOUND('',#71,.T.);
#71 = EDGE_LOOP('',(#72,#82,#90,#98));
#72 = ORIENTED_EDGE('',*,*,#73,.T.);
#73 = EDGE_CURVE('',#74,#76,#78,.T.);
#74 = VERTEX_POINT('',#75);
#75 = CARTESIAN_POINT('',(0.,-14.6,0.));
#76 = VERTEX_POINT('',#77);
#77 = CARTESIAN_POINT('',(0.,-14.6,0.41148));
#78 = LINE('',#79,#80);
#79 = CARTESIAN_POINT('',(0.,-14.6,0.));
#80 = VECTOR('',#81,1.);
#81 = DIRECTION('',(0.,0.,1.));
#82 = ORIENTED_EDGE('',*,*,#83,.T.);
#83 = EDGE_CURVE('',#76,#84,#86,.T.);
#84 = VERTEX_POINT('',#85);
#85 = CARTESIAN_POINT('',(0.,0.,0.41148));
#86 = LINE('',#87,#88);
#87 = CARTESIAN_POINT('',(0.,-14.6,0.41148));
#88 = VECTOR('',#89,1.);
#89 = DIRECTION('',(0.,1.,0.));
#90 = ORIENTED_EDGE('',*,*,#91,.F.);
#91 = EDGE_CURVE('',#92,#84,#94,.T.);
#92 = VERTEX_POINT('',#93);
#93 = CARTESIAN_POINT('',(0.,0.,0.));
#94 = LINE('',#95,#96);
#95 = CARTESIAN_POINT('',(0.,0.,0.));
#96 = VECTOR('',#97,1.);
#97 = DIRECTION('',(0.,0.,1.));
#98 = ORIENTED_EDGE('',*,*,#99,.F.);
#99 = EDGE_CURVE('',#74,#92,#100,.T.);
#100 = LINE('',#101,#102);
#101 = CARTESIAN_POINT('',(0.,-14.6,0.));
#102 = VECTOR('',#103,1.);
#103 = DIRECTION('',(0.,1.,0.));
#104 = PLANE('',#105);
#105 = AXIS2_PLACEMENT_3D('',#106,#107,#108);
#106 = CARTESIAN_POINT('',(0.,-14.6,0.));
#107 = DIRECTION('',(-1.,0.,0.));
#108 = DIRECTION('',(0.,1.,0.));
#109 = ADVANCED_FACE('',(#110),#135,.T.);
#110 = FACE_BOUND('',#111,.T.);
#111 = EDGE_LOOP('',(#112,#113,#121,#129));
#112 = ORIENTED_EDGE('',*,*,#91,.T.);
#113 = ORIENTED_EDGE('',*,*,#114,.T.);
#114 = EDGE_CURVE('',#84,#115,#117,.T.);
#115 = VERTEX_POINT('',#116);
#116 = CARTESIAN_POINT('',(17.6,0.,0.41148));
#117 = LINE('',#118,#119);
#118 = CARTESIAN_POINT('',(0.,0.,0.41148));
#119 = VECTOR('',#120,1.);
#120 = DIRECTION('',(1.,0.,0.));
#121 = ORIENTED_EDGE('',*,*,#122,.F.);
#122 = EDGE_CURVE('',#123,#115,#125,.T.);
#123 = VERTEX_POINT('',#124);
#124 = CARTESIAN_POINT('',(17.6,0.,0.));
#125 = LINE('',#126,#127);
#126 = CARTESIAN_POINT('',(17.6,0.,0.));
#127 = VECTOR('',#128,1.);
#128 = DIRECTION('',(0.,0.,1.));
#129 = ORIENTED_EDGE('',*,*,#130,.F.);
#130 = EDGE_CURVE('',#92,#123,#131,.T.);
#131 = LINE('',#132,#133);
#132 = CARTESIAN_POINT('',(0.,0.,0.));
#133 = VECTOR('',#134,1.);
#134 = DIRECTION('',(1.,0.,0.));
#135 = PLANE('',#136);
#136 = AXIS2_PLACEMENT_3D('',#137,#138,#139);
#137 = CARTESIAN_POINT('',(0.,0.,0.));
#138 = DIRECTION('',(0.,1.,0.));
#139 = DIRECTION('',(1.,0.,0.));
#140 = ADVANCED_FACE('',(#141),#166,.T.);
#141 = FACE_BOUND('',#142,.T.);
#142 = EDGE_LOOP('',(#143,#144,#152,#160));
#143 = ORIENTED_EDGE('',*,*,#122,.T.);
#144 = ORIENTED_EDGE('',*,*,#145,.T.);
#145 = EDGE_CURVE('',#115,#146,#148,.T.);
#146 = VERTEX_POINT('',#147);
#147 = CARTESIAN_POINT('',(17.6,-14.6,0.41148));
#148 = LINE('',#149,#150);
#149 = CARTESIAN_POINT('',(17.6,0.,0.41148));
#150 = VECTOR('',#151,1.);
#151 = DIRECTION('',(0.,-1.,0.));
#152 = ORIENTED_EDGE('',*,*,#153,.F.);
#153 = EDGE_CURVE('',#154,#146,#156,.T.);
#154 = VERTEX_POINT('',#155);
#155 = CARTESIAN_POINT('',(17.6,-14.6,0.));
#156 = LINE('',#157,#158);
#157 = CARTESIAN_POINT('',(17.6,-14.6,0.));
#158 = VECTOR('',#159,1.);
#159 = DIRECTION('',(0.,0.,1.));
#160 = ORIENTED_EDGE('',*,*,#161,.F.);
#161 = EDGE_CURVE('',#123,#154,#162,.T.);
#162 = LINE('',#163,#164);
#163 = CARTESIAN_POINT('',(17.6,0.,0.));
#164 = VECTOR('',#165,1.);
#165 = DIRECTION('',(0.,-1.,0.));
#166 = PLANE('',#167);
#167 = AXIS2_PLACEMENT_3D('',#168,#169,#170);
#168 = CARTESIAN_POINT('',(17.6,0.,0.));
#169 = DIRECTION('',(1.,0.,-0.));
#170 = DIRECTION('',(0.,-1.,0.));
#171 = ADVANCED_FACE('',(#172),#188,.T.);
#172 = FACE_BOUND('',#173,.T.);
#173 = EDGE_LOOP('',(#174,#175,#181,#182));
#174 = ORIENTED_EDGE('',*,*,#153,.T.);
#175 = ORIENTED_EDGE('',*,*,#176,.T.);
#176 = EDGE_CURVE('',#146,#76,#177,.T.);
#177 = LINE('',#178,#179);
#178 = CARTESIAN_POINT('',(17.6,-14.6,0.41148));
#179 = VECTOR('',#180,1.);
#180 = DIRECTION('',(-1.,0.,0.));
#181 = ORIENTED_EDGE('',*,*,#73,.F.);
#182 = ORIENTED_EDGE('',*,*,#183,.F.);
#183 = EDGE_CURVE('',#154,#74,#184,.T.);
#184 = LINE('',#185,#186);
#185 = CARTESIAN_POINT('',(17.6,-14.6,0.));
#186 = VECTOR('',#187,1.);
#187 = DIRECTION('',(-1.,0.,0.));
#188 = PLANE('',#189);
#189 = AXIS2_PLACEMENT_3D('',#190,#191,#192);
#190 = CARTESIAN_POINT('',(17.6,-14.6,0.));
#191 = DIRECTION('',(0.,-1.,0.));
#192 = DIRECTION('',(-1.,0.,0.));
#193 = ADVANCED_FACE('',(#194),#221,.F.);
#194 = FACE_BOUND('',#195,.T.);
#195 = EDGE_LOOP('',(#196,#206,#213,#214));
#196 = ORIENTED_EDGE('',*,*,#197,.T.);
#197 = EDGE_CURVE('',#198,#200,#202,.T.);
#198 = VERTEX_POINT('',#199);
#199 = CARTESIAN_POINT('',(4.953,-10.474,0.));
#200 = VERTEX_POINT('',#201);
#201 = CARTESIAN_POINT('',(4.953,-10.474,0.41148));
#202 = LINE('',#203,#204);
#203 = CARTESIAN_POINT('',(4.953,-10.474,0.));
#204 = VECTOR('',#205,1.);
#205 = DIRECTION('',(0.,0.,1.));
#206 = ORIENTED_EDGE('',*,*,#207,.T.);
#207 = EDGE_CURVE('',#200,#200,#208,.T.);
#208 = CIRCLE('',#209,0.381);
#209 = AXIS2_PLACEMENT_3D('',#210,#211,#212);
#210 = CARTESIAN_POINT('',(4.572,-10.474,0.41148));
#211 = DIRECTION('',(0.,0.,1.));
#212 = DIRECTION('',(1.,0.,-0.));
#213 = ORIENTED_EDGE('',*,*,#197,.F.);
#214 = ORIENTED_EDGE('',*,*,#215,.F.);
#215 = EDGE_CURVE('',#198,#198,#216,.T.);
#216 = CIRCLE('',#217,0.381);
#217 = AXIS2_PLACEMENT_3D('',#218,#219,#220);
#218 = CARTESIAN_POINT('',(4.572,-10.474,0.));
#219 = DIRECTION('',(0.,0.,1.));
#220 = DIRECTION('',(1.,0.,-0.));
#221 = CYLINDRICAL_SURFACE('',#222,0.381);
#222 = AXIS2_PLACEMENT_3D('',#223,#224,#225);
#223 = CARTESIAN_POINT('',(4.572,-10.474,0.));
#224 = DIRECTION('',(-0.,-0.,-1.));
#225 = DIRECTION('',(1.,0.,-0.));
#226 = ADVANCED_FACE('',(#227),#254,.F.);
#227 = FACE_BOUND('',#228,.T.);
#228 = EDGE_LOOP('',(#229,#239,#246,#247));
#229 = ORIENTED_EDGE('',*,*,#230,.T.);
#230 = EDGE_CURVE('',#231,#233,#235,.T.);
#231 = VERTEX_POINT('',#232);
#232 = CARTESIAN_POINT('',(4.802,-3.362,0.));
#233 = VERTEX_POINT('',#234);
#234 = CARTESIAN_POINT('',(4.802,-3.362,0.41148));
#235 = LINE('',#236,#237);
#236 = CARTESIAN_POINT('',(4.802,-3.362,0.));
#237 = VECTOR('',#238,1.);
#238 = DIRECTION('',(0.,0.,1.));
#239 = ORIENTED_EDGE('',*,*,#240,.T.);
#240 = EDGE_CURVE('',#233,#233,#241,.T.);
#241 = CIRCLE('',#242,1.5);
#242 = AXIS2_PLACEMENT_3D('',#243,#244,#245);
#243 = CARTESIAN_POINT('',(3.302,-3.362,0.41148));
#244 = DIRECTION('',(0.,0.,1.));
#245 = DIRECTION('',(1.,0.,-0.));
#246 = ORIENTED_EDGE('',*,*,#230,.F.);
#247 = ORIENTED_EDGE('',*,*,#248,.F.);
#248 = EDGE_CURVE('',#231,#231,#249,.T.);
#249 = CIRCLE('',#250,1.5);
#250 = AXIS2_PLACEMENT_3D('',#251,#252,#253);
#251 = CARTESIAN_POINT('',(3.302,-3.362,0.));
#252 = DIRECTION('',(0.,0.,1.));
#253 = DIRECTION('',(1.,0.,-0.));
#254 = CYLINDRICAL_SURFACE('',#255,1.5);
#255 = AXIS2_PLACEMENT_3D('',#256,#257,#258);
#256 = CARTESIAN_POINT('',(3.302,-3.362,0.));
#257 = DIRECTION('',(-0.,-0.,-1.));
#258 = DIRECTION('',(1.,0.,-0.));
#259 = ADVANCED_FACE('',(#260),#287,.F.);
#260 = FACE_BOUND('',#261,.T.);
#261 = EDGE_LOOP('',(#262,#272,#279,#280));
#262 = ORIENTED_EDGE('',*,*,#263,.T.);
#263 = EDGE_CURVE('',#264,#266,#268,.T.);
#264 = VERTEX_POINT('',#265);
#265 = CARTESIAN_POINT('',(4.953,-7.934,0.));
#266 = VERTEX_POINT('',#267);
#267 = CARTESIAN_POINT('',(4.953,-7.934,0.41148));
#268 = LINE('',#269,#270);
#269 = CARTESIAN_POINT('',(4.953,-7.934,0.));
#270 = VECTOR('',#271,1.);
#271 = DIRECTION('',(0.,0.,1.));
#272 = ORIENTED_EDGE('',*,*,#273,.T.);
#273 = EDGE_CURVE('',#266,#266,#274,.T.);
#274 = CIRCLE('',#275,0.381);
#275 = AXIS2_PLACEMENT_3D('',#276,#277,#278);
#276 = CARTESIAN_POINT('',(4.572,-7.934,0.41148));
#277 = DIRECTION('',(0.,0.,1.));
#278 = DIRECTION('',(1.,0.,-0.));
#279 = ORIENTED_EDGE('',*,*,#263,.F.);
#280 = ORIENTED_EDGE('',*,*,#281,.F.);
#281 = EDGE_CURVE('',#264,#264,#282,.T.);
#282 = CIRCLE('',#283,0.381);
#283 = AXIS2_PLACEMENT_3D('',#284,#285,#286);
#284 = CARTESIAN_POINT('',(4.572,-7.934,0.));
#285 = DIRECTION('',(0.,0.,1.));
#286 = DIRECTION('',(1.,0.,-0.));
#287 = CYLINDRICAL_SURFACE('',#288,0.381);
#288 = AXIS2_PLACEMENT_3D('',#289,#290,#291);
#289 = CARTESIAN_POINT('',(4.572,-7.934,0.));
#290 = DIRECTION('',(-0.,-0.,-1.));
#291 = DIRECTION('',(1.,0.,-0.));
#292 = ADVANCED_FACE('',(#293),#320,.F.);
#293 = FACE_BOUND('',#294,.T.);
#294 = EDGE_LOOP('',(#295,#305,#312,#313));
#295 = ORIENTED_EDGE('',*,*,#296,.T.);
#296 = EDGE_CURVE('',#297,#299,#301,.T.);
#297 = VERTEX_POINT('',#298);
#298 = CARTESIAN_POINT('',(13.462,-10.601,0.));
#299 = VERTEX_POINT('',#300);
#300 = CARTESIAN_POINT('',(13.462,-10.601,0.41148));
#301 = LINE('',#302,#303);
#302 = CARTESIAN_POINT('',(13.462,-10.601,0.));
#303 = VECTOR('',#304,1.);
#304 = DIRECTION('',(0.,0.,1.));
#305 = ORIENTED_EDGE('',*,*,#306,.T.);
#306 = EDGE_CURVE('',#299,#299,#307,.T.);
#307 = CIRCLE('',#308,0.381);
#308 = AXIS2_PLACEMENT_3D('',#309,#310,#311);
#309 = CARTESIAN_POINT('',(13.081,-10.601,0.41148));
#310 = DIRECTION('',(0.,0.,1.));
#311 = DIRECTION('',(1.,0.,-0.));
#312 = ORIENTED_EDGE('',*,*,#296,.F.);
#313 = ORIENTED_EDGE('',*,*,#314,.F.);
#314 = EDGE_CURVE('',#297,#297,#315,.T.);
#315 = CIRCLE('',#316,0.381);
#316 = AXIS2_PLACEMENT_3D('',#317,#318,#319);
#317 = CARTESIAN_POINT('',(13.081,-10.601,0.));
#318 = DIRECTION('',(0.,0.,1.));
#319 = DIRECTION('',(1.,0.,-0.));
#320 = CYLINDRICAL_SURFACE('',#321,0.381);
#321 = AXIS2_PLACEMENT_3D('',#322,#323,#324);
#322 = CARTESIAN_POINT('',(13.081,-10.601,0.));
#323 = DIRECTION('',(-0.,-0.,-1.));
#324 = DIRECTION('',(1.,0.,-0.));
#325 = ADVANCED_FACE('',(#326),#353,.F.);
#326 = FACE_BOUND('',#327,.T.);
#327 = EDGE_LOOP('',(#328,#338,#345,#346));
#328 = ORIENTED_EDGE('',*,*,#329,.T.);
#329 = EDGE_CURVE('',#330,#332,#334,.T.);
#330 = VERTEX_POINT('',#331);
#331 = CARTESIAN_POINT('',(13.462,-8.061,0.));
#332 = VERTEX_POINT('',#333);
#333 = CARTESIAN_POINT('',(13.462,-8.061,0.41148));
#334 = LINE('',#335,#336);
#335 = CARTESIAN_POINT('',(13.462,-8.061,0.));
#336 = VECTOR('',#337,1.);
#337 = DIRECTION('',(0.,0.,1.));
#338 = ORIENTED_EDGE('',*,*,#339,.T.);
#339 = EDGE_CURVE('',#332,#332,#340,.T.);
#340 = CIRCLE('',#341,0.381);
#341 = AXIS2_PLACEMENT_3D('',#342,#343,#344);
#342 = CARTESIAN_POINT('',(13.081,-8.061,0.41148));
#343 = DIRECTION('',(0.,0.,1.));
#344 = DIRECTION('',(1.,0.,-0.));
#345 = ORIENTED_EDGE('',*,*,#329,.F.);
#346 = ORIENTED_EDGE('',*,*,#347,.F.);
#347 = EDGE_CURVE('',#330,#330,#348,.T.);
#348 = CIRCLE('',#349,0.381);
#349 = AXIS2_PLACEMENT_3D('',#350,#351,#352);
#350 = CARTESIAN_POINT('',(13.081,-8.061,0.));
#351 = DIRECTION('',(0.,0.,1.));
#352 = DIRECTION('',(1.,0.,-0.));
#353 = CYLINDRICAL_SURFACE('',#354,0.381);
#354 = AXIS2_PLACEMENT_3D('',#355,#356,#357);
#355 = CARTESIAN_POINT('',(13.081,-8.061,0.));
#356 = DIRECTION('',(-0.,-0.,-1.));
#357 = DIRECTION('',(1.,0.,-0.));
#358 = ADVANCED_FACE('',(#359),#386,.F.);
#359 = FACE_BOUND('',#360,.T.);
#360 = EDGE_LOOP('',(#361,#371,#378,#379));
#361 = ORIENTED_EDGE('',*,*,#362,.T.);
#362 = EDGE_CURVE('',#363,#365,#367,.T.);
#363 = VERTEX_POINT('',#364);
#364 = CARTESIAN_POINT('',(15.842,-3.362,0.));
#365 = VERTEX_POINT('',#366);
#366 = CARTESIAN_POINT('',(15.842,-3.362,0.41148));
#367 = LINE('',#368,#369);
#368 = CARTESIAN_POINT('',(15.842,-3.362,0.));
#369 = VECTOR('',#370,1.);
#370 = DIRECTION('',(0.,0.,1.));
#371 = ORIENTED_EDGE('',*,*,#372,.T.);
#372 = EDGE_CURVE('',#365,#365,#373,.T.);
#373 = CIRCLE('',#374,1.5);
#374 = AXIS2_PLACEMENT_3D('',#375,#376,#377);
#375 = CARTESIAN_POINT('',(14.342,-3.362,0.41148));
#376 = DIRECTION('',(0.,0.,1.));
#377 = DIRECTION('',(1.,0.,-0.));
#378 = ORIENTED_EDGE('',*,*,#362,.F.);
#379 = ORIENTED_EDGE('',*,*,#380,.F.);
#380 = EDGE_CURVE('',#363,#363,#381,.T.);
#381 = CIRCLE('',#382,1.5);
#382 = AXIS2_PLACEMENT_3D('',#383,#384,#385);
#383 = CARTESIAN_POINT('',(14.342,-3.362,0.));
#384 = DIRECTION('',(0.,0.,1.));
#385 = DIRECTION('',(1.,0.,-0.));
#386 = CYLINDRICAL_SURFACE('',#387,1.5);
#387 = AXIS2_PLACEMENT_3D('',#388,#389,#390);
#388 = CARTESIAN_POINT('',(14.342,-3.362,0.));
#389 = DIRECTION('',(-0.,-0.,-1.));
#390 = DIRECTION('',(1.,0.,-0.));
#391 = ADVANCED_FACE('',(#392,#398,#401,#404,#407,#410,#413),#416,.T.);
#392 = FACE_BOUND('',#393,.T.);
#393 = EDGE_LOOP('',(#394,#395,#396,#397));
#394 = ORIENTED_EDGE('',*,*,#99,.T.);
#395 = ORIENTED_EDGE('',*,*,#130,.T.);
#396 = ORIENTED_EDGE('',*,*,#161,.T.);
#397 = ORIENTED_EDGE('',*,*,#183,.T.);
#398 = FACE_BOUND('',#399,.T.);
#399 = EDGE_LOOP('',(#400));
#400 = ORIENTED_EDGE('',*,*,#215,.T.);
#401 = FACE_BOUND('',#402,.T.);
#402 = EDGE_LOOP('',(#403));
#403 = ORIENTED_EDGE('',*,*,#248,.T.);
#404 = FACE_BOUND('',#405,.T.);
#405 = EDGE_LOOP('',(#406));
#406 = ORIENTED_EDGE('',*,*,#281,.T.);
#407 = FACE_BOUND('',#408,.T.);
#408 = EDGE_LOOP('',(#409));
#409 = ORIENTED_EDGE('',*,*,#314,.T.);
#410 = FACE_BOUND('',#411,.T.);
#411 = EDGE_LOOP('',(#412));
#412 = ORIENTED_EDGE('',*,*,#347,.T.);
#413 = FACE_BOUND('',#414,.T.);
#414 = EDGE_LOOP('',(#415));
#415 = ORIENTED_EDGE('',*,*,#380,.T.);
#416 = PLANE('',#417);
#417 = AXIS2_PLACEMENT_3D('',#418,#419,#420);
#418 = CARTESIAN_POINT('',(8.8,-7.3,0.));
#419 = DIRECTION('',(-0.,-0.,-1.));
#420 = DIRECTION('',(-1.,0.,0.));
#421 = ADVANCED_FACE('',(#422,#428,#431,#434,#437,#440,#443),#446,.F.);
#422 = FACE_BOUND('',#423,.F.);
#423 = EDGE_LOOP('',(#424,#425,#426,#427));
#424 = ORIENTED_EDGE('',*,*,#83,.T.);
#425 = ORIENTED_EDGE('',*,*,#114,.T.);
#426 = ORIENTED_EDGE('',*,*,#145,.T.);
#427 = ORIENTED_EDGE('',*,*,#176,.T.);
#428 = FACE_BOUND('',#429,.F.);
#429 = EDGE_LOOP('',(#430));
#430 = ORIENTED_EDGE('',*,*,#207,.T.);
#431 = FACE_BOUND('',#432,.F.);
#432 = EDGE_LOOP('',(#433));
#433 = ORIENTED_EDGE('',*,*,#240,.T.);
#434 = FACE_BOUND('',#435,.F.);
#435 = EDGE_LOOP('',(#436));
#436 = ORIENTED_EDGE('',*,*,#273,.T.);
#437 = FACE_BOUND('',#438,.F.);
#438 = EDGE_LOOP('',(#439));
#439 = ORIENTED_EDGE('',*,*,#306,.T.);
#440 = FACE_BOUND('',#441,.F.);
#441 = EDGE_LOOP('',(#442));
#442 = ORIENTED_EDGE('',*,*,#339,.T.);
#443 = FACE_BOUND('',#444,.F.);
#444 = EDGE_LOOP('',(#445));
#445 = ORIENTED_EDGE('',*,*,#372,.T.);
#446 = PLANE('',#447);
#447 = AXIS2_PLACEMENT_3D('',#448,#449,#450);
#448 = CARTESIAN_POINT('',(8.8,-7.3,0.41148));
#449 = DIRECTION('',(-0.,-0.,-1.));
#450 = DIRECTION('',(-1.,0.,0.));
#451 = ( GEOMETRIC_REPRESENTATION_CONTEXT(3) 
GLOBAL_UNCERTAINTY_ASSIGNED_CONTEXT((#455)) GLOBAL_UNIT_ASSIGNED_CONTEXT
((#452,#453,#454)) REPRESENTATION_CONTEXT('Context #1',
  '3D Context with UNIT and UNCERTAINTY') );
#452 = ( LENGTH_UNIT() NAMED_UNIT(*) SI_UNIT(.MILLI.,.METRE.) );
#453 = ( NAMED_UNIT(*) PLANE_ANGLE_UNIT() SI_UNIT($,.RADIAN.) );
#454 = ( NAMED_UNIT(*) SI_UNIT($,.STERADIAN.) SOLID_ANGLE_UNIT() );
#455 = UNCERTAINTY_MEASURE_WITH_UNIT(LENGTH_MEASURE(1.E-07),#452,
  'distance_accuracy_value','confusion accuracy');
#456 = SHAPE_DEFINITION_REPRESENTATION(#457,#66);
#457 = PRODUCT_DEFINITION_SHAPE('','',#458);
#458 = PRODUCT_DEFINITION('design','',#459,#462);
#459 = PRODUCT_DEFINITION_FORMATION('','',#460);
#460 = PRODUCT('Open CASCADE STEP translator 7.5 2.1.1',
  'Open CASCADE STEP translator 7.5 2.1.1','',(#461));
#461 = PRODUCT_CONTEXT('',#2,'mechanical');
#462 = PRODUCT_DEFINITION_CONTEXT('part definition',#2,'design');
#463 = CONTEXT_DEPENDENT_SHAPE_REPRESENTATION(#464,#466);
#464 = ( REPRESENTATION_RELATIONSHIP('','',#66,#56) 
REPRESENTATION_RELATIONSHIP_WITH_TRANSFORMATION(#465) 
SHAPE_REPRESENTATION_RELATIONSHIP() );
#465 = ITEM_DEFINED_TRANSFORMATION('','',#11,#57);
#466 = PRODUCT_DEFINITION_SHAPE('Placement','Placement of an item',#467
  );
#467 = NEXT_ASSEMBLY_USAGE_OCCURRENCE('24','','',#51,#458,$);
#468 = PRODUCT_RELATED_PRODUCT_CATEGORY('part',$,(#460));
#469 = CONTEXT_DEPENDENT_SHAPE_REPRESENTATION(#470,#472);
#470 = ( REPRESENTATION_RELATIONSHIP('','',#56,#10) 
REPRESENTATION_RELATIONSHIP_WITH_TRANSFORMATION(#471) 
SHAPE_REPRESENTATION_RELATIONSHIP() );
#471 = ITEM_DEFINED_TRANSFORMATION('','',#11,#15);
#472 = PRODUCT_DEFINITION_SHAPE('Placement','Placement of an item',#473
  );
#473 = NEXT_ASSEMBLY_USAGE_OCCURRENCE('25','','',#5,#51,$);
#474 = PRODUCT_RELATED_PRODUCT_CATEGORY('part',$,(#53));
#475 = SHAPE_DEFINITION_REPRESENTATION(#476,#482);
#476 = PRODUCT_DEFINITION_SHAPE('','',#477);
#477 = PRODUCT_DEFINITION('design','',#478,#481);
#478 = PRODUCT_DEFINITION_FORMATION('','',#479);
#479 = PRODUCT('XP2','XP2','',(#480));
#480 = PRODUCT_CONTEXT('',#2,'mechanical');
#481 = PRODUCT_DEFINITION_CONTEXT('part definition',#2,'design');
#482 = SHAPE_REPRESENTATION('',(#11,#483),#487);
#483 = AXIS2_PLACEMENT_3D('',#484,#485,#486);
#484 = CARTESIAN_POINT('',(4.592003662109,-7.931496370479,0.));
#485 = DIRECTION('',(-1.,-1.19248806385E-08,-4.371138828674E-08));
#486 = DIRECTION('',(1.19248806385E-08,-1.,3.939074516639E-32));
#487 = ( GEOMETRIC_REPRESENTATION_CONTEXT(3) 
GLOBAL_UNCERTAINTY_ASSIGNED_CONTEXT((#491)) GLOBAL_UNIT_ASSIGNED_CONTEXT
((#488,#489,#490)) REPRESENTATION_CONTEXT('Context #1',
  '3D Context with UNIT and UNCERTAINTY') );
#488 = ( LENGTH_UNIT() NAMED_UNIT(*) SI_UNIT(.MILLI.,.METRE.) );
#489 = ( NAMED_UNIT(*) PLANE_ANGLE_UNIT() SI_UNIT($,.RADIAN.) );
#490 = ( NAMED_UNIT(*) SI_UNIT($,.STERADIAN.) SOLID_ANGLE_UNIT() );
#491 = UNCERTAINTY_MEASURE_WITH_UNIT(LENGTH_MEASURE(1.E-07),#488,
  'distance_accuracy_value','confusion accuracy');
#492 = SHAPE_REPRESENTATION('',(#11,#493,#835,#1177),#2913);
#493 = MANIFOLD_SOLID_BREP('',#494);
#494 = CLOSED_SHELL('',(#495,#535,#566,#597,#619,#659,#699,#721,#738,
    #755,#767,#789,#806,#823));
#495 = ADVANCED_FACE('',(#496),#530,.F.);
#496 = FACE_BOUND('',#497,.T.);
#497 = EDGE_LOOP('',(#498,#508,#516,#524));
#498 = ORIENTED_EDGE('',*,*,#499,.T.);
#499 = EDGE_CURVE('',#500,#502,#504,.T.);
#500 = VERTEX_POINT('',#501);
#501 = CARTESIAN_POINT('',(-0.32,9.972871818038,0.32));
#502 = VERTEX_POINT('',#503);
#503 = CARTESIAN_POINT('',(-0.32,-2.432871818038,0.32));
#504 = LINE('',#505,#506);
#505 = CARTESIAN_POINT('',(-0.32,10.54,0.32));
#506 = VECTOR('',#507,1.);
#507 = DIRECTION('',(-0.,-1.,-0.));
#508 = ORIENTED_EDGE('',*,*,#509,.T.);
#509 = EDGE_CURVE('',#502,#510,#512,.T.);
#510 = VERTEX_POINT('',#511);
#511 = CARTESIAN_POINT('',(0.32,-2.432871818038,0.32));
#512 = LINE('',#513,#514);
#513 = CARTESIAN_POINT('',(-0.32,-2.432871818038,0.32));
#514 = VECTOR('',#515,1.);
#515 = DIRECTION('',(1.,0.,0.));
#516 = ORIENTED_EDGE('',*,*,#517,.F.);
#517 = EDGE_CURVE('',#518,#510,#520,.T.);
#518 = VERTEX_POINT('',#519);
#519 = CARTESIAN_POINT('',(0.32,9.972871818038,0.32));
#520 = LINE('',#521,#522);
#521 = CARTESIAN_POINT('',(0.32,10.54,0.32));
#522 = VECTOR('',#523,1.);
#523 = DIRECTION('',(-0.,-1.,-0.));
#524 = ORIENTED_EDGE('',*,*,#525,.T.);
#525 = EDGE_CURVE('',#518,#500,#526,.T.);
#526 = LINE('',#527,#528);
#527 = CARTESIAN_POINT('',(-0.32,9.972871818038,0.32));
#528 = VECTOR('',#529,1.);
#529 = DIRECTION('',(-1.,0.,0.));
#530 = PLANE('',#531);
#531 = AXIS2_PLACEMENT_3D('',#532,#533,#534);
#532 = CARTESIAN_POINT('',(-0.32,10.54,0.32));
#533 = DIRECTION('',(0.,0.,-1.));
#534 = DIRECTION('',(-1.,0.,-0.));
#535 = ADVANCED_FACE('',(#536),#561,.F.);
#536 = FACE_BOUND('',#537,.T.);
#537 = EDGE_LOOP('',(#538,#539,#547,#555));
#538 = ORIENTED_EDGE('',*,*,#517,.T.);
#539 = ORIENTED_EDGE('',*,*,#540,.T.);
#540 = EDGE_CURVE('',#510,#541,#543,.T.);
#541 = VERTEX_POINT('',#542);
#542 = CARTESIAN_POINT('',(0.32,-2.432871818038,-0.32));
#543 = LINE('',#544,#545);
#544 = CARTESIAN_POINT('',(0.32,-2.432871818038,0.32));
#545 = VECTOR('',#546,1.);
#546 = DIRECTION('',(0.,0.,-1.));
#547 = ORIENTED_EDGE('',*,*,#548,.F.);
#548 = EDGE_CURVE('',#549,#541,#551,.T.);
#549 = VERTEX_POINT('',#550);
#550 = CARTESIAN_POINT('',(0.32,9.972871818038,-0.32));
#551 = LINE('',#552,#553);
#552 = CARTESIAN_POINT('',(0.32,10.54,-0.32));
#553 = VECTOR('',#554,1.);
#554 = DIRECTION('',(-0.,-1.,-0.));
#555 = ORIENTED_EDGE('',*,*,#556,.T.);
#556 = EDGE_CURVE('',#549,#518,#557,.T.);
#557 = LINE('',#558,#559);
#558 = CARTESIAN_POINT('',(0.32,9.972871818038,0.32));
#559 = VECTOR('',#560,1.);
#560 = DIRECTION('',(0.,-0.,1.));
#561 = PLANE('',#562);
#562 = AXIS2_PLACEMENT_3D('',#563,#564,#565);
#563 = CARTESIAN_POINT('',(0.32,10.54,0.32));
#564 = DIRECTION('',(-1.,0.,0.));
#565 = DIRECTION('',(0.,0.,1.));
#566 = ADVANCED_FACE('',(#567),#592,.F.);
#567 = FACE_BOUND('',#568,.T.);
#568 = EDGE_LOOP('',(#569,#570,#578,#586));
#569 = ORIENTED_EDGE('',*,*,#548,.T.);
#570 = ORIENTED_EDGE('',*,*,#571,.T.);
#571 = EDGE_CURVE('',#541,#572,#574,.T.);
#572 = VERTEX_POINT('',#573);
#573 = CARTESIAN_POINT('',(-0.32,-2.432871818038,-0.32));
#574 = LINE('',#575,#576);
#575 = CARTESIAN_POINT('',(-0.32,-2.432871818038,-0.32));
#576 = VECTOR('',#577,1.);
#577 = DIRECTION('',(-1.,0.,0.));
#578 = ORIENTED_EDGE('',*,*,#579,.F.);
#579 = EDGE_CURVE('',#580,#572,#582,.T.);
#580 = VERTEX_POINT('',#581);
#581 = CARTESIAN_POINT('',(-0.32,9.972871818038,-0.32));
#582 = LINE('',#583,#584);
#583 = CARTESIAN_POINT('',(-0.32,10.54,-0.32));
#584 = VECTOR('',#585,1.);
#585 = DIRECTION('',(-0.,-1.,-0.));
#586 = ORIENTED_EDGE('',*,*,#587,.T.);
#587 = EDGE_CURVE('',#580,#549,#588,.T.);
#588 = LINE('',#589,#590);
#589 = CARTESIAN_POINT('',(0.32,9.972871818038,-0.32));
#590 = VECTOR('',#591,1.);
#591 = DIRECTION('',(1.,0.,0.));
#592 = PLANE('',#593);
#593 = AXIS2_PLACEMENT_3D('',#594,#595,#596);
#594 = CARTESIAN_POINT('',(-0.32,10.54,-0.32));
#595 = DIRECTION('',(0.,0.,1.));
#596 = DIRECTION('',(1.,0.,-0.));
#597 = ADVANCED_FACE('',(#598),#614,.F.);
#598 = FACE_BOUND('',#599,.T.);
#599 = EDGE_LOOP('',(#600,#601,#607,#608));
#600 = ORIENTED_EDGE('',*,*,#579,.T.);
#601 = ORIENTED_EDGE('',*,*,#602,.T.);
#602 = EDGE_CURVE('',#572,#502,#603,.T.);
#603 = LINE('',#604,#605);
#604 = CARTESIAN_POINT('',(-0.32,-2.432871818038,0.32));
#605 = VECTOR('',#606,1.);
#606 = DIRECTION('',(0.,0.,1.));
#607 = ORIENTED_EDGE('',*,*,#499,.F.);
#608 = ORIENTED_EDGE('',*,*,#609,.T.);
#609 = EDGE_CURVE('',#500,#580,#610,.T.);
#610 = LINE('',#611,#612);
#611 = CARTESIAN_POINT('',(-0.32,9.972871818038,-0.32));
#612 = VECTOR('',#613,1.);
#613 = DIRECTION('',(0.,0.,-1.));
#614 = PLANE('',#615);
#615 = AXIS2_PLACEMENT_3D('',#616,#617,#618);
#616 = CARTESIAN_POINT('',(-0.32,10.54,0.32));
#617 = DIRECTION('',(1.,-0.,0.));
#618 = DIRECTION('',(0.,0.,-1.));
#619 = ADVANCED_FACE('',(#620),#654,.T.);
#620 = FACE_BOUND('',#621,.T.);
#621 = EDGE_LOOP('',(#622,#632,#640,#648));
#622 = ORIENTED_EDGE('',*,*,#623,.T.);
#623 = EDGE_CURVE('',#624,#626,#628,.T.);
#624 = VERTEX_POINT('',#625);
#625 = CARTESIAN_POINT('',(0.22,10.54,-0.22));
#626 = VERTEX_POINT('',#627);
#627 = CARTESIAN_POINT('',(-0.22,10.54,-0.22));
#628 = LINE('',#629,#630);
#629 = CARTESIAN_POINT('',(-0.32,10.54,-0.22));
#630 = VECTOR('',#631,1.);
#631 = DIRECTION('',(-1.,0.,0.));
#632 = ORIENTED_EDGE('',*,*,#633,.T.);
#633 = EDGE_CURVE('',#626,#634,#636,.T.);
#634 = VERTEX_POINT('',#635);
#635 = CARTESIAN_POINT('',(-0.22,10.54,0.22));
#636 = LINE('',#637,#638);
#637 = CARTESIAN_POINT('',(-0.22,10.54,0.32));
#638 = VECTOR('',#639,1.);
#639 = DIRECTION('',(0.,0.,1.));
#640 = ORIENTED_EDGE('',*,*,#641,.T.);
#641 = EDGE_CURVE('',#634,#642,#644,.T.);
#642 = VERTEX_POINT('',#643);
#643 = CARTESIAN_POINT('',(0.22,10.54,0.22));
#644 = LINE('',#645,#646);
#645 = CARTESIAN_POINT('',(0.32,10.54,0.22));
#646 = VECTOR('',#647,1.);
#647 = DIRECTION('',(1.,0.,0.));
#648 = ORIENTED_EDGE('',*,*,#649,.T.);
#649 = EDGE_CURVE('',#642,#624,#650,.T.);
#650 = LINE('',#651,#652);
#651 = CARTESIAN_POINT('',(0.22,10.54,-0.32));
#652 = VECTOR('',#653,1.);
#653 = DIRECTION('',(0.,0.,-1.));
#654 = PLANE('',#655);
#655 = AXIS2_PLACEMENT_3D('',#656,#657,#658);
#656 = CARTESIAN_POINT('',(0.,10.54,0.));
#657 = DIRECTION('',(-0.,1.,0.));
#658 = DIRECTION('',(0.,0.,1.));
#659 = ADVANCED_FACE('',(#660),#694,.F.);
#660 = FACE_BOUND('',#661,.T.);
#661 = EDGE_LOOP('',(#662,#672,#680,#688));
#662 = ORIENTED_EDGE('',*,*,#663,.T.);
#663 = EDGE_CURVE('',#664,#666,#668,.T.);
#664 = VERTEX_POINT('',#665);
#665 = CARTESIAN_POINT('',(-0.22,-3.,-0.22));
#666 = VERTEX_POINT('',#667);
#667 = CARTESIAN_POINT('',(0.22,-3.,-0.22));
#668 = LINE('',#669,#670);
#669 = CARTESIAN_POINT('',(-0.,-3.,-0.22));
#670 = VECTOR('',#671,1.);
#671 = DIRECTION('',(1.,0.,0.));
#672 = ORIENTED_EDGE('',*,*,#673,.T.);
#673 = EDGE_CURVE('',#666,#674,#676,.T.);
#674 = VERTEX_POINT('',#675);
#675 = CARTESIAN_POINT('',(0.22,-3.,0.22));
#676 = LINE('',#677,#678);
#677 = CARTESIAN_POINT('',(0.22,-3.,0.));
#678 = VECTOR('',#679,1.);
#679 = DIRECTION('',(0.,0.,1.));
#680 = ORIENTED_EDGE('',*,*,#681,.T.);
#681 = EDGE_CURVE('',#674,#682,#684,.T.);
#682 = VERTEX_POINT('',#683);
#683 = CARTESIAN_POINT('',(-0.22,-3.,0.22));
#684 = LINE('',#685,#686);
#685 = CARTESIAN_POINT('',(-0.,-3.,0.22));
#686 = VECTOR('',#687,1.);
#687 = DIRECTION('',(-1.,0.,0.));
#688 = ORIENTED_EDGE('',*,*,#689,.T.);
#689 = EDGE_CURVE('',#682,#664,#690,.T.);
#690 = LINE('',#691,#692);
#691 = CARTESIAN_POINT('',(-0.22,-3.,0.));
#692 = VECTOR('',#693,1.);
#693 = DIRECTION('',(0.,0.,-1.));
#694 = PLANE('',#695);
#695 = AXIS2_PLACEMENT_3D('',#696,#697,#698);
#696 = CARTESIAN_POINT('',(0.,-3.,0.));
#697 = DIRECTION('',(-0.,1.,0.));
#698 = DIRECTION('',(0.,0.,1.));
#699 = ADVANCED_FACE('',(#700),#716,.T.);
#700 = FACE_BOUND('',#701,.T.);
#701 = EDGE_LOOP('',(#702,#708,#709,#715));
#702 = ORIENTED_EDGE('',*,*,#703,.F.);
#703 = EDGE_CURVE('',#518,#642,#704,.T.);
#704 = LINE('',#705,#706);
#705 = CARTESIAN_POINT('',(0.213560366982,10.576520973662,0.213560366982
    ));
#706 = VECTOR('',#707,1.);
#707 = DIRECTION('',(-0.171087869746,0.970287525248,-0.171087869746));
#708 = ORIENTED_EDGE('',*,*,#556,.F.);
#709 = ORIENTED_EDGE('',*,*,#710,.F.);
#710 = EDGE_CURVE('',#624,#549,#711,.T.);
#711 = LINE('',#712,#713);
#712 = CARTESIAN_POINT('',(0.213560366982,10.576520973662,
    -0.213560366982));
#713 = VECTOR('',#714,1.);
#714 = DIRECTION('',(0.171087869746,-0.970287525248,-0.171087869746));
#715 = ORIENTED_EDGE('',*,*,#649,.F.);
#716 = PLANE('',#717);
#717 = AXIS2_PLACEMENT_3D('',#718,#719,#720);
#718 = CARTESIAN_POINT('',(0.22,10.54,0.));
#719 = DIRECTION('',(0.984807753012,0.173648177667,-0.));
#720 = DIRECTION('',(0.,0.,1.));
#721 = ADVANCED_FACE('',(#722),#733,.T.);
#722 = FACE_BOUND('',#723,.T.);
#723 = EDGE_LOOP('',(#724,#725,#726,#732));
#724 = ORIENTED_EDGE('',*,*,#710,.T.);
#725 = ORIENTED_EDGE('',*,*,#587,.F.);
#726 = ORIENTED_EDGE('',*,*,#727,.F.);
#727 = EDGE_CURVE('',#626,#580,#728,.T.);
#728 = LINE('',#729,#730);
#729 = CARTESIAN_POINT('',(-0.213560366982,10.576520973662,
    -0.213560366982));
#730 = VECTOR('',#731,1.);
#731 = DIRECTION('',(-0.171087869746,-0.970287525248,-0.171087869746));
#732 = ORIENTED_EDGE('',*,*,#623,.F.);
#733 = PLANE('',#734);
#734 = AXIS2_PLACEMENT_3D('',#735,#736,#737);
#735 = CARTESIAN_POINT('',(0.,10.54,-0.22));
#736 = DIRECTION('',(-0.,0.173648177667,-0.984807753012));
#737 = DIRECTION('',(1.,0.,-0.));
#738 = ADVANCED_FACE('',(#739),#750,.T.);
#739 = FACE_BOUND('',#740,.T.);
#740 = EDGE_LOOP('',(#741,#742,#743,#749));
#741 = ORIENTED_EDGE('',*,*,#703,.T.);
#742 = ORIENTED_EDGE('',*,*,#641,.F.);
#743 = ORIENTED_EDGE('',*,*,#744,.F.);
#744 = EDGE_CURVE('',#500,#634,#745,.T.);
#745 = LINE('',#746,#747);
#746 = CARTESIAN_POINT('',(-0.213560366982,10.576520973662,
    0.213560366982));
#747 = VECTOR('',#748,1.);
#748 = DIRECTION('',(0.171087869746,0.970287525248,-0.171087869746));
#749 = ORIENTED_EDGE('',*,*,#525,.F.);
#750 = PLANE('',#751);
#751 = AXIS2_PLACEMENT_3D('',#752,#753,#754);
#752 = CARTESIAN_POINT('',(0.,10.54,0.22));
#753 = DIRECTION('',(0.,0.173648177667,0.984807753012));
#754 = DIRECTION('',(-1.,0.,0.));
#755 = ADVANCED_FACE('',(#756),#762,.T.);
#756 = FACE_BOUND('',#757,.T.);
#757 = EDGE_LOOP('',(#758,#759,#760,#761));
#758 = ORIENTED_EDGE('',*,*,#727,.T.);
#759 = ORIENTED_EDGE('',*,*,#609,.F.);
#760 = ORIENTED_EDGE('',*,*,#744,.T.);
#761 = ORIENTED_EDGE('',*,*,#633,.F.);
#762 = PLANE('',#763);
#763 = AXIS2_PLACEMENT_3D('',#764,#765,#766);
#764 = CARTESIAN_POINT('',(-0.22,10.54,0.));
#765 = DIRECTION('',(-0.984807753012,0.173648177667,0.));
#766 = DIRECTION('',(0.,0.,-1.));
#767 = ADVANCED_FACE('',(#768),#784,.F.);
#768 = FACE_BOUND('',#769,.T.);
#769 = EDGE_LOOP('',(#770,#776,#777,#783));
#770 = ORIENTED_EDGE('',*,*,#771,.F.);
#771 = EDGE_CURVE('',#664,#572,#772,.T.);
#772 = LINE('',#773,#774);
#773 = CARTESIAN_POINT('',(-0.301266522128,-2.539114650509,
    -0.301266522128));
#774 = VECTOR('',#775,1.);
#775 = DIRECTION('',(-0.171087869746,0.970287525248,-0.171087869746));
#776 = ORIENTED_EDGE('',*,*,#689,.F.);
#777 = ORIENTED_EDGE('',*,*,#778,.F.);
#778 = EDGE_CURVE('',#502,#682,#779,.T.);
#779 = LINE('',#780,#781);
#780 = CARTESIAN_POINT('',(-0.32,-2.432871818038,0.32));
#781 = VECTOR('',#782,1.);
#782 = DIRECTION('',(0.171087869746,-0.970287525248,-0.171087869746));
#783 = ORIENTED_EDGE('',*,*,#602,.F.);
#784 = PLANE('',#785);
#785 = AXIS2_PLACEMENT_3D('',#786,#787,#788);
#786 = CARTESIAN_POINT('',(-0.32,-2.432871818038,0.32));
#787 = DIRECTION('',(0.984807753012,0.173648177667,-0.));
#788 = DIRECTION('',(0.,0.,1.));
#789 = ADVANCED_FACE('',(#790),#801,.F.);
#790 = FACE_BOUND('',#791,.T.);
#791 = EDGE_LOOP('',(#792,#793,#794,#800));
#792 = ORIENTED_EDGE('',*,*,#778,.T.);
#793 = ORIENTED_EDGE('',*,*,#681,.F.);
#794 = ORIENTED_EDGE('',*,*,#795,.F.);
#795 = EDGE_CURVE('',#510,#674,#796,.T.);
#796 = LINE('',#797,#798);
#797 = CARTESIAN_POINT('',(0.301266522128,-2.539114650509,0.301266522128
    ));
#798 = VECTOR('',#799,1.);
#799 = DIRECTION('',(-0.171087869746,-0.970287525248,-0.171087869746));
#800 = ORIENTED_EDGE('',*,*,#509,.F.);
#801 = PLANE('',#802);
#802 = AXIS2_PLACEMENT_3D('',#803,#804,#805);
#803 = CARTESIAN_POINT('',(-0.32,-2.432871818038,0.32));
#804 = DIRECTION('',(0.,0.173648177667,-0.984807753012));
#805 = DIRECTION('',(1.,0.,0.));
#806 = ADVANCED_FACE('',(#807),#818,.F.);
#807 = FACE_BOUND('',#808,.T.);
#808 = EDGE_LOOP('',(#809,#810,#811,#817));
#809 = ORIENTED_EDGE('',*,*,#771,.T.);
#810 = ORIENTED_EDGE('',*,*,#571,.F.);
#811 = ORIENTED_EDGE('',*,*,#812,.F.);
#812 = EDGE_CURVE('',#666,#541,#813,.T.);
#813 = LINE('',#814,#815);
#814 = CARTESIAN_POINT('',(0.301266522128,-2.539114650509,
    -0.301266522128));
#815 = VECTOR('',#816,1.);
#816 = DIRECTION('',(0.171087869746,0.970287525248,-0.171087869746));
#817 = ORIENTED_EDGE('',*,*,#663,.F.);
#818 = PLANE('',#819);
#819 = AXIS2_PLACEMENT_3D('',#820,#821,#822);
#820 = CARTESIAN_POINT('',(-0.32,-2.432871818038,-0.32));
#821 = DIRECTION('',(0.,0.173648177667,0.984807753012));
#822 = DIRECTION('',(-1.,0.,0.));
#823 = ADVANCED_FACE('',(#824),#830,.F.);
#824 = FACE_BOUND('',#825,.T.);
#825 = EDGE_LOOP('',(#826,#827,#828,#829));
#826 = ORIENTED_EDGE('',*,*,#795,.T.);
#827 = ORIENTED_EDGE('',*,*,#673,.F.);
#828 = ORIENTED_EDGE('',*,*,#812,.T.);
#829 = ORIENTED_EDGE('',*,*,#540,.F.);
#830 = PLANE('',#831);
#831 = AXIS2_PLACEMENT_3D('',#832,#833,#834);
#832 = CARTESIAN_POINT('',(0.32,-2.432871818038,0.32));
#833 = DIRECTION('',(-0.984807753012,0.173648177667,0.));
#834 = DIRECTION('',(0.,0.,-1.));
#835 = MANIFOLD_SOLID_BREP('',#836);
#836 = CLOSED_SHELL('',(#837,#877,#908,#939,#961,#1001,#1041,#1063,#1080
    ,#1097,#1109,#1131,#1148,#1165));
#837 = ADVANCED_FACE('',(#838),#872,.F.);
#838 = FACE_BOUND('',#839,.T.);
#839 = EDGE_LOOP('',(#840,#850,#858,#866));
#840 = ORIENTED_EDGE('',*,*,#841,.T.);
#841 = EDGE_CURVE('',#842,#844,#846,.T.);
#842 = VERTEX_POINT('',#843);
#843 = CARTESIAN_POINT('',(2.22,9.972871818038,0.32));
#844 = VERTEX_POINT('',#845);
#845 = CARTESIAN_POINT('',(2.22,-2.432871818038,0.32));
#846 = LINE('',#847,#848);
#847 = CARTESIAN_POINT('',(2.22,10.54,0.32));
#848 = VECTOR('',#849,1.);
#849 = DIRECTION('',(-0.,-1.,-0.));
#850 = ORIENTED_EDGE('',*,*,#851,.T.);
#851 = EDGE_CURVE('',#844,#852,#854,.T.);
#852 = VERTEX_POINT('',#853);
#853 = CARTESIAN_POINT('',(2.86,-2.432871818038,0.32));
#854 = LINE('',#855,#856);
#855 = CARTESIAN_POINT('',(2.22,-2.432871818038,0.32));
#856 = VECTOR('',#857,1.);
#857 = DIRECTION('',(1.,0.,0.));
#858 = ORIENTED_EDGE('',*,*,#859,.F.);
#859 = EDGE_CURVE('',#860,#852,#862,.T.);
#860 = VERTEX_POINT('',#861);
#861 = CARTESIAN_POINT('',(2.86,9.972871818038,0.32));
#862 = LINE('',#863,#864);
#863 = CARTESIAN_POINT('',(2.86,10.54,0.32));
#864 = VECTOR('',#865,1.);
#865 = DIRECTION('',(-0.,-1.,-0.));
#866 = ORIENTED_EDGE('',*,*,#867,.T.);
#867 = EDGE_CURVE('',#860,#842,#868,.T.);
#868 = LINE('',#869,#870);
#869 = CARTESIAN_POINT('',(2.22,9.972871818038,0.32));
#870 = VECTOR('',#871,1.);
#871 = DIRECTION('',(-1.,0.,0.));
#872 = PLANE('',#873);
#873 = AXIS2_PLACEMENT_3D('',#874,#875,#876);
#874 = CARTESIAN_POINT('',(2.22,10.54,0.32));
#875 = DIRECTION('',(0.,0.,-1.));
#876 = DIRECTION('',(-1.,0.,-0.));
#877 = ADVANCED_FACE('',(#878),#903,.F.);
#878 = FACE_BOUND('',#879,.T.);
#879 = EDGE_LOOP('',(#880,#881,#889,#897));
#880 = ORIENTED_EDGE('',*,*,#859,.T.);
#881 = ORIENTED_EDGE('',*,*,#882,.T.);
#882 = EDGE_CURVE('',#852,#883,#885,.T.);
#883 = VERTEX_POINT('',#884);
#884 = CARTESIAN_POINT('',(2.86,-2.432871818038,-0.32));
#885 = LINE('',#886,#887);
#886 = CARTESIAN_POINT('',(2.86,-2.432871818038,0.32));
#887 = VECTOR('',#888,1.);
#888 = DIRECTION('',(0.,0.,-1.));
#889 = ORIENTED_EDGE('',*,*,#890,.F.);
#890 = EDGE_CURVE('',#891,#883,#893,.T.);
#891 = VERTEX_POINT('',#892);
#892 = CARTESIAN_POINT('',(2.86,9.972871818038,-0.32));
#893 = LINE('',#894,#895);
#894 = CARTESIAN_POINT('',(2.86,10.54,-0.32));
#895 = VECTOR('',#896,1.);
#896 = DIRECTION('',(-0.,-1.,-0.));
#897 = ORIENTED_EDGE('',*,*,#898,.T.);
#898 = EDGE_CURVE('',#891,#860,#899,.T.);
#899 = LINE('',#900,#901);
#900 = CARTESIAN_POINT('',(2.86,9.972871818038,0.32));
#901 = VECTOR('',#902,1.);
#902 = DIRECTION('',(0.,-0.,1.));
#903 = PLANE('',#904);
#904 = AXIS2_PLACEMENT_3D('',#905,#906,#907);
#905 = CARTESIAN_POINT('',(2.86,10.54,0.32));
#906 = DIRECTION('',(-1.,0.,0.));
#907 = DIRECTION('',(0.,0.,1.));
#908 = ADVANCED_FACE('',(#909),#934,.F.);
#909 = FACE_BOUND('',#910,.T.);
#910 = EDGE_LOOP('',(#911,#912,#920,#928));
#911 = ORIENTED_EDGE('',*,*,#890,.T.);
#912 = ORIENTED_EDGE('',*,*,#913,.T.);
#913 = EDGE_CURVE('',#883,#914,#916,.T.);
#914 = VERTEX_POINT('',#915);
#915 = CARTESIAN_POINT('',(2.22,-2.432871818038,-0.32));
#916 = LINE('',#917,#918);
#917 = CARTESIAN_POINT('',(2.22,-2.432871818038,-0.32));
#918 = VECTOR('',#919,1.);
#919 = DIRECTION('',(-1.,0.,0.));
#920 = ORIENTED_EDGE('',*,*,#921,.F.);
#921 = EDGE_CURVE('',#922,#914,#924,.T.);
#922 = VERTEX_POINT('',#923);
#923 = CARTESIAN_POINT('',(2.22,9.972871818038,-0.32));
#924 = LINE('',#925,#926);
#925 = CARTESIAN_POINT('',(2.22,10.54,-0.32));
#926 = VECTOR('',#927,1.);
#927 = DIRECTION('',(-0.,-1.,-0.));
#928 = ORIENTED_EDGE('',*,*,#929,.T.);
#929 = EDGE_CURVE('',#922,#891,#930,.T.);
#930 = LINE('',#931,#932);
#931 = CARTESIAN_POINT('',(2.86,9.972871818038,-0.32));
#932 = VECTOR('',#933,1.);
#933 = DIRECTION('',(1.,0.,0.));
#934 = PLANE('',#935);
#935 = AXIS2_PLACEMENT_3D('',#936,#937,#938);
#936 = CARTESIAN_POINT('',(2.22,10.54,-0.32));
#937 = DIRECTION('',(0.,0.,1.));
#938 = DIRECTION('',(1.,0.,-0.));
#939 = ADVANCED_FACE('',(#940),#956,.F.);
#940 = FACE_BOUND('',#941,.T.);
#941 = EDGE_LOOP('',(#942,#943,#949,#950));
#942 = ORIENTED_EDGE('',*,*,#921,.T.);
#943 = ORIENTED_EDGE('',*,*,#944,.T.);
#944 = EDGE_CURVE('',#914,#844,#945,.T.);
#945 = LINE('',#946,#947);
#946 = CARTESIAN_POINT('',(2.22,-2.432871818038,0.32));
#947 = VECTOR('',#948,1.);
#948 = DIRECTION('',(0.,0.,1.));
#949 = ORIENTED_EDGE('',*,*,#841,.F.);
#950 = ORIENTED_EDGE('',*,*,#951,.T.);
#951 = EDGE_CURVE('',#842,#922,#952,.T.);
#952 = LINE('',#953,#954);
#953 = CARTESIAN_POINT('',(2.22,9.972871818038,-0.32));
#954 = VECTOR('',#955,1.);
#955 = DIRECTION('',(0.,0.,-1.));
#956 = PLANE('',#957);
#957 = AXIS2_PLACEMENT_3D('',#958,#959,#960);
#958 = CARTESIAN_POINT('',(2.22,10.54,0.32));
#959 = DIRECTION('',(1.,-0.,0.));
#960 = DIRECTION('',(0.,0.,-1.));
#961 = ADVANCED_FACE('',(#962),#996,.T.);
#962 = FACE_BOUND('',#963,.T.);
#963 = EDGE_LOOP('',(#964,#974,#982,#990));
#964 = ORIENTED_EDGE('',*,*,#965,.T.);
#965 = EDGE_CURVE('',#966,#968,#970,.T.);
#966 = VERTEX_POINT('',#967);
#967 = CARTESIAN_POINT('',(2.76,10.54,-0.22));
#968 = VERTEX_POINT('',#969);
#969 = CARTESIAN_POINT('',(2.32,10.54,-0.22));
#970 = LINE('',#971,#972);
#971 = CARTESIAN_POINT('',(2.22,10.54,-0.22));
#972 = VECTOR('',#973,1.);
#973 = DIRECTION('',(-1.,0.,0.));
#974 = ORIENTED_EDGE('',*,*,#975,.T.);
#975 = EDGE_CURVE('',#968,#976,#978,.T.);
#976 = VERTEX_POINT('',#977);
#977 = CARTESIAN_POINT('',(2.32,10.54,0.22));
#978 = LINE('',#979,#980);
#979 = CARTESIAN_POINT('',(2.32,10.54,0.32));
#980 = VECTOR('',#981,1.);
#981 = DIRECTION('',(0.,0.,1.));
#982 = ORIENTED_EDGE('',*,*,#983,.T.);
#983 = EDGE_CURVE('',#976,#984,#986,.T.);
#984 = VERTEX_POINT('',#985);
#985 = CARTESIAN_POINT('',(2.76,10.54,0.22));
#986 = LINE('',#987,#988);
#987 = CARTESIAN_POINT('',(2.86,10.54,0.22));
#988 = VECTOR('',#989,1.);
#989 = DIRECTION('',(1.,0.,0.));
#990 = ORIENTED_EDGE('',*,*,#991,.T.);
#991 = EDGE_CURVE('',#984,#966,#992,.T.);
#992 = LINE('',#993,#994);
#993 = CARTESIAN_POINT('',(2.76,10.54,-0.32));
#994 = VECTOR('',#995,1.);
#995 = DIRECTION('',(0.,0.,-1.));
#996 = PLANE('',#997);
#997 = AXIS2_PLACEMENT_3D('',#998,#999,#1000);
#998 = CARTESIAN_POINT('',(2.54,10.54,0.));
#999 = DIRECTION('',(-0.,1.,0.));
#1000 = DIRECTION('',(0.,0.,1.));
#1001 = ADVANCED_FACE('',(#1002),#1036,.F.);
#1002 = FACE_BOUND('',#1003,.T.);
#1003 = EDGE_LOOP('',(#1004,#1014,#1022,#1030));
#1004 = ORIENTED_EDGE('',*,*,#1005,.T.);
#1005 = EDGE_CURVE('',#1006,#1008,#1010,.T.);
#1006 = VERTEX_POINT('',#1007);
#1007 = CARTESIAN_POINT('',(2.32,-3.,-0.22));
#1008 = VERTEX_POINT('',#1009);
#1009 = CARTESIAN_POINT('',(2.76,-3.,-0.22));
#1010 = LINE('',#1011,#1012);
#1011 = CARTESIAN_POINT('',(2.54,-3.,-0.22));
#1012 = VECTOR('',#1013,1.);
#1013 = DIRECTION('',(1.,0.,0.));
#1014 = ORIENTED_EDGE('',*,*,#1015,.T.);
#1015 = EDGE_CURVE('',#1008,#1016,#1018,.T.);
#1016 = VERTEX_POINT('',#1017);
#1017 = CARTESIAN_POINT('',(2.76,-3.,0.22));
#1018 = LINE('',#1019,#1020);
#1019 = CARTESIAN_POINT('',(2.76,-3.,0.));
#1020 = VECTOR('',#1021,1.);
#1021 = DIRECTION('',(0.,0.,1.));
#1022 = ORIENTED_EDGE('',*,*,#1023,.T.);
#1023 = EDGE_CURVE('',#1016,#1024,#1026,.T.);
#1024 = VERTEX_POINT('',#1025);
#1025 = CARTESIAN_POINT('',(2.32,-3.,0.22));
#1026 = LINE('',#1027,#1028);
#1027 = CARTESIAN_POINT('',(2.54,-3.,0.22));
#1028 = VECTOR('',#1029,1.);
#1029 = DIRECTION('',(-1.,0.,0.));
#1030 = ORIENTED_EDGE('',*,*,#1031,.T.);
#1031 = EDGE_CURVE('',#1024,#1006,#1032,.T.);
#1032 = LINE('',#1033,#1034);
#1033 = CARTESIAN_POINT('',(2.32,-3.,0.));
#1034 = VECTOR('',#1035,1.);
#1035 = DIRECTION('',(0.,0.,-1.));
#1036 = PLANE('',#1037);
#1037 = AXIS2_PLACEMENT_3D('',#1038,#1039,#1040);
#1038 = CARTESIAN_POINT('',(2.54,-3.,0.));
#1039 = DIRECTION('',(-0.,1.,0.));
#1040 = DIRECTION('',(0.,0.,1.));
#1041 = ADVANCED_FACE('',(#1042),#1058,.T.);
#1042 = FACE_BOUND('',#1043,.T.);
#1043 = EDGE_LOOP('',(#1044,#1050,#1051,#1057));
#1044 = ORIENTED_EDGE('',*,*,#1045,.F.);
#1045 = EDGE_CURVE('',#860,#984,#1046,.T.);
#1046 = LINE('',#1047,#1048);
#1047 = CARTESIAN_POINT('',(2.753560366982,10.576520973662,
    0.213560366982));
#1048 = VECTOR('',#1049,1.);
#1049 = DIRECTION('',(-0.171087869746,0.970287525248,-0.171087869746));
#1050 = ORIENTED_EDGE('',*,*,#898,.F.);
#1051 = ORIENTED_EDGE('',*,*,#1052,.F.);
#1052 = EDGE_CURVE('',#966,#891,#1053,.T.);
#1053 = LINE('',#1054,#1055);
#1054 = CARTESIAN_POINT('',(2.753560366982,10.576520973662,
    -0.213560366982));
#1055 = VECTOR('',#1056,1.);
#1056 = DIRECTION('',(0.171087869746,-0.970287525248,-0.171087869746));
#1057 = ORIENTED_EDGE('',*,*,#991,.F.);
#1058 = PLANE('',#1059);
#1059 = AXIS2_PLACEMENT_3D('',#1060,#1061,#1062);
#1060 = CARTESIAN_POINT('',(2.76,10.54,0.));
#1061 = DIRECTION('',(0.984807753012,0.173648177667,-0.));
#1062 = DIRECTION('',(0.,0.,1.));
#1063 = ADVANCED_FACE('',(#1064),#1075,.T.);
#1064 = FACE_BOUND('',#1065,.T.);
#1065 = EDGE_LOOP('',(#1066,#1067,#1068,#1074));
#1066 = ORIENTED_EDGE('',*,*,#1052,.T.);
#1067 = ORIENTED_EDGE('',*,*,#929,.F.);
#1068 = ORIENTED_EDGE('',*,*,#1069,.F.);
#1069 = EDGE_CURVE('',#968,#922,#1070,.T.);
#1070 = LINE('',#1071,#1072);
#1071 = CARTESIAN_POINT('',(2.326439633018,10.576520973662,
    -0.213560366982));
#1072 = VECTOR('',#1073,1.);
#1073 = DIRECTION('',(-0.171087869746,-0.970287525248,-0.171087869746));
#1074 = ORIENTED_EDGE('',*,*,#965,.F.);
#1075 = PLANE('',#1076);
#1076 = AXIS2_PLACEMENT_3D('',#1077,#1078,#1079);
#1077 = CARTESIAN_POINT('',(2.54,10.54,-0.22));
#1078 = DIRECTION('',(-0.,0.173648177667,-0.984807753012));
#1079 = DIRECTION('',(1.,0.,-0.));
#1080 = ADVANCED_FACE('',(#1081),#1092,.T.);
#1081 = FACE_BOUND('',#1082,.T.);
#1082 = EDGE_LOOP('',(#1083,#1084,#1085,#1091));
#1083 = ORIENTED_EDGE('',*,*,#1045,.T.);
#1084 = ORIENTED_EDGE('',*,*,#983,.F.);
#1085 = ORIENTED_EDGE('',*,*,#1086,.F.);
#1086 = EDGE_CURVE('',#842,#976,#1087,.T.);
#1087 = LINE('',#1088,#1089);
#1088 = CARTESIAN_POINT('',(2.326439633018,10.576520973662,
    0.213560366982));
#1089 = VECTOR('',#1090,1.);
#1090 = DIRECTION('',(0.171087869746,0.970287525248,-0.171087869746));
#1091 = ORIENTED_EDGE('',*,*,#867,.F.);
#1092 = PLANE('',#1093);
#1093 = AXIS2_PLACEMENT_3D('',#1094,#1095,#1096);
#1094 = CARTESIAN_POINT('',(2.54,10.54,0.22));
#1095 = DIRECTION('',(0.,0.173648177667,0.984807753012));
#1096 = DIRECTION('',(-1.,0.,0.));
#1097 = ADVANCED_FACE('',(#1098),#1104,.T.);
#1098 = FACE_BOUND('',#1099,.T.);
#1099 = EDGE_LOOP('',(#1100,#1101,#1102,#1103));
#1100 = ORIENTED_EDGE('',*,*,#1069,.T.);
#1101 = ORIENTED_EDGE('',*,*,#951,.F.);
#1102 = ORIENTED_EDGE('',*,*,#1086,.T.);
#1103 = ORIENTED_EDGE('',*,*,#975,.F.);
#1104 = PLANE('',#1105);
#1105 = AXIS2_PLACEMENT_3D('',#1106,#1107,#1108);
#1106 = CARTESIAN_POINT('',(2.32,10.54,0.));
#1107 = DIRECTION('',(-0.984807753012,0.173648177667,0.));
#1108 = DIRECTION('',(0.,0.,-1.));
#1109 = ADVANCED_FACE('',(#1110),#1126,.F.);
#1110 = FACE_BOUND('',#1111,.T.);
#1111 = EDGE_LOOP('',(#1112,#1118,#1119,#1125));
#1112 = ORIENTED_EDGE('',*,*,#1113,.F.);
#1113 = EDGE_CURVE('',#1006,#914,#1114,.T.);
#1114 = LINE('',#1115,#1116);
#1115 = CARTESIAN_POINT('',(2.238733477872,-2.539114650509,
    -0.301266522128));
#1116 = VECTOR('',#1117,1.);
#1117 = DIRECTION('',(-0.171087869746,0.970287525248,-0.171087869746));
#1118 = ORIENTED_EDGE('',*,*,#1031,.F.);
#1119 = ORIENTED_EDGE('',*,*,#1120,.F.);
#1120 = EDGE_CURVE('',#844,#1024,#1121,.T.);
#1121 = LINE('',#1122,#1123);
#1122 = CARTESIAN_POINT('',(2.22,-2.432871818038,0.32));
#1123 = VECTOR('',#1124,1.);
#1124 = DIRECTION('',(0.171087869746,-0.970287525248,-0.171087869746));
#1125 = ORIENTED_EDGE('',*,*,#944,.F.);
#1126 = PLANE('',#1127);
#1127 = AXIS2_PLACEMENT_3D('',#1128,#1129,#1130);
#1128 = CARTESIAN_POINT('',(2.22,-2.432871818038,0.32));
#1129 = DIRECTION('',(0.984807753012,0.173648177667,-0.));
#1130 = DIRECTION('',(0.,0.,1.));
#1131 = ADVANCED_FACE('',(#1132),#1143,.F.);
#1132 = FACE_BOUND('',#1133,.T.);
#1133 = EDGE_LOOP('',(#1134,#1135,#1136,#1142));
#1134 = ORIENTED_EDGE('',*,*,#1120,.T.);
#1135 = ORIENTED_EDGE('',*,*,#1023,.F.);
#1136 = ORIENTED_EDGE('',*,*,#1137,.F.);
#1137 = EDGE_CURVE('',#852,#1016,#1138,.T.);
#1138 = LINE('',#1139,#1140);
#1139 = CARTESIAN_POINT('',(2.841266522128,-2.539114650509,
    0.301266522128));
#1140 = VECTOR('',#1141,1.);
#1141 = DIRECTION('',(-0.171087869746,-0.970287525248,-0.171087869746));
#1142 = ORIENTED_EDGE('',*,*,#851,.F.);
#1143 = PLANE('',#1144);
#1144 = AXIS2_PLACEMENT_3D('',#1145,#1146,#1147);
#1145 = CARTESIAN_POINT('',(2.22,-2.432871818038,0.32));
#1146 = DIRECTION('',(0.,0.173648177667,-0.984807753012));
#1147 = DIRECTION('',(1.,0.,0.));
#1148 = ADVANCED_FACE('',(#1149),#1160,.F.);
#1149 = FACE_BOUND('',#1150,.T.);
#1150 = EDGE_LOOP('',(#1151,#1152,#1153,#1159));
#1151 = ORIENTED_EDGE('',*,*,#1113,.T.);
#1152 = ORIENTED_EDGE('',*,*,#913,.F.);
#1153 = ORIENTED_EDGE('',*,*,#1154,.F.);
#1154 = EDGE_CURVE('',#1008,#883,#1155,.T.);
#1155 = LINE('',#1156,#1157);
#1156 = CARTESIAN_POINT('',(2.841266522128,-2.539114650509,
    -0.301266522128));
#1157 = VECTOR('',#1158,1.);
#1158 = DIRECTION('',(0.171087869746,0.970287525248,-0.171087869746));
#1159 = ORIENTED_EDGE('',*,*,#1005,.F.);
#1160 = PLANE('',#1161);
#1161 = AXIS2_PLACEMENT_3D('',#1162,#1163,#1164);
#1162 = CARTESIAN_POINT('',(2.22,-2.432871818038,-0.32));
#1163 = DIRECTION('',(0.,0.173648177667,0.984807753012));
#1164 = DIRECTION('',(-1.,0.,0.));
#1165 = ADVANCED_FACE('',(#1166),#1172,.F.);
#1166 = FACE_BOUND('',#1167,.T.);
#1167 = EDGE_LOOP('',(#1168,#1169,#1170,#1171));
#1168 = ORIENTED_EDGE('',*,*,#1137,.T.);
#1169 = ORIENTED_EDGE('',*,*,#1015,.F.);
#1170 = ORIENTED_EDGE('',*,*,#1154,.T.);
#1171 = ORIENTED_EDGE('',*,*,#882,.F.);
#1172 = PLANE('',#1173);
#1173 = AXIS2_PLACEMENT_3D('',#1174,#1175,#1176);
#1174 = CARTESIAN_POINT('',(2.86,-2.432871818038,0.32));
#1175 = DIRECTION('',(-0.984807753012,0.173648177667,0.));
#1176 = DIRECTION('',(0.,0.,-1.));
#1177 = MANIFOLD_SOLID_BREP('',#1178);
#1178 = CLOSED_SHELL('',(#1179,#1227,#1258,#1306,#1337,#1391,#1438,#1550
    ,#1656,#1759,#1797,#1826,#1843,#1868,#1898,#1915,#1934,#1965,#1989,
    #2013,#2030,#2061,#2084,#2096,#2113,#2125,#2137,#2149,#2189,#2217,
    #2280,#2304,#2410,#2433,#2450,#2483,#2521,#2550,#2567,#2585,#2616,
    #2640,#2664,#2681,#2699,#2711,#2723,#2754,#2771,#2794,#2806,#2818,
    #2848,#2872,#2889,#2901));
#1179 = ADVANCED_FACE('',(#1180),#1222,.F.);
#1180 = FACE_BOUND('',#1181,.T.);
#1181 = EDGE_LOOP('',(#1182,#1192,#1200,#1208,#1216));
#1182 = ORIENTED_EDGE('',*,*,#1183,.F.);
#1183 = EDGE_CURVE('',#1184,#1186,#1188,.T.);
#1184 = VERTEX_POINT('',#1185);
#1185 = CARTESIAN_POINT('',(1.275,0.735,0.83));
#1186 = VERTEX_POINT('',#1187);
#1187 = CARTESIAN_POINT('',(1.27,0.74,0.83));
#1188 = LINE('',#1189,#1190);
#1189 = CARTESIAN_POINT('',(1.2725,0.7375,0.83));
#1190 = VECTOR('',#1191,1.);
#1191 = DIRECTION('',(-0.707106781187,0.707106781187,1.803874607863E-16)
  );
#1192 = ORIENTED_EDGE('',*,*,#1193,.F.);
#1193 = EDGE_CURVE('',#1194,#1184,#1196,.T.);
#1194 = VERTEX_POINT('',#1195);
#1195 = CARTESIAN_POINT('',(1.275,0.,0.83));
#1196 = LINE('',#1197,#1198);
#1197 = CARTESIAN_POINT('',(1.275,0.74,0.83));
#1198 = VECTOR('',#1199,1.);
#1199 = DIRECTION('',(-0.,1.,-0.));
#1200 = ORIENTED_EDGE('',*,*,#1201,.T.);
#1201 = EDGE_CURVE('',#1194,#1202,#1204,.T.);
#1202 = VERTEX_POINT('',#1203);
#1203 = CARTESIAN_POINT('',(1.265,0.,0.83));
#1204 = LINE('',#1205,#1206);
#1205 = CARTESIAN_POINT('',(1.275,0.,0.83));
#1206 = VECTOR('',#1207,1.);
#1207 = DIRECTION('',(-1.,-0.,2.55106393526E-16));
#1208 = ORIENTED_EDGE('',*,*,#1209,.T.);
#1209 = EDGE_CURVE('',#1202,#1210,#1212,.T.);
#1210 = VERTEX_POINT('',#1211);
#1211 = CARTESIAN_POINT('',(1.265,0.735,0.83));
#1212 = LINE('',#1213,#1214);
#1213 = CARTESIAN_POINT('',(1.265,0.74,0.83));
#1214 = VECTOR('',#1215,1.);
#1215 = DIRECTION('',(-0.,1.,-0.));
#1216 = ORIENTED_EDGE('',*,*,#1217,.T.);
#1217 = EDGE_CURVE('',#1210,#1186,#1218,.T.);
#1218 = LINE('',#1219,#1220);
#1219 = CARTESIAN_POINT('',(1.07,0.54,0.83));
#1220 = VECTOR('',#1221,1.);
#1221 = DIRECTION('',(0.707106781187,0.707106781187,-1.803874607863E-16)
  );
#1222 = PLANE('',#1223);
#1223 = AXIS2_PLACEMENT_3D('',#1224,#1225,#1226);
#1224 = CARTESIAN_POINT('',(1.275,0.74,0.83));
#1225 = DIRECTION('',(2.55106393526E-16,0.,1.));
#1226 = DIRECTION('',(1.,0.,-2.55106393526E-16));
#1227 = ADVANCED_FACE('',(#1228),#1253,.F.);
#1228 = FACE_BOUND('',#1229,.T.);
#1229 = EDGE_LOOP('',(#1230,#1238,#1246,#1252));
#1230 = ORIENTED_EDGE('',*,*,#1231,.F.);
#1231 = EDGE_CURVE('',#1232,#1184,#1234,.T.);
#1232 = VERTEX_POINT('',#1233);
#1233 = CARTESIAN_POINT('',(1.275,0.735,0.85));
#1234 = LINE('',#1235,#1236);
#1235 = CARTESIAN_POINT('',(1.275,0.735,-1.27553196763E-18));
#1236 = VECTOR('',#1237,1.);
#1237 = DIRECTION('',(0.,0.,-1.));
#1238 = ORIENTED_EDGE('',*,*,#1239,.T.);
#1239 = EDGE_CURVE('',#1232,#1240,#1242,.T.);
#1240 = VERTEX_POINT('',#1241);
#1241 = CARTESIAN_POINT('',(1.275,0.,0.85));
#1242 = LINE('',#1243,#1244);
#1243 = CARTESIAN_POINT('',(1.275,0.74,0.85));
#1244 = VECTOR('',#1245,1.);
#1245 = DIRECTION('',(0.,-1.,0.));
#1246 = ORIENTED_EDGE('',*,*,#1247,.T.);
#1247 = EDGE_CURVE('',#1240,#1194,#1248,.T.);
#1248 = LINE('',#1249,#1250);
#1249 = CARTESIAN_POINT('',(1.275,0.,0.85));
#1250 = VECTOR('',#1251,1.);
#1251 = DIRECTION('',(0.,0.,-1.));
#1252 = ORIENTED_EDGE('',*,*,#1193,.T.);
#1253 = PLANE('',#1254);
#1254 = AXIS2_PLACEMENT_3D('',#1255,#1256,#1257);
#1255 = CARTESIAN_POINT('',(1.275,0.,-1.27553196763E-18));
#1256 = DIRECTION('',(-1.,0.,-0.));
#1257 = DIRECTION('',(0.,0.,1.));
#1258 = ADVANCED_FACE('',(#1259),#1301,.F.);
#1259 = FACE_BOUND('',#1260,.T.);
#1260 = EDGE_LOOP('',(#1261,#1271,#1279,#1287,#1295));
#1261 = ORIENTED_EDGE('',*,*,#1262,.F.);
#1262 = EDGE_CURVE('',#1263,#1265,#1267,.T.);
#1263 = VERTEX_POINT('',#1264);
#1264 = CARTESIAN_POINT('',(1.27,0.74,-0.83));
#1265 = VERTEX_POINT('',#1266);
#1266 = CARTESIAN_POINT('',(1.275,0.735,-0.83));
#1267 = LINE('',#1268,#1269);
#1268 = CARTESIAN_POINT('',(1.6425,0.3675,-0.83));
#1269 = VECTOR('',#1270,1.);
#1270 = DIRECTION('',(0.707106781187,-0.707106781187,-1.803874607863E-16
    ));
#1271 = ORIENTED_EDGE('',*,*,#1272,.T.);
#1272 = EDGE_CURVE('',#1263,#1273,#1275,.T.);
#1273 = VERTEX_POINT('',#1274);
#1274 = CARTESIAN_POINT('',(1.265,0.735,-0.83));
#1275 = LINE('',#1276,#1277);
#1276 = CARTESIAN_POINT('',(1.07,0.54,-0.83));
#1277 = VECTOR('',#1278,1.);
#1278 = DIRECTION('',(-0.707106781187,-0.707106781187,1.803874607863E-16
    ));
#1279 = ORIENTED_EDGE('',*,*,#1280,.T.);
#1280 = EDGE_CURVE('',#1273,#1281,#1283,.T.);
#1281 = VERTEX_POINT('',#1282);
#1282 = CARTESIAN_POINT('',(1.265,0.,-0.83));
#1283 = LINE('',#1284,#1285);
#1284 = CARTESIAN_POINT('',(1.265,0.,-0.83));
#1285 = VECTOR('',#1286,1.);
#1286 = DIRECTION('',(-0.,-1.,-0.));
#1287 = ORIENTED_EDGE('',*,*,#1288,.F.);
#1288 = EDGE_CURVE('',#1289,#1281,#1291,.T.);
#1289 = VERTEX_POINT('',#1290);
#1290 = CARTESIAN_POINT('',(1.275,0.,-0.83));
#1291 = LINE('',#1292,#1293);
#1292 = CARTESIAN_POINT('',(1.275,0.,-0.83));
#1293 = VECTOR('',#1294,1.);
#1294 = DIRECTION('',(-1.,-0.,2.55106393526E-16));
#1295 = ORIENTED_EDGE('',*,*,#1296,.F.);
#1296 = EDGE_CURVE('',#1265,#1289,#1297,.T.);
#1297 = LINE('',#1298,#1299);
#1298 = CARTESIAN_POINT('',(1.275,0.,-0.83));
#1299 = VECTOR('',#1300,1.);
#1300 = DIRECTION('',(-0.,-1.,-0.));
#1301 = PLANE('',#1302);
#1302 = AXIS2_PLACEMENT_3D('',#1303,#1304,#1305);
#1303 = CARTESIAN_POINT('',(1.275,0.,-0.83));
#1304 = DIRECTION('',(-2.55106393526E-16,0.,-1.));
#1305 = DIRECTION('',(-1.,0.,2.55106393526E-16));
#1306 = ADVANCED_FACE('',(#1307),#1332,.T.);
#1307 = FACE_BOUND('',#1308,.T.);
#1308 = EDGE_LOOP('',(#1309,#1319,#1325,#1326));
#1309 = ORIENTED_EDGE('',*,*,#1310,.T.);
#1310 = EDGE_CURVE('',#1311,#1313,#1315,.T.);
#1311 = VERTEX_POINT('',#1312);
#1312 = CARTESIAN_POINT('',(1.275,0.,-0.85));
#1313 = VERTEX_POINT('',#1314);
#1314 = CARTESIAN_POINT('',(1.275,0.735,-0.85));
#1315 = LINE('',#1316,#1317);
#1316 = CARTESIAN_POINT('',(1.275,0.,-0.85));
#1317 = VECTOR('',#1318,1.);
#1318 = DIRECTION('',(0.,1.,0.));
#1319 = ORIENTED_EDGE('',*,*,#1320,.T.);
#1320 = EDGE_CURVE('',#1313,#1265,#1321,.T.);
#1321 = LINE('',#1322,#1323);
#1322 = CARTESIAN_POINT('',(1.275,0.735,-1.27553196763E-18));
#1323 = VECTOR('',#1324,1.);
#1324 = DIRECTION('',(-0.,0.,1.));
#1325 = ORIENTED_EDGE('',*,*,#1296,.T.);
#1326 = ORIENTED_EDGE('',*,*,#1327,.T.);
#1327 = EDGE_CURVE('',#1289,#1311,#1328,.T.);
#1328 = LINE('',#1329,#1330);
#1329 = CARTESIAN_POINT('',(1.275,0.,-0.83));
#1330 = VECTOR('',#1331,1.);
#1331 = DIRECTION('',(0.,0.,-1.));
#1332 = PLANE('',#1333);
#1333 = AXIS2_PLACEMENT_3D('',#1334,#1335,#1336);
#1334 = CARTESIAN_POINT('',(1.275,0.,-1.27553196763E-18));
#1335 = DIRECTION('',(1.,-0.,0.));
#1336 = DIRECTION('',(0.,0.,-1.));
#1337 = ADVANCED_FACE('',(#1338),#1386,.F.);
#1338 = FACE_BOUND('',#1339,.T.);
#1339 = EDGE_LOOP('',(#1340,#1341,#1347,#1348,#1356,#1364,#1372,#1380));
#1340 = ORIENTED_EDGE('',*,*,#1272,.F.);
#1341 = ORIENTED_EDGE('',*,*,#1342,.T.);
#1342 = EDGE_CURVE('',#1263,#1186,#1343,.T.);
#1343 = LINE('',#1344,#1345);
#1344 = CARTESIAN_POINT('',(1.27,0.74,-0.85));
#1345 = VECTOR('',#1346,1.);
#1346 = DIRECTION('',(-0.,-0.,1.));
#1347 = ORIENTED_EDGE('',*,*,#1217,.F.);
#1348 = ORIENTED_EDGE('',*,*,#1349,.T.);
#1349 = EDGE_CURVE('',#1210,#1350,#1352,.T.);
#1350 = VERTEX_POINT('',#1351);
#1351 = CARTESIAN_POINT('',(1.265,0.735,0.85));
#1352 = LINE('',#1353,#1354);
#1353 = CARTESIAN_POINT('',(1.265,0.735,-0.85));
#1354 = VECTOR('',#1355,1.);
#1355 = DIRECTION('',(0.,0.,1.));
#1356 = ORIENTED_EDGE('',*,*,#1357,.T.);
#1357 = EDGE_CURVE('',#1350,#1358,#1360,.T.);
#1358 = VERTEX_POINT('',#1359);
#1359 = CARTESIAN_POINT('',(1.07,0.54,0.85));
#1360 = LINE('',#1361,#1362);
#1361 = CARTESIAN_POINT('',(1.07,0.54,0.85));
#1362 = VECTOR('',#1363,1.);
#1363 = DIRECTION('',(-0.707106781187,-0.707106781187,-0.));
#1364 = ORIENTED_EDGE('',*,*,#1365,.F.);
#1365 = EDGE_CURVE('',#1366,#1358,#1368,.T.);
#1366 = VERTEX_POINT('',#1367);
#1367 = CARTESIAN_POINT('',(1.07,0.54,-0.85));
#1368 = LINE('',#1369,#1370);
#1369 = CARTESIAN_POINT('',(1.07,0.54,-0.85));
#1370 = VECTOR('',#1371,1.);
#1371 = DIRECTION('',(-0.,-0.,1.));
#1372 = ORIENTED_EDGE('',*,*,#1373,.F.);
#1373 = EDGE_CURVE('',#1374,#1366,#1376,.T.);
#1374 = VERTEX_POINT('',#1375);
#1375 = CARTESIAN_POINT('',(1.265,0.735,-0.85));
#1376 = LINE('',#1377,#1378);
#1377 = CARTESIAN_POINT('',(1.07,0.54,-0.85));
#1378 = VECTOR('',#1379,1.);
#1379 = DIRECTION('',(-0.707106781187,-0.707106781187,-0.));
#1380 = ORIENTED_EDGE('',*,*,#1381,.F.);
#1381 = EDGE_CURVE('',#1273,#1374,#1382,.T.);
#1382 = LINE('',#1383,#1384);
#1383 = CARTESIAN_POINT('',(1.265,0.735,-0.85));
#1384 = VECTOR('',#1385,1.);
#1385 = DIRECTION('',(0.,0.,-1.));
#1386 = PLANE('',#1387);
#1387 = AXIS2_PLACEMENT_3D('',#1388,#1389,#1390);
#1388 = CARTESIAN_POINT('',(1.07,0.54,-0.85));
#1389 = DIRECTION('',(-0.707106781187,0.707106781187,0.));
#1390 = DIRECTION('',(-0.707106781187,-0.707106781187,0.));
#1391 = ADVANCED_FACE('',(#1392),#1433,.F.);
#1392 = FACE_BOUND('',#1393,.T.);
#1393 = EDGE_LOOP('',(#1394,#1402,#1403,#1411,#1419,#1427));
#1394 = ORIENTED_EDGE('',*,*,#1395,.T.);
#1395 = EDGE_CURVE('',#1396,#1374,#1398,.T.);
#1396 = VERTEX_POINT('',#1397);
#1397 = CARTESIAN_POINT('',(1.265,0.,-0.85));
#1398 = LINE('',#1399,#1400);
#1399 = CARTESIAN_POINT('',(1.265,0.,-0.85));
#1400 = VECTOR('',#1401,1.);
#1401 = DIRECTION('',(0.,1.,0.));
#1402 = ORIENTED_EDGE('',*,*,#1373,.T.);
#1403 = ORIENTED_EDGE('',*,*,#1404,.F.);
#1404 = EDGE_CURVE('',#1405,#1366,#1407,.T.);
#1405 = VERTEX_POINT('',#1406);
#1406 = CARTESIAN_POINT('',(-1.07,0.54,-0.85));
#1407 = LINE('',#1408,#1409);
#1408 = CARTESIAN_POINT('',(-1.27,0.54,-0.85));
#1409 = VECTOR('',#1410,1.);
#1410 = DIRECTION('',(1.,-0.,-0.));
#1411 = ORIENTED_EDGE('',*,*,#1412,.T.);
#1412 = EDGE_CURVE('',#1405,#1413,#1415,.T.);
#1413 = VERTEX_POINT('',#1414);
#1414 = CARTESIAN_POINT('',(-1.27,0.74,-0.85));
#1415 = LINE('',#1416,#1417);
#1416 = CARTESIAN_POINT('',(-1.07,0.54,-0.85));
#1417 = VECTOR('',#1418,1.);
#1418 = DIRECTION('',(-0.707106781187,0.707106781187,0.));
#1419 = ORIENTED_EDGE('',*,*,#1420,.F.);
#1420 = EDGE_CURVE('',#1421,#1413,#1423,.T.);
#1421 = VERTEX_POINT('',#1422);
#1422 = CARTESIAN_POINT('',(-1.27,0.,-0.85));
#1423 = LINE('',#1424,#1425);
#1424 = CARTESIAN_POINT('',(-1.27,0.,-0.85));
#1425 = VECTOR('',#1426,1.);
#1426 = DIRECTION('',(0.,1.,0.));
#1427 = ORIENTED_EDGE('',*,*,#1428,.T.);
#1428 = EDGE_CURVE('',#1421,#1396,#1429,.T.);
#1429 = LINE('',#1430,#1431);
#1430 = CARTESIAN_POINT('',(-1.27,0.,-0.85));
#1431 = VECTOR('',#1432,1.);
#1432 = DIRECTION('',(1.,-0.,-0.));
#1433 = PLANE('',#1434);
#1434 = AXIS2_PLACEMENT_3D('',#1435,#1436,#1437);
#1435 = CARTESIAN_POINT('',(-1.27,0.,-0.85));
#1436 = DIRECTION('',(0.,0.,-1.));
#1437 = DIRECTION('',(-1.,0.,-0.));
#1438 = ADVANCED_FACE('',(#1439),#1545,.T.);
#1439 = FACE_BOUND('',#1440,.T.);
#1440 = EDGE_LOOP('',(#1441,#1451,#1457,#1458,#1459,#1467,#1475,#1483,
    #1491,#1499,#1507,#1515,#1523,#1531,#1539));
#1441 = ORIENTED_EDGE('',*,*,#1442,.T.);
#1442 = EDGE_CURVE('',#1443,#1445,#1447,.T.);
#1443 = VERTEX_POINT('',#1444);
#1444 = CARTESIAN_POINT('',(-1.27,0.,0.85));
#1445 = VERTEX_POINT('',#1446);
#1446 = CARTESIAN_POINT('',(1.265,0.,0.85));
#1447 = LINE('',#1448,#1449);
#1448 = CARTESIAN_POINT('',(-1.27,0.,0.85));
#1449 = VECTOR('',#1450,1.);
#1450 = DIRECTION('',(1.,-0.,-0.));
#1451 = ORIENTED_EDGE('',*,*,#1452,.T.);
#1452 = EDGE_CURVE('',#1445,#1202,#1453,.T.);
#1453 = LINE('',#1454,#1455);
#1454 = CARTESIAN_POINT('',(1.265,0.,0.85));
#1455 = VECTOR('',#1456,1.);
#1456 = DIRECTION('',(0.,0.,-1.));
#1457 = ORIENTED_EDGE('',*,*,#1201,.F.);
#1458 = ORIENTED_EDGE('',*,*,#1247,.F.);
#1459 = ORIENTED_EDGE('',*,*,#1460,.T.);
#1460 = EDGE_CURVE('',#1240,#1461,#1463,.T.);
#1461 = VERTEX_POINT('',#1462);
#1462 = CARTESIAN_POINT('',(3.805,0.,0.85));
#1463 = LINE('',#1464,#1465);
#1464 = CARTESIAN_POINT('',(1.27,0.,0.85));
#1465 = VECTOR('',#1466,1.);
#1466 = DIRECTION('',(1.,-0.,-0.));
#1467 = ORIENTED_EDGE('',*,*,#1468,.T.);
#1468 = EDGE_CURVE('',#1461,#1469,#1471,.T.);
#1469 = VERTEX_POINT('',#1470);
#1470 = CARTESIAN_POINT('',(3.805,0.,0.83));
#1471 = LINE('',#1472,#1473);
#1472 = CARTESIAN_POINT('',(3.805,0.,0.85));
#1473 = VECTOR('',#1474,1.);
#1474 = DIRECTION('',(0.,0.,-1.));
#1475 = ORIENTED_EDGE('',*,*,#1476,.F.);
#1476 = EDGE_CURVE('',#1477,#1469,#1479,.T.);
#1477 = VERTEX_POINT('',#1478);
#1478 = CARTESIAN_POINT('',(3.815,0.,0.83));
#1479 = LINE('',#1480,#1481);
#1480 = CARTESIAN_POINT('',(3.815,0.,0.83));
#1481 = VECTOR('',#1482,1.);
#1482 = DIRECTION('',(-1.,-0.,2.55106393526E-16));
#1483 = ORIENTED_EDGE('',*,*,#1484,.F.);
#1484 = EDGE_CURVE('',#1485,#1477,#1487,.T.);
#1485 = VERTEX_POINT('',#1486);
#1486 = CARTESIAN_POINT('',(3.815,0.,0.85));
#1487 = LINE('',#1488,#1489);
#1488 = CARTESIAN_POINT('',(3.815,0.,0.85));
#1489 = VECTOR('',#1490,1.);
#1490 = DIRECTION('',(0.,0.,-1.));
#1491 = ORIENTED_EDGE('',*,*,#1492,.T.);
#1492 = EDGE_CURVE('',#1485,#1493,#1495,.T.);
#1493 = VERTEX_POINT('',#1494);
#1494 = CARTESIAN_POINT('',(3.81,0.,0.85));
#1495 = LINE('',#1496,#1497);
#1496 = CARTESIAN_POINT('',(3.815,0.,0.85));
#1497 = VECTOR('',#1498,1.);
#1498 = DIRECTION('',(-1.,-0.,2.55106393526E-16));
#1499 = ORIENTED_EDGE('',*,*,#1500,.F.);
#1500 = EDGE_CURVE('',#1501,#1493,#1503,.T.);
#1501 = VERTEX_POINT('',#1502);
#1502 = CARTESIAN_POINT('',(3.41,0.,1.25));
#1503 = LINE('',#1504,#1505);
#1504 = CARTESIAN_POINT('',(3.41,0.,1.25));
#1505 = VECTOR('',#1506,1.);
#1506 = DIRECTION('',(0.707106781187,0.,-0.707106781187));
#1507 = ORIENTED_EDGE('',*,*,#1508,.F.);
#1508 = EDGE_CURVE('',#1509,#1501,#1511,.T.);
#1509 = VERTEX_POINT('',#1510);
#1510 = CARTESIAN_POINT('',(1.67,0.,1.25));
#1511 = LINE('',#1512,#1513);
#1512 = CARTESIAN_POINT('',(1.67,0.,1.25));
#1513 = VECTOR('',#1514,1.);
#1514 = DIRECTION('',(1.,0.,0.));
#1515 = ORIENTED_EDGE('',*,*,#1516,.F.);
#1516 = EDGE_CURVE('',#1517,#1509,#1519,.T.);
#1517 = VERTEX_POINT('',#1518);
#1518 = CARTESIAN_POINT('',(1.27,0.,0.85));
#1519 = LINE('',#1520,#1521);
#1520 = CARTESIAN_POINT('',(1.27,0.,0.85));
#1521 = VECTOR('',#1522,1.);
#1522 = DIRECTION('',(0.707106781187,0.,0.707106781187));
#1523 = ORIENTED_EDGE('',*,*,#1524,.F.);
#1524 = EDGE_CURVE('',#1525,#1517,#1527,.T.);
#1525 = VERTEX_POINT('',#1526);
#1526 = CARTESIAN_POINT('',(0.87,0.,1.25));
#1527 = LINE('',#1528,#1529);
#1528 = CARTESIAN_POINT('',(0.87,0.,1.25));
#1529 = VECTOR('',#1530,1.);
#1530 = DIRECTION('',(0.707106781187,0.,-0.707106781187));
#1531 = ORIENTED_EDGE('',*,*,#1532,.F.);
#1532 = EDGE_CURVE('',#1533,#1525,#1535,.T.);
#1533 = VERTEX_POINT('',#1534);
#1534 = CARTESIAN_POINT('',(-0.87,0.,1.25));
#1535 = LINE('',#1536,#1537);
#1536 = CARTESIAN_POINT('',(-0.87,0.,1.25));
#1537 = VECTOR('',#1538,1.);
#1538 = DIRECTION('',(1.,0.,0.));
#1539 = ORIENTED_EDGE('',*,*,#1540,.F.);
#1540 = EDGE_CURVE('',#1443,#1533,#1541,.T.);
#1541 = LINE('',#1542,#1543);
#1542 = CARTESIAN_POINT('',(-1.27,0.,0.85));
#1543 = VECTOR('',#1544,1.);
#1544 = DIRECTION('',(0.707106781187,0.,0.707106781187));
#1545 = PLANE('',#1546);
#1546 = AXIS2_PLACEMENT_3D('',#1547,#1548,#1549);
#1547 = CARTESIAN_POINT('',(0.,0.,0.));
#1548 = DIRECTION('',(0.,-1.,0.));
#1549 = DIRECTION('',(0.,0.,-1.));
#1550 = ADVANCED_FACE('',(#1551,#1617),#1651,.F.);
#1551 = FACE_BOUND('',#1552,.T.);
#1552 = EDGE_LOOP('',(#1553,#1563,#1571,#1579,#1587,#1595,#1603,#1611));
#1553 = ORIENTED_EDGE('',*,*,#1554,.T.);
#1554 = EDGE_CURVE('',#1555,#1557,#1559,.T.);
#1555 = VERTEX_POINT('',#1556);
#1556 = CARTESIAN_POINT('',(0.87,2.54,1.25));
#1557 = VERTEX_POINT('',#1558);
#1558 = CARTESIAN_POINT('',(1.07,2.54,1.05));
#1559 = LINE('',#1560,#1561);
#1560 = CARTESIAN_POINT('',(0.87,2.54,1.25));
#1561 = VECTOR('',#1562,1.);
#1562 = DIRECTION('',(0.707106781187,0.,-0.707106781187));
#1563 = ORIENTED_EDGE('',*,*,#1564,.T.);
#1564 = EDGE_CURVE('',#1557,#1565,#1567,.T.);
#1565 = VERTEX_POINT('',#1566);
#1566 = CARTESIAN_POINT('',(1.07,2.54,-1.05));
#1567 = LINE('',#1568,#1569);
#1568 = CARTESIAN_POINT('',(1.07,2.54,-2.729638410728E-16));
#1569 = VECTOR('',#1570,1.);
#1570 = DIRECTION('',(-2.55106393526E-16,0.,-1.));
#1571 = ORIENTED_EDGE('',*,*,#1572,.T.);
#1572 = EDGE_CURVE('',#1565,#1573,#1575,.T.);
#1573 = VERTEX_POINT('',#1574);
#1574 = CARTESIAN_POINT('',(0.87,2.54,-1.25));
#1575 = LINE('',#1576,#1577);
#1576 = CARTESIAN_POINT('',(0.87,2.54,-1.25));
#1577 = VECTOR('',#1578,1.);
#1578 = DIRECTION('',(-0.707106781187,-0.,-0.707106781187));
#1579 = ORIENTED_EDGE('',*,*,#1580,.T.);
#1580 = EDGE_CURVE('',#1573,#1581,#1583,.T.);
#1581 = VERTEX_POINT('',#1582);
#1582 = CARTESIAN_POINT('',(-0.87,2.54,-1.25));
#1583 = LINE('',#1584,#1585);
#1584 = CARTESIAN_POINT('',(-0.87,2.54,-1.25));
#1585 = VECTOR('',#1586,1.);
#1586 = DIRECTION('',(-1.,-0.,-0.));
#1587 = ORIENTED_EDGE('',*,*,#1588,.T.);
#1588 = EDGE_CURVE('',#1581,#1589,#1591,.T.);
#1589 = VERTEX_POINT('',#1590);
#1590 = CARTESIAN_POINT('',(-1.07,2.54,-1.05));
#1591 = LINE('',#1592,#1593);
#1592 = CARTESIAN_POINT('',(-1.27,2.54,-0.85));
#1593 = VECTOR('',#1594,1.);
#1594 = DIRECTION('',(-0.707106781187,-0.,0.707106781187));
#1595 = ORIENTED_EDGE('',*,*,#1596,.T.);
#1596 = EDGE_CURVE('',#1589,#1597,#1599,.T.);
#1597 = VERTEX_POINT('',#1598);
#1598 = CARTESIAN_POINT('',(-1.07,2.54,1.05));
#1599 = LINE('',#1600,#1601);
#1600 = CARTESIAN_POINT('',(-1.07,2.54,2.729638410728E-16));
#1601 = VECTOR('',#1602,1.);
#1602 = DIRECTION('',(2.55106393526E-16,0.,1.));
#1603 = ORIENTED_EDGE('',*,*,#1604,.T.);
#1604 = EDGE_CURVE('',#1597,#1605,#1607,.T.);
#1605 = VERTEX_POINT('',#1606);
#1606 = CARTESIAN_POINT('',(-0.87,2.54,1.25));
#1607 = LINE('',#1608,#1609);
#1608 = CARTESIAN_POINT('',(-1.27,2.54,0.85));
#1609 = VECTOR('',#1610,1.);
#1610 = DIRECTION('',(0.707106781187,0.,0.707106781187));
#1611 = ORIENTED_EDGE('',*,*,#1612,.T.);
#1612 = EDGE_CURVE('',#1605,#1555,#1613,.T.);
#1613 = LINE('',#1614,#1615);
#1614 = CARTESIAN_POINT('',(-0.87,2.54,1.25));
#1615 = VECTOR('',#1616,1.);
#1616 = DIRECTION('',(1.,0.,0.));
#1617 = FACE_BOUND('',#1618,.T.);
#1618 = EDGE_LOOP('',(#1619,#1629,#1637,#1645));
#1619 = ORIENTED_EDGE('',*,*,#1620,.F.);
#1620 = EDGE_CURVE('',#1621,#1623,#1625,.T.);
#1621 = VERTEX_POINT('',#1622);
#1622 = CARTESIAN_POINT('',(0.32,2.54,0.32));
#1623 = VERTEX_POINT('',#1624);
#1624 = CARTESIAN_POINT('',(0.32,2.54,-0.32));
#1625 = LINE('',#1626,#1627);
#1626 = CARTESIAN_POINT('',(0.32,2.54,0.32));
#1627 = VECTOR('',#1628,1.);
#1628 = DIRECTION('',(0.,0.,-1.));
#1629 = ORIENTED_EDGE('',*,*,#1630,.F.);
#1630 = EDGE_CURVE('',#1631,#1621,#1633,.T.);
#1631 = VERTEX_POINT('',#1632);
#1632 = CARTESIAN_POINT('',(-0.32,2.54,0.32));
#1633 = LINE('',#1634,#1635);
#1634 = CARTESIAN_POINT('',(-0.32,2.54,0.32));
#1635 = VECTOR('',#1636,1.);
#1636 = DIRECTION('',(1.,0.,0.));
#1637 = ORIENTED_EDGE('',*,*,#1638,.F.);
#1638 = EDGE_CURVE('',#1639,#1631,#1641,.T.);
#1639 = VERTEX_POINT('',#1640);
#1640 = CARTESIAN_POINT('',(-0.32,2.54,-0.32));
#1641 = LINE('',#1642,#1643);
#1642 = CARTESIAN_POINT('',(-0.32,2.54,0.32));
#1643 = VECTOR('',#1644,1.);
#1644 = DIRECTION('',(-0.,-0.,1.));
#1645 = ORIENTED_EDGE('',*,*,#1646,.F.);
#1646 = EDGE_CURVE('',#1623,#1639,#1647,.T.);
#1647 = LINE('',#1648,#1649);
#1648 = CARTESIAN_POINT('',(-0.32,2.54,-0.32));
#1649 = VECTOR('',#1650,1.);
#1650 = DIRECTION('',(-1.,-0.,-0.));
#1651 = PLANE('',#1652);
#1652 = AXIS2_PLACEMENT_3D('',#1653,#1654,#1655);
#1653 = CARTESIAN_POINT('',(0.,2.54,0.));
#1654 = DIRECTION('',(0.,-1.,0.));
#1655 = DIRECTION('',(0.,0.,-1.));
#1656 = ADVANCED_FACE('',(#1657),#1754,.T.);
#1657 = FACE_BOUND('',#1658,.T.);
#1658 = EDGE_LOOP('',(#1659,#1660,#1668,#1676,#1684,#1692,#1700,#1708,
    #1716,#1724,#1732,#1740,#1746,#1747,#1748));
#1659 = ORIENTED_EDGE('',*,*,#1428,.F.);
#1660 = ORIENTED_EDGE('',*,*,#1661,.F.);
#1661 = EDGE_CURVE('',#1662,#1421,#1664,.T.);
#1662 = VERTEX_POINT('',#1663);
#1663 = CARTESIAN_POINT('',(-0.87,0.,-1.25));
#1664 = LINE('',#1665,#1666);
#1665 = CARTESIAN_POINT('',(-1.27,0.,-0.85));
#1666 = VECTOR('',#1667,1.);
#1667 = DIRECTION('',(-0.707106781187,-0.,0.707106781187));
#1668 = ORIENTED_EDGE('',*,*,#1669,.F.);
#1669 = EDGE_CURVE('',#1670,#1662,#1672,.T.);
#1670 = VERTEX_POINT('',#1671);
#1671 = CARTESIAN_POINT('',(0.87,0.,-1.25));
#1672 = LINE('',#1673,#1674);
#1673 = CARTESIAN_POINT('',(-0.87,0.,-1.25));
#1674 = VECTOR('',#1675,1.);
#1675 = DIRECTION('',(-1.,-0.,-0.));
#1676 = ORIENTED_EDGE('',*,*,#1677,.F.);
#1677 = EDGE_CURVE('',#1678,#1670,#1680,.T.);
#1678 = VERTEX_POINT('',#1679);
#1679 = CARTESIAN_POINT('',(1.27,0.,-0.85));
#1680 = LINE('',#1681,#1682);
#1681 = CARTESIAN_POINT('',(0.87,0.,-1.25));
#1682 = VECTOR('',#1683,1.);
#1683 = DIRECTION('',(-0.707106781187,-0.,-0.707106781187));
#1684 = ORIENTED_EDGE('',*,*,#1685,.F.);
#1685 = EDGE_CURVE('',#1686,#1678,#1688,.T.);
#1686 = VERTEX_POINT('',#1687);
#1687 = CARTESIAN_POINT('',(1.67,0.,-1.25));
#1688 = LINE('',#1689,#1690);
#1689 = CARTESIAN_POINT('',(1.27,0.,-0.85));
#1690 = VECTOR('',#1691,1.);
#1691 = DIRECTION('',(-0.707106781187,-0.,0.707106781187));
#1692 = ORIENTED_EDGE('',*,*,#1693,.F.);
#1693 = EDGE_CURVE('',#1694,#1686,#1696,.T.);
#1694 = VERTEX_POINT('',#1695);
#1695 = CARTESIAN_POINT('',(3.41,0.,-1.25));
#1696 = LINE('',#1697,#1698);
#1697 = CARTESIAN_POINT('',(1.67,0.,-1.25));
#1698 = VECTOR('',#1699,1.);
#1699 = DIRECTION('',(-1.,-0.,-0.));
#1700 = ORIENTED_EDGE('',*,*,#1701,.F.);
#1701 = EDGE_CURVE('',#1702,#1694,#1704,.T.);
#1702 = VERTEX_POINT('',#1703);
#1703 = CARTESIAN_POINT('',(3.81,0.,-0.85));
#1704 = LINE('',#1705,#1706);
#1705 = CARTESIAN_POINT('',(3.41,0.,-1.25));
#1706 = VECTOR('',#1707,1.);
#1707 = DIRECTION('',(-0.707106781187,-0.,-0.707106781187));
#1708 = ORIENTED_EDGE('',*,*,#1709,.F.);
#1709 = EDGE_CURVE('',#1710,#1702,#1712,.T.);
#1710 = VERTEX_POINT('',#1711);
#1711 = CARTESIAN_POINT('',(3.815,0.,-0.85));
#1712 = LINE('',#1713,#1714);
#1713 = CARTESIAN_POINT('',(3.815,0.,-0.85));
#1714 = VECTOR('',#1715,1.);
#1715 = DIRECTION('',(-1.,-0.,2.55106393526E-16));
#1716 = ORIENTED_EDGE('',*,*,#1717,.F.);
#1717 = EDGE_CURVE('',#1718,#1710,#1720,.T.);
#1718 = VERTEX_POINT('',#1719);
#1719 = CARTESIAN_POINT('',(3.815,0.,-0.83));
#1720 = LINE('',#1721,#1722);
#1721 = CARTESIAN_POINT('',(3.815,0.,-0.83));
#1722 = VECTOR('',#1723,1.);
#1723 = DIRECTION('',(0.,0.,-1.));
#1724 = ORIENTED_EDGE('',*,*,#1725,.T.);
#1725 = EDGE_CURVE('',#1718,#1726,#1728,.T.);
#1726 = VERTEX_POINT('',#1727);
#1727 = CARTESIAN_POINT('',(3.805,0.,-0.83));
#1728 = LINE('',#1729,#1730);
#1729 = CARTESIAN_POINT('',(3.815,0.,-0.83));
#1730 = VECTOR('',#1731,1.);
#1731 = DIRECTION('',(-1.,-0.,2.55106393526E-16));
#1732 = ORIENTED_EDGE('',*,*,#1733,.T.);
#1733 = EDGE_CURVE('',#1726,#1734,#1736,.T.);
#1734 = VERTEX_POINT('',#1735);
#1735 = CARTESIAN_POINT('',(3.805,0.,-0.85));
#1736 = LINE('',#1737,#1738);
#1737 = CARTESIAN_POINT('',(3.805,0.,-0.83));
#1738 = VECTOR('',#1739,1.);
#1739 = DIRECTION('',(0.,0.,-1.));
#1740 = ORIENTED_EDGE('',*,*,#1741,.F.);
#1741 = EDGE_CURVE('',#1311,#1734,#1742,.T.);
#1742 = LINE('',#1743,#1744);
#1743 = CARTESIAN_POINT('',(1.27,0.,-0.85));
#1744 = VECTOR('',#1745,1.);
#1745 = DIRECTION('',(1.,-0.,-0.));
#1746 = ORIENTED_EDGE('',*,*,#1327,.F.);
#1747 = ORIENTED_EDGE('',*,*,#1288,.T.);
#1748 = ORIENTED_EDGE('',*,*,#1749,.T.);
#1749 = EDGE_CURVE('',#1281,#1396,#1750,.T.);
#1750 = LINE('',#1751,#1752);
#1751 = CARTESIAN_POINT('',(1.265,0.,-0.83));
#1752 = VECTOR('',#1753,1.);
#1753 = DIRECTION('',(0.,0.,-1.));
#1754 = PLANE('',#1755);
#1755 = AXIS2_PLACEMENT_3D('',#1756,#1757,#1758);
#1756 = CARTESIAN_POINT('',(0.,0.,0.));
#1757 = DIRECTION('',(0.,-1.,0.));
#1758 = DIRECTION('',(0.,0.,-1.));
#1759 = ADVANCED_FACE('',(#1760),#1792,.F.);
#1760 = FACE_BOUND('',#1761,.T.);
#1761 = EDGE_LOOP('',(#1762,#1772,#1780,#1786));
#1762 = ORIENTED_EDGE('',*,*,#1763,.F.);
#1763 = EDGE_CURVE('',#1764,#1766,#1768,.T.);
#1764 = VERTEX_POINT('',#1765);
#1765 = CARTESIAN_POINT('',(-1.27,2.34,0.85));
#1766 = VERTEX_POINT('',#1767);
#1767 = CARTESIAN_POINT('',(-1.27,0.74,0.85));
#1768 = LINE('',#1769,#1770);
#1769 = CARTESIAN_POINT('',(-1.27,2.54,0.85));
#1770 = VECTOR('',#1771,1.);
#1771 = DIRECTION('',(-0.,-1.,-0.));
#1772 = ORIENTED_EDGE('',*,*,#1773,.T.);
#1773 = EDGE_CURVE('',#1764,#1774,#1776,.T.);
#1774 = VERTEX_POINT('',#1775);
#1775 = CARTESIAN_POINT('',(-1.27,2.34,-0.85));
#1776 = LINE('',#1777,#1778);
#1777 = CARTESIAN_POINT('',(-1.27,2.34,0.85));
#1778 = VECTOR('',#1779,1.);
#1779 = DIRECTION('',(-2.55106393526E-16,0.,-1.));
#1780 = ORIENTED_EDGE('',*,*,#1781,.T.);
#1781 = EDGE_CURVE('',#1774,#1413,#1782,.T.);
#1782 = LINE('',#1783,#1784);
#1783 = CARTESIAN_POINT('',(-1.27,2.54,-0.85));
#1784 = VECTOR('',#1785,1.);
#1785 = DIRECTION('',(-0.,-1.,-0.));
#1786 = ORIENTED_EDGE('',*,*,#1787,.T.);
#1787 = EDGE_CURVE('',#1413,#1766,#1788,.T.);
#1788 = LINE('',#1789,#1790);
#1789 = CARTESIAN_POINT('',(-1.27,0.74,-0.85));
#1790 = VECTOR('',#1791,1.);
#1791 = DIRECTION('',(-0.,-0.,1.));
#1792 = PLANE('',#1793);
#1793 = AXIS2_PLACEMENT_3D('',#1794,#1795,#1796);
#1794 = CARTESIAN_POINT('',(-1.27,2.54,0.85));
#1795 = DIRECTION('',(1.,0.,-2.55106393526E-16));
#1796 = DIRECTION('',(-2.55106393526E-16,0.,-1.));
#1797 = ADVANCED_FACE('',(#1798),#1821,.F.);
#1798 = FACE_BOUND('',#1799,.T.);
#1799 = EDGE_LOOP('',(#1800,#1801,#1807,#1808,#1814,#1815));
#1800 = ORIENTED_EDGE('',*,*,#1604,.F.);
#1801 = ORIENTED_EDGE('',*,*,#1802,.T.);
#1802 = EDGE_CURVE('',#1597,#1764,#1803,.T.);
#1803 = LINE('',#1804,#1805);
#1804 = CARTESIAN_POINT('',(-1.42,2.19,0.7));
#1805 = VECTOR('',#1806,1.);
#1806 = DIRECTION('',(-0.57735026919,-0.57735026919,-0.57735026919));
#1807 = ORIENTED_EDGE('',*,*,#1763,.T.);
#1808 = ORIENTED_EDGE('',*,*,#1809,.T.);
#1809 = EDGE_CURVE('',#1766,#1443,#1810,.T.);
#1810 = LINE('',#1811,#1812);
#1811 = CARTESIAN_POINT('',(-1.27,0.,0.85));
#1812 = VECTOR('',#1813,1.);
#1813 = DIRECTION('',(-0.,-1.,-0.));
#1814 = ORIENTED_EDGE('',*,*,#1540,.T.);
#1815 = ORIENTED_EDGE('',*,*,#1816,.F.);
#1816 = EDGE_CURVE('',#1605,#1533,#1817,.T.);
#1817 = LINE('',#1818,#1819);
#1818 = CARTESIAN_POINT('',(-0.87,2.54,1.25));
#1819 = VECTOR('',#1820,1.);
#1820 = DIRECTION('',(-0.,-1.,-0.));
#1821 = PLANE('',#1822);
#1822 = AXIS2_PLACEMENT_3D('',#1823,#1824,#1825);
#1823 = CARTESIAN_POINT('',(-1.27,2.54,0.85));
#1824 = DIRECTION('',(0.707106781187,0.,-0.707106781187));
#1825 = DIRECTION('',(-0.707106781187,0.,-0.707106781187));
#1826 = ADVANCED_FACE('',(#1827),#1838,.F.);
#1827 = FACE_BOUND('',#1828,.T.);
#1828 = EDGE_LOOP('',(#1829,#1830,#1836,#1837));
#1829 = ORIENTED_EDGE('',*,*,#1532,.T.);
#1830 = ORIENTED_EDGE('',*,*,#1831,.F.);
#1831 = EDGE_CURVE('',#1555,#1525,#1832,.T.);
#1832 = LINE('',#1833,#1834);
#1833 = CARTESIAN_POINT('',(0.87,2.54,1.25));
#1834 = VECTOR('',#1835,1.);
#1835 = DIRECTION('',(-0.,-1.,-0.));
#1836 = ORIENTED_EDGE('',*,*,#1612,.F.);
#1837 = ORIENTED_EDGE('',*,*,#1816,.T.);
#1838 = PLANE('',#1839);
#1839 = AXIS2_PLACEMENT_3D('',#1840,#1841,#1842);
#1840 = CARTESIAN_POINT('',(-0.87,2.54,1.25));
#1841 = DIRECTION('',(0.,0.,-1.));
#1842 = DIRECTION('',(-1.,0.,-0.));
#1843 = ADVANCED_FACE('',(#1844),#1863,.F.);
#1844 = FACE_BOUND('',#1845,.T.);
#1845 = EDGE_LOOP('',(#1846,#1854,#1860,#1861,#1862));
#1846 = ORIENTED_EDGE('',*,*,#1847,.F.);
#1847 = EDGE_CURVE('',#1848,#1517,#1850,.T.);
#1848 = VERTEX_POINT('',#1849);
#1849 = CARTESIAN_POINT('',(1.27,2.34,0.85));
#1850 = LINE('',#1851,#1852);
#1851 = CARTESIAN_POINT('',(1.27,2.54,0.85));
#1852 = VECTOR('',#1853,1.);
#1853 = DIRECTION('',(-0.,-1.,-0.));
#1854 = ORIENTED_EDGE('',*,*,#1855,.T.);
#1855 = EDGE_CURVE('',#1848,#1557,#1856,.T.);
#1856 = LINE('',#1857,#1858);
#1857 = CARTESIAN_POINT('',(1.42,2.19,0.7));
#1858 = VECTOR('',#1859,1.);
#1859 = DIRECTION('',(-0.57735026919,0.57735026919,0.57735026919));
#1860 = ORIENTED_EDGE('',*,*,#1554,.F.);
#1861 = ORIENTED_EDGE('',*,*,#1831,.T.);
#1862 = ORIENTED_EDGE('',*,*,#1524,.T.);
#1863 = PLANE('',#1864);
#1864 = AXIS2_PLACEMENT_3D('',#1865,#1866,#1867);
#1865 = CARTESIAN_POINT('',(0.87,2.54,1.25));
#1866 = DIRECTION('',(-0.707106781187,0.,-0.707106781187));
#1867 = DIRECTION('',(-0.707106781187,0.,0.707106781187));
#1868 = ADVANCED_FACE('',(#1869),#1893,.F.);
#1869 = FACE_BOUND('',#1870,.T.);
#1870 = EDGE_LOOP('',(#1871,#1872,#1880,#1886,#1887));
#1871 = ORIENTED_EDGE('',*,*,#1572,.F.);
#1872 = ORIENTED_EDGE('',*,*,#1873,.T.);
#1873 = EDGE_CURVE('',#1565,#1874,#1876,.T.);
#1874 = VERTEX_POINT('',#1875);
#1875 = CARTESIAN_POINT('',(1.27,2.34,-0.85));
#1876 = LINE('',#1877,#1878);
#1877 = CARTESIAN_POINT('',(1.42,2.19,-0.7));
#1878 = VECTOR('',#1879,1.);
#1879 = DIRECTION('',(0.57735026919,-0.57735026919,0.57735026919));
#1880 = ORIENTED_EDGE('',*,*,#1881,.T.);
#1881 = EDGE_CURVE('',#1874,#1678,#1882,.T.);
#1882 = LINE('',#1883,#1884);
#1883 = CARTESIAN_POINT('',(1.27,2.54,-0.85));
#1884 = VECTOR('',#1885,1.);
#1885 = DIRECTION('',(-0.,-1.,-0.));
#1886 = ORIENTED_EDGE('',*,*,#1677,.T.);
#1887 = ORIENTED_EDGE('',*,*,#1888,.F.);
#1888 = EDGE_CURVE('',#1573,#1670,#1889,.T.);
#1889 = LINE('',#1890,#1891);
#1890 = CARTESIAN_POINT('',(0.87,2.54,-1.25));
#1891 = VECTOR('',#1892,1.);
#1892 = DIRECTION('',(-0.,-1.,-0.));
#1893 = PLANE('',#1894);
#1894 = AXIS2_PLACEMENT_3D('',#1895,#1896,#1897);
#1895 = CARTESIAN_POINT('',(0.87,2.54,-1.25));
#1896 = DIRECTION('',(-0.707106781187,0.,0.707106781187));
#1897 = DIRECTION('',(0.707106781187,0.,0.707106781187));
#1898 = ADVANCED_FACE('',(#1899),#1910,.F.);
#1899 = FACE_BOUND('',#1900,.T.);
#1900 = EDGE_LOOP('',(#1901,#1902,#1908,#1909));
#1901 = ORIENTED_EDGE('',*,*,#1669,.T.);
#1902 = ORIENTED_EDGE('',*,*,#1903,.F.);
#1903 = EDGE_CURVE('',#1581,#1662,#1904,.T.);
#1904 = LINE('',#1905,#1906);
#1905 = CARTESIAN_POINT('',(-0.87,2.54,-1.25));
#1906 = VECTOR('',#1907,1.);
#1907 = DIRECTION('',(-0.,-1.,-0.));
#1908 = ORIENTED_EDGE('',*,*,#1580,.F.);
#1909 = ORIENTED_EDGE('',*,*,#1888,.T.);
#1910 = PLANE('',#1911);
#1911 = AXIS2_PLACEMENT_3D('',#1912,#1913,#1914);
#1912 = CARTESIAN_POINT('',(-0.87,2.54,-1.25));
#1913 = DIRECTION('',(0.,0.,1.));
#1914 = DIRECTION('',(1.,0.,-0.));
#1915 = ADVANCED_FACE('',(#1916),#1929,.F.);
#1916 = FACE_BOUND('',#1917,.T.);
#1917 = EDGE_LOOP('',(#1918,#1919,#1925,#1926,#1927,#1928));
#1918 = ORIENTED_EDGE('',*,*,#1781,.F.);
#1919 = ORIENTED_EDGE('',*,*,#1920,.T.);
#1920 = EDGE_CURVE('',#1774,#1589,#1921,.T.);
#1921 = LINE('',#1922,#1923);
#1922 = CARTESIAN_POINT('',(-1.42,2.19,-0.7));
#1923 = VECTOR('',#1924,1.);
#1924 = DIRECTION('',(0.57735026919,0.57735026919,-0.57735026919));
#1925 = ORIENTED_EDGE('',*,*,#1588,.F.);
#1926 = ORIENTED_EDGE('',*,*,#1903,.T.);
#1927 = ORIENTED_EDGE('',*,*,#1661,.T.);
#1928 = ORIENTED_EDGE('',*,*,#1420,.T.);
#1929 = PLANE('',#1930);
#1930 = AXIS2_PLACEMENT_3D('',#1931,#1932,#1933);
#1931 = CARTESIAN_POINT('',(-1.27,2.54,-0.85));
#1932 = DIRECTION('',(0.707106781187,-0.,0.707106781187));
#1933 = DIRECTION('',(0.707106781187,0.,-0.707106781187));
#1934 = ADVANCED_FACE('',(#1935),#1960,.T.);
#1935 = FACE_BOUND('',#1936,.T.);
#1936 = EDGE_LOOP('',(#1937,#1947,#1953,#1954));
#1937 = ORIENTED_EDGE('',*,*,#1938,.F.);
#1938 = EDGE_CURVE('',#1939,#1941,#1943,.T.);
#1939 = VERTEX_POINT('',#1940);
#1940 = CARTESIAN_POINT('',(0.32,0.54,0.32));
#1941 = VERTEX_POINT('',#1942);
#1942 = CARTESIAN_POINT('',(0.32,0.54,-0.32));
#1943 = LINE('',#1944,#1945);
#1944 = CARTESIAN_POINT('',(0.32,0.54,0.32));
#1945 = VECTOR('',#1946,1.);
#1946 = DIRECTION('',(0.,0.,-1.));
#1947 = ORIENTED_EDGE('',*,*,#1948,.F.);
#1948 = EDGE_CURVE('',#1621,#1939,#1949,.T.);
#1949 = LINE('',#1950,#1951);
#1950 = CARTESIAN_POINT('',(0.32,2.54,0.32));
#1951 = VECTOR('',#1952,1.);
#1952 = DIRECTION('',(-0.,-1.,-0.));
#1953 = ORIENTED_EDGE('',*,*,#1620,.T.);
#1954 = ORIENTED_EDGE('',*,*,#1955,.T.);
#1955 = EDGE_CURVE('',#1623,#1941,#1956,.T.);
#1956 = LINE('',#1957,#1958);
#1957 = CARTESIAN_POINT('',(0.32,2.54,-0.32));
#1958 = VECTOR('',#1959,1.);
#1959 = DIRECTION('',(-0.,-1.,-0.));
#1960 = PLANE('',#1961);
#1961 = AXIS2_PLACEMENT_3D('',#1962,#1963,#1964);
#1962 = CARTESIAN_POINT('',(0.32,2.54,0.32));
#1963 = DIRECTION('',(-1.,0.,0.));
#1964 = DIRECTION('',(0.,0.,1.));
#1965 = ADVANCED_FACE('',(#1966),#1984,.T.);
#1966 = FACE_BOUND('',#1967,.T.);
#1967 = EDGE_LOOP('',(#1968,#1976,#1977,#1978));
#1968 = ORIENTED_EDGE('',*,*,#1969,.F.);
#1969 = EDGE_CURVE('',#1941,#1970,#1972,.T.);
#1970 = VERTEX_POINT('',#1971);
#1971 = CARTESIAN_POINT('',(-0.32,0.54,-0.32));
#1972 = LINE('',#1973,#1974);
#1973 = CARTESIAN_POINT('',(-0.32,0.54,-0.32));
#1974 = VECTOR('',#1975,1.);
#1975 = DIRECTION('',(-1.,0.,0.));
#1976 = ORIENTED_EDGE('',*,*,#1955,.F.);
#1977 = ORIENTED_EDGE('',*,*,#1646,.T.);
#1978 = ORIENTED_EDGE('',*,*,#1979,.T.);
#1979 = EDGE_CURVE('',#1639,#1970,#1980,.T.);
#1980 = LINE('',#1981,#1982);
#1981 = CARTESIAN_POINT('',(-0.32,2.54,-0.32));
#1982 = VECTOR('',#1983,1.);
#1983 = DIRECTION('',(-0.,-1.,-0.));
#1984 = PLANE('',#1985);
#1985 = AXIS2_PLACEMENT_3D('',#1986,#1987,#1988);
#1986 = CARTESIAN_POINT('',(-0.32,2.54,-0.32));
#1987 = DIRECTION('',(0.,0.,1.));
#1988 = DIRECTION('',(1.,0.,-0.));
#1989 = ADVANCED_FACE('',(#1990),#2008,.T.);
#1990 = FACE_BOUND('',#1991,.T.);
#1991 = EDGE_LOOP('',(#1992,#2000,#2001,#2002));
#1992 = ORIENTED_EDGE('',*,*,#1993,.F.);
#1993 = EDGE_CURVE('',#1970,#1994,#1996,.T.);
#1994 = VERTEX_POINT('',#1995);
#1995 = CARTESIAN_POINT('',(-0.32,0.54,0.32));
#1996 = LINE('',#1997,#1998);
#1997 = CARTESIAN_POINT('',(-0.32,0.54,0.32));
#1998 = VECTOR('',#1999,1.);
#1999 = DIRECTION('',(-0.,0.,1.));
#2000 = ORIENTED_EDGE('',*,*,#1979,.F.);
#2001 = ORIENTED_EDGE('',*,*,#1638,.T.);
#2002 = ORIENTED_EDGE('',*,*,#2003,.T.);
#2003 = EDGE_CURVE('',#1631,#1994,#2004,.T.);
#2004 = LINE('',#2005,#2006);
#2005 = CARTESIAN_POINT('',(-0.32,2.54,0.32));
#2006 = VECTOR('',#2007,1.);
#2007 = DIRECTION('',(-0.,-1.,-0.));
#2008 = PLANE('',#2009);
#2009 = AXIS2_PLACEMENT_3D('',#2010,#2011,#2012);
#2010 = CARTESIAN_POINT('',(-0.32,2.54,0.32));
#2011 = DIRECTION('',(1.,-0.,0.));
#2012 = DIRECTION('',(0.,0.,-1.));
#2013 = ADVANCED_FACE('',(#2014),#2025,.T.);
#2014 = FACE_BOUND('',#2015,.T.);
#2015 = EDGE_LOOP('',(#2016,#2022,#2023,#2024));
#2016 = ORIENTED_EDGE('',*,*,#2017,.F.);
#2017 = EDGE_CURVE('',#1994,#1939,#2018,.T.);
#2018 = LINE('',#2019,#2020);
#2019 = CARTESIAN_POINT('',(-0.32,0.54,0.32));
#2020 = VECTOR('',#2021,1.);
#2021 = DIRECTION('',(1.,-0.,0.));
#2022 = ORIENTED_EDGE('',*,*,#2003,.F.);
#2023 = ORIENTED_EDGE('',*,*,#1630,.T.);
#2024 = ORIENTED_EDGE('',*,*,#1948,.T.);
#2025 = PLANE('',#2026);
#2026 = AXIS2_PLACEMENT_3D('',#2027,#2028,#2029);
#2027 = CARTESIAN_POINT('',(-0.32,2.54,0.32));
#2028 = DIRECTION('',(0.,0.,-1.));
#2029 = DIRECTION('',(-1.,0.,-0.));
#2030 = ADVANCED_FACE('',(#2031),#2056,.F.);
#2031 = FACE_BOUND('',#2032,.T.);
#2032 = EDGE_LOOP('',(#2033,#2034,#2040,#2041,#2042,#2050));
#2033 = ORIENTED_EDGE('',*,*,#1357,.F.);
#2034 = ORIENTED_EDGE('',*,*,#2035,.T.);
#2035 = EDGE_CURVE('',#1350,#1445,#2036,.T.);
#2036 = LINE('',#2037,#2038);
#2037 = CARTESIAN_POINT('',(1.265,0.74,0.85));
#2038 = VECTOR('',#2039,1.);
#2039 = DIRECTION('',(0.,-1.,0.));
#2040 = ORIENTED_EDGE('',*,*,#1442,.F.);
#2041 = ORIENTED_EDGE('',*,*,#1809,.F.);
#2042 = ORIENTED_EDGE('',*,*,#2043,.F.);
#2043 = EDGE_CURVE('',#2044,#1766,#2046,.T.);
#2044 = VERTEX_POINT('',#2045);
#2045 = CARTESIAN_POINT('',(-1.07,0.54,0.85));
#2046 = LINE('',#2047,#2048);
#2047 = CARTESIAN_POINT('',(-1.07,0.54,0.85));
#2048 = VECTOR('',#2049,1.);
#2049 = DIRECTION('',(-0.707106781187,0.707106781187,0.));
#2050 = ORIENTED_EDGE('',*,*,#2051,.T.);
#2051 = EDGE_CURVE('',#2044,#1358,#2052,.T.);
#2052 = LINE('',#2053,#2054);
#2053 = CARTESIAN_POINT('',(-1.27,0.54,0.85));
#2054 = VECTOR('',#2055,1.);
#2055 = DIRECTION('',(1.,-0.,-0.));
#2056 = PLANE('',#2057);
#2057 = AXIS2_PLACEMENT_3D('',#2058,#2059,#2060);
#2058 = CARTESIAN_POINT('',(-1.27,0.,0.85));
#2059 = DIRECTION('',(0.,-0.,1.));
#2060 = DIRECTION('',(1.,0.,0.));
#2061 = ADVANCED_FACE('',(#2062,#2068),#2079,.F.);
#2062 = FACE_BOUND('',#2063,.T.);
#2063 = EDGE_LOOP('',(#2064,#2065,#2066,#2067));
#2064 = ORIENTED_EDGE('',*,*,#1938,.T.);
#2065 = ORIENTED_EDGE('',*,*,#1969,.T.);
#2066 = ORIENTED_EDGE('',*,*,#1993,.T.);
#2067 = ORIENTED_EDGE('',*,*,#2017,.T.);
#2068 = FACE_BOUND('',#2069,.T.);
#2069 = EDGE_LOOP('',(#2070,#2071,#2072,#2073));
#2070 = ORIENTED_EDGE('',*,*,#1404,.T.);
#2071 = ORIENTED_EDGE('',*,*,#1365,.T.);
#2072 = ORIENTED_EDGE('',*,*,#2051,.F.);
#2073 = ORIENTED_EDGE('',*,*,#2074,.F.);
#2074 = EDGE_CURVE('',#1405,#2044,#2075,.T.);
#2075 = LINE('',#2076,#2077);
#2076 = CARTESIAN_POINT('',(-1.07,0.54,-0.85));
#2077 = VECTOR('',#2078,1.);
#2078 = DIRECTION('',(-0.,-0.,1.));
#2079 = PLANE('',#2080);
#2080 = AXIS2_PLACEMENT_3D('',#2081,#2082,#2083);
#2081 = CARTESIAN_POINT('',(-1.27,0.54,0.85));
#2082 = DIRECTION('',(0.,1.,0.));
#2083 = DIRECTION('',(0.,-0.,1.));
#2084 = ADVANCED_FACE('',(#2085),#2091,.F.);
#2085 = FACE_BOUND('',#2086,.T.);
#2086 = EDGE_LOOP('',(#2087,#2088,#2089,#2090));
#2087 = ORIENTED_EDGE('',*,*,#1787,.F.);
#2088 = ORIENTED_EDGE('',*,*,#1412,.F.);
#2089 = ORIENTED_EDGE('',*,*,#2074,.T.);
#2090 = ORIENTED_EDGE('',*,*,#2043,.T.);
#2091 = PLANE('',#2092);
#2092 = AXIS2_PLACEMENT_3D('',#2093,#2094,#2095);
#2093 = CARTESIAN_POINT('',(-1.07,0.54,-0.85));
#2094 = DIRECTION('',(0.707106781187,0.707106781187,0.));
#2095 = DIRECTION('',(-0.707106781187,0.707106781187,0.));
#2096 = ADVANCED_FACE('',(#2097),#2108,.F.);
#2097 = FACE_BOUND('',#2098,.T.);
#2098 = EDGE_LOOP('',(#2099,#2100,#2106,#2107));
#2099 = ORIENTED_EDGE('',*,*,#1855,.F.);
#2100 = ORIENTED_EDGE('',*,*,#2101,.T.);
#2101 = EDGE_CURVE('',#1848,#1874,#2102,.T.);
#2102 = LINE('',#2103,#2104);
#2103 = CARTESIAN_POINT('',(1.27,2.34,0.85));
#2104 = VECTOR('',#2105,1.);
#2105 = DIRECTION('',(-2.55106393526E-16,0.,-1.));
#2106 = ORIENTED_EDGE('',*,*,#1873,.F.);
#2107 = ORIENTED_EDGE('',*,*,#1564,.F.);
#2108 = PLANE('',#2109);
#2109 = AXIS2_PLACEMENT_3D('',#2110,#2111,#2112);
#2110 = CARTESIAN_POINT('',(1.07,2.54,-2.729638410728E-16));
#2111 = DIRECTION('',(-0.707106781187,-0.707106781187,1.803874607863E-16
    ));
#2112 = DIRECTION('',(-2.55106393526E-16,0.,-1.));
#2113 = ADVANCED_FACE('',(#2114),#2120,.F.);
#2114 = FACE_BOUND('',#2115,.T.);
#2115 = EDGE_LOOP('',(#2116,#2117,#2118,#2119));
#2116 = ORIENTED_EDGE('',*,*,#1920,.F.);
#2117 = ORIENTED_EDGE('',*,*,#1773,.F.);
#2118 = ORIENTED_EDGE('',*,*,#1802,.F.);
#2119 = ORIENTED_EDGE('',*,*,#1596,.F.);
#2120 = PLANE('',#2121);
#2121 = AXIS2_PLACEMENT_3D('',#2122,#2123,#2124);
#2122 = CARTESIAN_POINT('',(-1.07,2.54,2.729638410728E-16));
#2123 = DIRECTION('',(0.707106781187,-0.707106781187,-1.803874607863E-16
    ));
#2124 = DIRECTION('',(2.55106393526E-16,0.,1.));
#2125 = ADVANCED_FACE('',(#2126),#2132,.T.);
#2126 = FACE_BOUND('',#2127,.T.);
#2127 = EDGE_LOOP('',(#2128,#2129,#2130,#2131));
#2128 = ORIENTED_EDGE('',*,*,#1349,.F.);
#2129 = ORIENTED_EDGE('',*,*,#1209,.F.);
#2130 = ORIENTED_EDGE('',*,*,#1452,.F.);
#2131 = ORIENTED_EDGE('',*,*,#2035,.F.);
#2132 = PLANE('',#2133);
#2133 = AXIS2_PLACEMENT_3D('',#2134,#2135,#2136);
#2134 = CARTESIAN_POINT('',(1.265,0.,1.27553196763E-18));
#2135 = DIRECTION('',(-1.,0.,-0.));
#2136 = DIRECTION('',(0.,0.,1.));
#2137 = ADVANCED_FACE('',(#2138),#2144,.F.);
#2138 = FACE_BOUND('',#2139,.T.);
#2139 = EDGE_LOOP('',(#2140,#2141,#2142,#2143));
#2140 = ORIENTED_EDGE('',*,*,#1280,.F.);
#2141 = ORIENTED_EDGE('',*,*,#1381,.T.);
#2142 = ORIENTED_EDGE('',*,*,#1395,.F.);
#2143 = ORIENTED_EDGE('',*,*,#1749,.F.);
#2144 = PLANE('',#2145);
#2145 = AXIS2_PLACEMENT_3D('',#2146,#2147,#2148);
#2146 = CARTESIAN_POINT('',(1.265,0.,1.27553196763E-18));
#2147 = DIRECTION('',(1.,-0.,0.));
#2148 = DIRECTION('',(0.,0.,-1.));
#2149 = ADVANCED_FACE('',(#2150),#2184,.F.);
#2150 = FACE_BOUND('',#2151,.T.);
#2151 = EDGE_LOOP('',(#2152,#2153,#2154,#2162,#2170,#2178));
#2152 = ORIENTED_EDGE('',*,*,#1460,.F.);
#2153 = ORIENTED_EDGE('',*,*,#1239,.F.);
#2154 = ORIENTED_EDGE('',*,*,#2155,.F.);
#2155 = EDGE_CURVE('',#2156,#1232,#2158,.T.);
#2156 = VERTEX_POINT('',#2157);
#2157 = CARTESIAN_POINT('',(1.47,0.54,0.85));
#2158 = LINE('',#2159,#2160);
#2159 = CARTESIAN_POINT('',(1.47,0.54,0.85));
#2160 = VECTOR('',#2161,1.);
#2161 = DIRECTION('',(-0.707106781187,0.707106781187,0.));
#2162 = ORIENTED_EDGE('',*,*,#2163,.T.);
#2163 = EDGE_CURVE('',#2156,#2164,#2166,.T.);
#2164 = VERTEX_POINT('',#2165);
#2165 = CARTESIAN_POINT('',(3.61,0.54,0.85));
#2166 = LINE('',#2167,#2168);
#2167 = CARTESIAN_POINT('',(1.27,0.54,0.85));
#2168 = VECTOR('',#2169,1.);
#2169 = DIRECTION('',(1.,-0.,-0.));
#2170 = ORIENTED_EDGE('',*,*,#2171,.F.);
#2171 = EDGE_CURVE('',#2172,#2164,#2174,.T.);
#2172 = VERTEX_POINT('',#2173);
#2173 = CARTESIAN_POINT('',(3.805,0.735,0.85));
#2174 = LINE('',#2175,#2176);
#2175 = CARTESIAN_POINT('',(3.61,0.54,0.85));
#2176 = VECTOR('',#2177,1.);
#2177 = DIRECTION('',(-0.707106781187,-0.707106781187,-0.));
#2178 = ORIENTED_EDGE('',*,*,#2179,.T.);
#2179 = EDGE_CURVE('',#2172,#1461,#2180,.T.);
#2180 = LINE('',#2181,#2182);
#2181 = CARTESIAN_POINT('',(3.805,0.74,0.85));
#2182 = VECTOR('',#2183,1.);
#2183 = DIRECTION('',(0.,-1.,0.));
#2184 = PLANE('',#2185);
#2185 = AXIS2_PLACEMENT_3D('',#2186,#2187,#2188);
#2186 = CARTESIAN_POINT('',(1.27,0.,0.85));
#2187 = DIRECTION('',(0.,-0.,1.));
#2188 = DIRECTION('',(1.,0.,0.));
#2189 = ADVANCED_FACE('',(#2190),#2212,.F.);
#2190 = FACE_BOUND('',#2191,.T.);
#2191 = EDGE_LOOP('',(#2192,#2193,#2194,#2195,#2196,#2197,#2205,#2211));
#2192 = ORIENTED_EDGE('',*,*,#1231,.T.);
#2193 = ORIENTED_EDGE('',*,*,#1183,.T.);
#2194 = ORIENTED_EDGE('',*,*,#1342,.F.);
#2195 = ORIENTED_EDGE('',*,*,#1262,.T.);
#2196 = ORIENTED_EDGE('',*,*,#1320,.F.);
#2197 = ORIENTED_EDGE('',*,*,#2198,.F.);
#2198 = EDGE_CURVE('',#2199,#1313,#2201,.T.);
#2199 = VERTEX_POINT('',#2200);
#2200 = CARTESIAN_POINT('',(1.47,0.54,-0.85));
#2201 = LINE('',#2202,#2203);
#2202 = CARTESIAN_POINT('',(1.47,0.54,-0.85));
#2203 = VECTOR('',#2204,1.);
#2204 = DIRECTION('',(-0.707106781187,0.707106781187,0.));
#2205 = ORIENTED_EDGE('',*,*,#2206,.T.);
#2206 = EDGE_CURVE('',#2199,#2156,#2207,.T.);
#2207 = LINE('',#2208,#2209);
#2208 = CARTESIAN_POINT('',(1.47,0.54,-0.85));
#2209 = VECTOR('',#2210,1.);
#2210 = DIRECTION('',(-0.,-0.,1.));
#2211 = ORIENTED_EDGE('',*,*,#2155,.T.);
#2212 = PLANE('',#2213);
#2213 = AXIS2_PLACEMENT_3D('',#2214,#2215,#2216);
#2214 = CARTESIAN_POINT('',(1.47,0.54,-0.85));
#2215 = DIRECTION('',(0.707106781187,0.707106781187,0.));
#2216 = DIRECTION('',(-0.707106781187,0.707106781187,0.));
#2217 = ADVANCED_FACE('',(#2218),#2275,.F.);
#2218 = FACE_BOUND('',#2219,.T.);
#2219 = EDGE_LOOP('',(#2220,#2230,#2238,#2246,#2252,#2253,#2261,#2269));
#2220 = ORIENTED_EDGE('',*,*,#2221,.F.);
#2221 = EDGE_CURVE('',#2222,#2224,#2226,.T.);
#2222 = VERTEX_POINT('',#2223);
#2223 = CARTESIAN_POINT('',(3.81,0.74,-0.83));
#2224 = VERTEX_POINT('',#2225);
#2225 = CARTESIAN_POINT('',(3.805,0.735,-0.83));
#2226 = LINE('',#2227,#2228);
#2227 = CARTESIAN_POINT('',(3.61,0.54,-0.83));
#2228 = VECTOR('',#2229,1.);
#2229 = DIRECTION('',(-0.707106781187,-0.707106781187,1.803874607863E-16
    ));
#2230 = ORIENTED_EDGE('',*,*,#2231,.T.);
#2231 = EDGE_CURVE('',#2222,#2232,#2234,.T.);
#2232 = VERTEX_POINT('',#2233);
#2233 = CARTESIAN_POINT('',(3.81,0.74,0.83));
#2234 = LINE('',#2235,#2236);
#2235 = CARTESIAN_POINT('',(3.81,0.74,-0.85));
#2236 = VECTOR('',#2237,1.);
#2237 = DIRECTION('',(-0.,-0.,1.));
#2238 = ORIENTED_EDGE('',*,*,#2239,.F.);
#2239 = EDGE_CURVE('',#2240,#2232,#2242,.T.);
#2240 = VERTEX_POINT('',#2241);
#2241 = CARTESIAN_POINT('',(3.805,0.735,0.83));
#2242 = LINE('',#2243,#2244);
#2243 = CARTESIAN_POINT('',(3.61,0.54,0.83));
#2244 = VECTOR('',#2245,1.);
#2245 = DIRECTION('',(0.707106781187,0.707106781187,-1.803874607863E-16)
  );
#2246 = ORIENTED_EDGE('',*,*,#2247,.T.);
#2247 = EDGE_CURVE('',#2240,#2172,#2248,.T.);
#2248 = LINE('',#2249,#2250);
#2249 = CARTESIAN_POINT('',(3.805,0.735,-0.85));
#2250 = VECTOR('',#2251,1.);
#2251 = DIRECTION('',(0.,0.,1.));
#2252 = ORIENTED_EDGE('',*,*,#2171,.T.);
#2253 = ORIENTED_EDGE('',*,*,#2254,.F.);
#2254 = EDGE_CURVE('',#2255,#2164,#2257,.T.);
#2255 = VERTEX_POINT('',#2256);
#2256 = CARTESIAN_POINT('',(3.61,0.54,-0.85));
#2257 = LINE('',#2258,#2259);
#2258 = CARTESIAN_POINT('',(3.61,0.54,-0.85));
#2259 = VECTOR('',#2260,1.);
#2260 = DIRECTION('',(-0.,-0.,1.));
#2261 = ORIENTED_EDGE('',*,*,#2262,.F.);
#2262 = EDGE_CURVE('',#2263,#2255,#2265,.T.);
#2263 = VERTEX_POINT('',#2264);
#2264 = CARTESIAN_POINT('',(3.805,0.735,-0.85));
#2265 = LINE('',#2266,#2267);
#2266 = CARTESIAN_POINT('',(3.61,0.54,-0.85));
#2267 = VECTOR('',#2268,1.);
#2268 = DIRECTION('',(-0.707106781187,-0.707106781187,-0.));
#2269 = ORIENTED_EDGE('',*,*,#2270,.F.);
#2270 = EDGE_CURVE('',#2224,#2263,#2271,.T.);
#2271 = LINE('',#2272,#2273);
#2272 = CARTESIAN_POINT('',(3.805,0.735,-0.85));
#2273 = VECTOR('',#2274,1.);
#2274 = DIRECTION('',(0.,0.,-1.));
#2275 = PLANE('',#2276);
#2276 = AXIS2_PLACEMENT_3D('',#2277,#2278,#2279);
#2277 = CARTESIAN_POINT('',(3.61,0.54,-0.85));
#2278 = DIRECTION('',(-0.707106781187,0.707106781187,0.));
#2279 = DIRECTION('',(-0.707106781187,-0.707106781187,0.));
#2280 = ADVANCED_FACE('',(#2281),#2299,.F.);
#2281 = FACE_BOUND('',#2282,.T.);
#2282 = EDGE_LOOP('',(#2283,#2284,#2285,#2291,#2292,#2298));
#2283 = ORIENTED_EDGE('',*,*,#1310,.F.);
#2284 = ORIENTED_EDGE('',*,*,#1741,.T.);
#2285 = ORIENTED_EDGE('',*,*,#2286,.T.);
#2286 = EDGE_CURVE('',#1734,#2263,#2287,.T.);
#2287 = LINE('',#2288,#2289);
#2288 = CARTESIAN_POINT('',(3.805,0.,-0.85));
#2289 = VECTOR('',#2290,1.);
#2290 = DIRECTION('',(0.,1.,0.));
#2291 = ORIENTED_EDGE('',*,*,#2262,.T.);
#2292 = ORIENTED_EDGE('',*,*,#2293,.F.);
#2293 = EDGE_CURVE('',#2199,#2255,#2294,.T.);
#2294 = LINE('',#2295,#2296);
#2295 = CARTESIAN_POINT('',(1.27,0.54,-0.85));
#2296 = VECTOR('',#2297,1.);
#2297 = DIRECTION('',(1.,-0.,-0.));
#2298 = ORIENTED_EDGE('',*,*,#2198,.T.);
#2299 = PLANE('',#2300);
#2300 = AXIS2_PLACEMENT_3D('',#2301,#2302,#2303);
#2301 = CARTESIAN_POINT('',(1.27,0.,-0.85));
#2302 = DIRECTION('',(0.,0.,-1.));
#2303 = DIRECTION('',(-1.,0.,-0.));
#2304 = ADVANCED_FACE('',(#2305,#2371),#2405,.F.);
#2305 = FACE_BOUND('',#2306,.T.);
#2306 = EDGE_LOOP('',(#2307,#2317,#2325,#2333,#2341,#2349,#2357,#2365));
#2307 = ORIENTED_EDGE('',*,*,#2308,.T.);
#2308 = EDGE_CURVE('',#2309,#2311,#2313,.T.);
#2309 = VERTEX_POINT('',#2310);
#2310 = CARTESIAN_POINT('',(3.41,2.54,1.25));
#2311 = VERTEX_POINT('',#2312);
#2312 = CARTESIAN_POINT('',(3.61,2.54,1.05));
#2313 = LINE('',#2314,#2315);
#2314 = CARTESIAN_POINT('',(3.41,2.54,1.25));
#2315 = VECTOR('',#2316,1.);
#2316 = DIRECTION('',(0.707106781187,0.,-0.707106781187));
#2317 = ORIENTED_EDGE('',*,*,#2318,.T.);
#2318 = EDGE_CURVE('',#2311,#2319,#2321,.T.);
#2319 = VERTEX_POINT('',#2320);
#2320 = CARTESIAN_POINT('',(3.61,2.54,-1.05));
#2321 = LINE('',#2322,#2323);
#2322 = CARTESIAN_POINT('',(3.61,2.54,-2.729638410728E-16));
#2323 = VECTOR('',#2324,1.);
#2324 = DIRECTION('',(-2.55106393526E-16,0.,-1.));
#2325 = ORIENTED_EDGE('',*,*,#2326,.T.);
#2326 = EDGE_CURVE('',#2319,#2327,#2329,.T.);
#2327 = VERTEX_POINT('',#2328);
#2328 = CARTESIAN_POINT('',(3.41,2.54,-1.25));
#2329 = LINE('',#2330,#2331);
#2330 = CARTESIAN_POINT('',(3.41,2.54,-1.25));
#2331 = VECTOR('',#2332,1.);
#2332 = DIRECTION('',(-0.707106781187,-0.,-0.707106781187));
#2333 = ORIENTED_EDGE('',*,*,#2334,.T.);
#2334 = EDGE_CURVE('',#2327,#2335,#2337,.T.);
#2335 = VERTEX_POINT('',#2336);
#2336 = CARTESIAN_POINT('',(1.67,2.54,-1.25));
#2337 = LINE('',#2338,#2339);
#2338 = CARTESIAN_POINT('',(1.67,2.54,-1.25));
#2339 = VECTOR('',#2340,1.);
#2340 = DIRECTION('',(-1.,-0.,-0.));
#2341 = ORIENTED_EDGE('',*,*,#2342,.T.);
#2342 = EDGE_CURVE('',#2335,#2343,#2345,.T.);
#2343 = VERTEX_POINT('',#2344);
#2344 = CARTESIAN_POINT('',(1.47,2.54,-1.05));
#2345 = LINE('',#2346,#2347);
#2346 = CARTESIAN_POINT('',(1.27,2.54,-0.85));
#2347 = VECTOR('',#2348,1.);
#2348 = DIRECTION('',(-0.707106781187,-0.,0.707106781187));
#2349 = ORIENTED_EDGE('',*,*,#2350,.T.);
#2350 = EDGE_CURVE('',#2343,#2351,#2353,.T.);
#2351 = VERTEX_POINT('',#2352);
#2352 = CARTESIAN_POINT('',(1.47,2.54,1.05));
#2353 = LINE('',#2354,#2355);
#2354 = CARTESIAN_POINT('',(1.47,2.54,2.729638410728E-16));
#2355 = VECTOR('',#2356,1.);
#2356 = DIRECTION('',(2.55106393526E-16,0.,1.));
#2357 = ORIENTED_EDGE('',*,*,#2358,.T.);
#2358 = EDGE_CURVE('',#2351,#2359,#2361,.T.);
#2359 = VERTEX_POINT('',#2360);
#2360 = CARTESIAN_POINT('',(1.67,2.54,1.25));
#2361 = LINE('',#2362,#2363);
#2362 = CARTESIAN_POINT('',(1.27,2.54,0.85));
#2363 = VECTOR('',#2364,1.);
#2364 = DIRECTION('',(0.707106781187,0.,0.707106781187));
#2365 = ORIENTED_EDGE('',*,*,#2366,.T.);
#2366 = EDGE_CURVE('',#2359,#2309,#2367,.T.);
#2367 = LINE('',#2368,#2369);
#2368 = CARTESIAN_POINT('',(1.67,2.54,1.25));
#2369 = VECTOR('',#2370,1.);
#2370 = DIRECTION('',(1.,0.,0.));
#2371 = FACE_BOUND('',#2372,.T.);
#2372 = EDGE_LOOP('',(#2373,#2383,#2391,#2399));
#2373 = ORIENTED_EDGE('',*,*,#2374,.F.);
#2374 = EDGE_CURVE('',#2375,#2377,#2379,.T.);
#2375 = VERTEX_POINT('',#2376);
#2376 = CARTESIAN_POINT('',(2.86,2.54,0.32));
#2377 = VERTEX_POINT('',#2378);
#2378 = CARTESIAN_POINT('',(2.86,2.54,-0.32));
#2379 = LINE('',#2380,#2381);
#2380 = CARTESIAN_POINT('',(2.86,2.54,0.32));
#2381 = VECTOR('',#2382,1.);
#2382 = DIRECTION('',(0.,0.,-1.));
#2383 = ORIENTED_EDGE('',*,*,#2384,.F.);
#2384 = EDGE_CURVE('',#2385,#2375,#2387,.T.);
#2385 = VERTEX_POINT('',#2386);
#2386 = CARTESIAN_POINT('',(2.22,2.54,0.32));
#2387 = LINE('',#2388,#2389);
#2388 = CARTESIAN_POINT('',(2.22,2.54,0.32));
#2389 = VECTOR('',#2390,1.);
#2390 = DIRECTION('',(1.,0.,0.));
#2391 = ORIENTED_EDGE('',*,*,#2392,.F.);
#2392 = EDGE_CURVE('',#2393,#2385,#2395,.T.);
#2393 = VERTEX_POINT('',#2394);
#2394 = CARTESIAN_POINT('',(2.22,2.54,-0.32));
#2395 = LINE('',#2396,#2397);
#2396 = CARTESIAN_POINT('',(2.22,2.54,0.32));
#2397 = VECTOR('',#2398,1.);
#2398 = DIRECTION('',(-0.,-0.,1.));
#2399 = ORIENTED_EDGE('',*,*,#2400,.F.);
#2400 = EDGE_CURVE('',#2377,#2393,#2401,.T.);
#2401 = LINE('',#2402,#2403);
#2402 = CARTESIAN_POINT('',(2.22,2.54,-0.32));
#2403 = VECTOR('',#2404,1.);
#2404 = DIRECTION('',(-1.,-0.,-0.));
#2405 = PLANE('',#2406);
#2406 = AXIS2_PLACEMENT_3D('',#2407,#2408,#2409);
#2407 = CARTESIAN_POINT('',(2.54,2.54,0.));
#2408 = DIRECTION('',(0.,-1.,0.));
#2409 = DIRECTION('',(0.,0.,-1.));
#2410 = ADVANCED_FACE('',(#2411),#2428,.F.);
#2411 = FACE_BOUND('',#2412,.T.);
#2412 = EDGE_LOOP('',(#2413,#2414,#2420,#2421,#2422));
#2413 = ORIENTED_EDGE('',*,*,#2358,.F.);
#2414 = ORIENTED_EDGE('',*,*,#2415,.T.);
#2415 = EDGE_CURVE('',#2351,#1848,#2416,.T.);
#2416 = LINE('',#2417,#2418);
#2417 = CARTESIAN_POINT('',(1.12,2.19,0.7));
#2418 = VECTOR('',#2419,1.);
#2419 = DIRECTION('',(-0.57735026919,-0.57735026919,-0.57735026919));
#2420 = ORIENTED_EDGE('',*,*,#1847,.T.);
#2421 = ORIENTED_EDGE('',*,*,#1516,.T.);
#2422 = ORIENTED_EDGE('',*,*,#2423,.F.);
#2423 = EDGE_CURVE('',#2359,#1509,#2424,.T.);
#2424 = LINE('',#2425,#2426);
#2425 = CARTESIAN_POINT('',(1.67,2.54,1.25));
#2426 = VECTOR('',#2427,1.);
#2427 = DIRECTION('',(-0.,-1.,-0.));
#2428 = PLANE('',#2429);
#2429 = AXIS2_PLACEMENT_3D('',#2430,#2431,#2432);
#2430 = CARTESIAN_POINT('',(1.27,2.54,0.85));
#2431 = DIRECTION('',(0.707106781187,0.,-0.707106781187));
#2432 = DIRECTION('',(-0.707106781187,0.,-0.707106781187));
#2433 = ADVANCED_FACE('',(#2434),#2445,.F.);
#2434 = FACE_BOUND('',#2435,.T.);
#2435 = EDGE_LOOP('',(#2436,#2437,#2443,#2444));
#2436 = ORIENTED_EDGE('',*,*,#1508,.T.);
#2437 = ORIENTED_EDGE('',*,*,#2438,.F.);
#2438 = EDGE_CURVE('',#2309,#1501,#2439,.T.);
#2439 = LINE('',#2440,#2441);
#2440 = CARTESIAN_POINT('',(3.41,2.54,1.25));
#2441 = VECTOR('',#2442,1.);
#2442 = DIRECTION('',(-0.,-1.,-0.));
#2443 = ORIENTED_EDGE('',*,*,#2366,.F.);
#2444 = ORIENTED_EDGE('',*,*,#2423,.T.);
#2445 = PLANE('',#2446);
#2446 = AXIS2_PLACEMENT_3D('',#2447,#2448,#2449);
#2447 = CARTESIAN_POINT('',(1.67,2.54,1.25));
#2448 = DIRECTION('',(0.,0.,-1.));
#2449 = DIRECTION('',(-1.,0.,-0.));
#2450 = ADVANCED_FACE('',(#2451),#2478,.F.);
#2451 = FACE_BOUND('',#2452,.T.);
#2452 = EDGE_LOOP('',(#2453,#2463,#2469,#2470,#2471,#2472));
#2453 = ORIENTED_EDGE('',*,*,#2454,.F.);
#2454 = EDGE_CURVE('',#2455,#2457,#2459,.T.);
#2455 = VERTEX_POINT('',#2456);
#2456 = CARTESIAN_POINT('',(3.81,2.34,0.85));
#2457 = VERTEX_POINT('',#2458);
#2458 = CARTESIAN_POINT('',(3.81,0.74,0.85));
#2459 = LINE('',#2460,#2461);
#2460 = CARTESIAN_POINT('',(3.81,2.54,0.85));
#2461 = VECTOR('',#2462,1.);
#2462 = DIRECTION('',(-0.,-1.,-0.));
#2463 = ORIENTED_EDGE('',*,*,#2464,.T.);
#2464 = EDGE_CURVE('',#2455,#2311,#2465,.T.);
#2465 = LINE('',#2466,#2467);
#2466 = CARTESIAN_POINT('',(3.96,2.19,0.7));
#2467 = VECTOR('',#2468,1.);
#2468 = DIRECTION('',(-0.57735026919,0.57735026919,0.57735026919));
#2469 = ORIENTED_EDGE('',*,*,#2308,.F.);
#2470 = ORIENTED_EDGE('',*,*,#2438,.T.);
#2471 = ORIENTED_EDGE('',*,*,#1500,.T.);
#2472 = ORIENTED_EDGE('',*,*,#2473,.F.);
#2473 = EDGE_CURVE('',#2457,#1493,#2474,.T.);
#2474 = LINE('',#2475,#2476);
#2475 = CARTESIAN_POINT('',(3.81,0.,0.85));
#2476 = VECTOR('',#2477,1.);
#2477 = DIRECTION('',(-0.,-1.,-0.));
#2478 = PLANE('',#2479);
#2479 = AXIS2_PLACEMENT_3D('',#2480,#2481,#2482);
#2480 = CARTESIAN_POINT('',(3.41,2.54,1.25));
#2481 = DIRECTION('',(-0.707106781187,0.,-0.707106781187));
#2482 = DIRECTION('',(-0.707106781187,0.,0.707106781187));
#2483 = ADVANCED_FACE('',(#2484),#2516,.F.);
#2484 = FACE_BOUND('',#2485,.T.);
#2485 = EDGE_LOOP('',(#2486,#2496,#2502,#2503,#2509,#2510));
#2486 = ORIENTED_EDGE('',*,*,#2487,.F.);
#2487 = EDGE_CURVE('',#2488,#2490,#2492,.T.);
#2488 = VERTEX_POINT('',#2489);
#2489 = CARTESIAN_POINT('',(3.81,2.34,-0.85));
#2490 = VERTEX_POINT('',#2491);
#2491 = CARTESIAN_POINT('',(3.81,0.74,-0.85));
#2492 = LINE('',#2493,#2494);
#2493 = CARTESIAN_POINT('',(3.81,2.54,-0.85));
#2494 = VECTOR('',#2495,1.);
#2495 = DIRECTION('',(-0.,-1.,-0.));
#2496 = ORIENTED_EDGE('',*,*,#2497,.T.);
#2497 = EDGE_CURVE('',#2488,#2455,#2498,.T.);
#2498 = LINE('',#2499,#2500);
#2499 = CARTESIAN_POINT('',(3.81,2.34,0.85));
#2500 = VECTOR('',#2501,1.);
#2501 = DIRECTION('',(2.55106393526E-16,0.,1.));
#2502 = ORIENTED_EDGE('',*,*,#2454,.T.);
#2503 = ORIENTED_EDGE('',*,*,#2504,.F.);
#2504 = EDGE_CURVE('',#2232,#2457,#2505,.T.);
#2505 = LINE('',#2506,#2507);
#2506 = CARTESIAN_POINT('',(3.81,0.74,-0.85));
#2507 = VECTOR('',#2508,1.);
#2508 = DIRECTION('',(-0.,-0.,1.));
#2509 = ORIENTED_EDGE('',*,*,#2231,.F.);
#2510 = ORIENTED_EDGE('',*,*,#2511,.F.);
#2511 = EDGE_CURVE('',#2490,#2222,#2512,.T.);
#2512 = LINE('',#2513,#2514);
#2513 = CARTESIAN_POINT('',(3.81,0.74,-0.85));
#2514 = VECTOR('',#2515,1.);
#2515 = DIRECTION('',(-0.,-0.,1.));
#2516 = PLANE('',#2517);
#2517 = AXIS2_PLACEMENT_3D('',#2518,#2519,#2520);
#2518 = CARTESIAN_POINT('',(3.81,2.54,0.85));
#2519 = DIRECTION('',(-1.,0.,2.55106393526E-16));
#2520 = DIRECTION('',(2.55106393526E-16,0.,1.));
#2521 = ADVANCED_FACE('',(#2522),#2545,.F.);
#2522 = FACE_BOUND('',#2523,.T.);
#2523 = EDGE_LOOP('',(#2524,#2525,#2531,#2532,#2538,#2539));
#2524 = ORIENTED_EDGE('',*,*,#2326,.F.);
#2525 = ORIENTED_EDGE('',*,*,#2526,.T.);
#2526 = EDGE_CURVE('',#2319,#2488,#2527,.T.);
#2527 = LINE('',#2528,#2529);
#2528 = CARTESIAN_POINT('',(3.96,2.19,-0.7));
#2529 = VECTOR('',#2530,1.);
#2530 = DIRECTION('',(0.57735026919,-0.57735026919,0.57735026919));
#2531 = ORIENTED_EDGE('',*,*,#2487,.T.);
#2532 = ORIENTED_EDGE('',*,*,#2533,.F.);
#2533 = EDGE_CURVE('',#1702,#2490,#2534,.T.);
#2534 = LINE('',#2535,#2536);
#2535 = CARTESIAN_POINT('',(3.81,0.,-0.85));
#2536 = VECTOR('',#2537,1.);
#2537 = DIRECTION('',(0.,1.,0.));
#2538 = ORIENTED_EDGE('',*,*,#1701,.T.);
#2539 = ORIENTED_EDGE('',*,*,#2540,.F.);
#2540 = EDGE_CURVE('',#2327,#1694,#2541,.T.);
#2541 = LINE('',#2542,#2543);
#2542 = CARTESIAN_POINT('',(3.41,2.54,-1.25));
#2543 = VECTOR('',#2544,1.);
#2544 = DIRECTION('',(-0.,-1.,-0.));
#2545 = PLANE('',#2546);
#2546 = AXIS2_PLACEMENT_3D('',#2547,#2548,#2549);
#2547 = CARTESIAN_POINT('',(3.41,2.54,-1.25));
#2548 = DIRECTION('',(-0.707106781187,0.,0.707106781187));
#2549 = DIRECTION('',(0.707106781187,0.,0.707106781187));
#2550 = ADVANCED_FACE('',(#2551),#2562,.F.);
#2551 = FACE_BOUND('',#2552,.T.);
#2552 = EDGE_LOOP('',(#2553,#2554,#2560,#2561));
#2553 = ORIENTED_EDGE('',*,*,#1693,.T.);
#2554 = ORIENTED_EDGE('',*,*,#2555,.F.);
#2555 = EDGE_CURVE('',#2335,#1686,#2556,.T.);
#2556 = LINE('',#2557,#2558);
#2557 = CARTESIAN_POINT('',(1.67,2.54,-1.25));
#2558 = VECTOR('',#2559,1.);
#2559 = DIRECTION('',(-0.,-1.,-0.));
#2560 = ORIENTED_EDGE('',*,*,#2334,.F.);
#2561 = ORIENTED_EDGE('',*,*,#2540,.T.);
#2562 = PLANE('',#2563);
#2563 = AXIS2_PLACEMENT_3D('',#2564,#2565,#2566);
#2564 = CARTESIAN_POINT('',(1.67,2.54,-1.25));
#2565 = DIRECTION('',(0.,0.,1.));
#2566 = DIRECTION('',(1.,0.,-0.));
#2567 = ADVANCED_FACE('',(#2568),#2580,.F.);
#2568 = FACE_BOUND('',#2569,.T.);
#2569 = EDGE_LOOP('',(#2570,#2571,#2577,#2578,#2579));
#2570 = ORIENTED_EDGE('',*,*,#1881,.F.);
#2571 = ORIENTED_EDGE('',*,*,#2572,.T.);
#2572 = EDGE_CURVE('',#1874,#2343,#2573,.T.);
#2573 = LINE('',#2574,#2575);
#2574 = CARTESIAN_POINT('',(1.12,2.19,-0.7));
#2575 = VECTOR('',#2576,1.);
#2576 = DIRECTION('',(0.57735026919,0.57735026919,-0.57735026919));
#2577 = ORIENTED_EDGE('',*,*,#2342,.F.);
#2578 = ORIENTED_EDGE('',*,*,#2555,.T.);
#2579 = ORIENTED_EDGE('',*,*,#1685,.T.);
#2580 = PLANE('',#2581);
#2581 = AXIS2_PLACEMENT_3D('',#2582,#2583,#2584);
#2582 = CARTESIAN_POINT('',(1.27,2.54,-0.85));
#2583 = DIRECTION('',(0.707106781187,-0.,0.707106781187));
#2584 = DIRECTION('',(0.707106781187,0.,-0.707106781187));
#2585 = ADVANCED_FACE('',(#2586),#2611,.T.);
#2586 = FACE_BOUND('',#2587,.T.);
#2587 = EDGE_LOOP('',(#2588,#2598,#2604,#2605));
#2588 = ORIENTED_EDGE('',*,*,#2589,.F.);
#2589 = EDGE_CURVE('',#2590,#2592,#2594,.T.);
#2590 = VERTEX_POINT('',#2591);
#2591 = CARTESIAN_POINT('',(2.86,0.54,0.32));
#2592 = VERTEX_POINT('',#2593);
#2593 = CARTESIAN_POINT('',(2.86,0.54,-0.32));
#2594 = LINE('',#2595,#2596);
#2595 = CARTESIAN_POINT('',(2.86,0.54,0.32));
#2596 = VECTOR('',#2597,1.);
#2597 = DIRECTION('',(0.,0.,-1.));
#2598 = ORIENTED_EDGE('',*,*,#2599,.F.);
#2599 = EDGE_CURVE('',#2375,#2590,#2600,.T.);
#2600 = LINE('',#2601,#2602);
#2601 = CARTESIAN_POINT('',(2.86,2.54,0.32));
#2602 = VECTOR('',#2603,1.);
#2603 = DIRECTION('',(-0.,-1.,-0.));
#2604 = ORIENTED_EDGE('',*,*,#2374,.T.);
#2605 = ORIENTED_EDGE('',*,*,#2606,.T.);
#2606 = EDGE_CURVE('',#2377,#2592,#2607,.T.);
#2607 = LINE('',#2608,#2609);
#2608 = CARTESIAN_POINT('',(2.86,2.54,-0.32));
#2609 = VECTOR('',#2610,1.);
#2610 = DIRECTION('',(-0.,-1.,-0.));
#2611 = PLANE('',#2612);
#2612 = AXIS2_PLACEMENT_3D('',#2613,#2614,#2615);
#2613 = CARTESIAN_POINT('',(2.86,2.54,0.32));
#2614 = DIRECTION('',(-1.,0.,0.));
#2615 = DIRECTION('',(0.,0.,1.));
#2616 = ADVANCED_FACE('',(#2617),#2635,.T.);
#2617 = FACE_BOUND('',#2618,.T.);
#2618 = EDGE_LOOP('',(#2619,#2627,#2628,#2629));
#2619 = ORIENTED_EDGE('',*,*,#2620,.F.);
#2620 = EDGE_CURVE('',#2592,#2621,#2623,.T.);
#2621 = VERTEX_POINT('',#2622);
#2622 = CARTESIAN_POINT('',(2.22,0.54,-0.32));
#2623 = LINE('',#2624,#2625);
#2624 = CARTESIAN_POINT('',(2.22,0.54,-0.32));
#2625 = VECTOR('',#2626,1.);
#2626 = DIRECTION('',(-1.,0.,0.));
#2627 = ORIENTED_EDGE('',*,*,#2606,.F.);
#2628 = ORIENTED_EDGE('',*,*,#2400,.T.);
#2629 = ORIENTED_EDGE('',*,*,#2630,.T.);
#2630 = EDGE_CURVE('',#2393,#2621,#2631,.T.);
#2631 = LINE('',#2632,#2633);
#2632 = CARTESIAN_POINT('',(2.22,2.54,-0.32));
#2633 = VECTOR('',#2634,1.);
#2634 = DIRECTION('',(-0.,-1.,-0.));
#2635 = PLANE('',#2636);
#2636 = AXIS2_PLACEMENT_3D('',#2637,#2638,#2639);
#2637 = CARTESIAN_POINT('',(2.22,2.54,-0.32));
#2638 = DIRECTION('',(0.,0.,1.));
#2639 = DIRECTION('',(1.,0.,-0.));
#2640 = ADVANCED_FACE('',(#2641),#2659,.T.);
#2641 = FACE_BOUND('',#2642,.T.);
#2642 = EDGE_LOOP('',(#2643,#2651,#2652,#2653));
#2643 = ORIENTED_EDGE('',*,*,#2644,.F.);
#2644 = EDGE_CURVE('',#2621,#2645,#2647,.T.);
#2645 = VERTEX_POINT('',#2646);
#2646 = CARTESIAN_POINT('',(2.22,0.54,0.32));
#2647 = LINE('',#2648,#2649);
#2648 = CARTESIAN_POINT('',(2.22,0.54,0.32));
#2649 = VECTOR('',#2650,1.);
#2650 = DIRECTION('',(-0.,0.,1.));
#2651 = ORIENTED_EDGE('',*,*,#2630,.F.);
#2652 = ORIENTED_EDGE('',*,*,#2392,.T.);
#2653 = ORIENTED_EDGE('',*,*,#2654,.T.);
#2654 = EDGE_CURVE('',#2385,#2645,#2655,.T.);
#2655 = LINE('',#2656,#2657);
#2656 = CARTESIAN_POINT('',(2.22,2.54,0.32));
#2657 = VECTOR('',#2658,1.);
#2658 = DIRECTION('',(-0.,-1.,-0.));
#2659 = PLANE('',#2660);
#2660 = AXIS2_PLACEMENT_3D('',#2661,#2662,#2663);
#2661 = CARTESIAN_POINT('',(2.22,2.54,0.32));
#2662 = DIRECTION('',(1.,-0.,0.));
#2663 = DIRECTION('',(0.,0.,-1.));
#2664 = ADVANCED_FACE('',(#2665),#2676,.T.);
#2665 = FACE_BOUND('',#2666,.T.);
#2666 = EDGE_LOOP('',(#2667,#2673,#2674,#2675));
#2667 = ORIENTED_EDGE('',*,*,#2668,.F.);
#2668 = EDGE_CURVE('',#2645,#2590,#2669,.T.);
#2669 = LINE('',#2670,#2671);
#2670 = CARTESIAN_POINT('',(2.22,0.54,0.32));
#2671 = VECTOR('',#2672,1.);
#2672 = DIRECTION('',(1.,-0.,0.));
#2673 = ORIENTED_EDGE('',*,*,#2654,.F.);
#2674 = ORIENTED_EDGE('',*,*,#2384,.T.);
#2675 = ORIENTED_EDGE('',*,*,#2599,.T.);
#2676 = PLANE('',#2677);
#2677 = AXIS2_PLACEMENT_3D('',#2678,#2679,#2680);
#2678 = CARTESIAN_POINT('',(2.22,2.54,0.32));
#2679 = DIRECTION('',(0.,0.,-1.));
#2680 = DIRECTION('',(-1.,0.,-0.));
#2681 = ADVANCED_FACE('',(#2682,#2688),#2694,.F.);
#2682 = FACE_BOUND('',#2683,.T.);
#2683 = EDGE_LOOP('',(#2684,#2685,#2686,#2687));
#2684 = ORIENTED_EDGE('',*,*,#2589,.T.);
#2685 = ORIENTED_EDGE('',*,*,#2620,.T.);
#2686 = ORIENTED_EDGE('',*,*,#2644,.T.);
#2687 = ORIENTED_EDGE('',*,*,#2668,.T.);
#2688 = FACE_BOUND('',#2689,.T.);
#2689 = EDGE_LOOP('',(#2690,#2691,#2692,#2693));
#2690 = ORIENTED_EDGE('',*,*,#2293,.T.);
#2691 = ORIENTED_EDGE('',*,*,#2254,.T.);
#2692 = ORIENTED_EDGE('',*,*,#2163,.F.);
#2693 = ORIENTED_EDGE('',*,*,#2206,.F.);
#2694 = PLANE('',#2695);
#2695 = AXIS2_PLACEMENT_3D('',#2696,#2697,#2698);
#2696 = CARTESIAN_POINT('',(1.27,0.54,0.85));
#2697 = DIRECTION('',(0.,1.,0.));
#2698 = DIRECTION('',(0.,-0.,1.));
#2699 = ADVANCED_FACE('',(#2700),#2706,.F.);
#2700 = FACE_BOUND('',#2701,.T.);
#2701 = EDGE_LOOP('',(#2702,#2703,#2704,#2705));
#2702 = ORIENTED_EDGE('',*,*,#2464,.F.);
#2703 = ORIENTED_EDGE('',*,*,#2497,.F.);
#2704 = ORIENTED_EDGE('',*,*,#2526,.F.);
#2705 = ORIENTED_EDGE('',*,*,#2318,.F.);
#2706 = PLANE('',#2707);
#2707 = AXIS2_PLACEMENT_3D('',#2708,#2709,#2710);
#2708 = CARTESIAN_POINT('',(3.61,2.54,-2.729638410728E-16));
#2709 = DIRECTION('',(-0.707106781187,-0.707106781187,1.803874607863E-16
    ));
#2710 = DIRECTION('',(-2.55106393526E-16,0.,-1.));
#2711 = ADVANCED_FACE('',(#2712),#2718,.F.);
#2712 = FACE_BOUND('',#2713,.T.);
#2713 = EDGE_LOOP('',(#2714,#2715,#2716,#2717));
#2714 = ORIENTED_EDGE('',*,*,#2572,.F.);
#2715 = ORIENTED_EDGE('',*,*,#2101,.F.);
#2716 = ORIENTED_EDGE('',*,*,#2415,.F.);
#2717 = ORIENTED_EDGE('',*,*,#2350,.F.);
#2718 = PLANE('',#2719);
#2719 = AXIS2_PLACEMENT_3D('',#2720,#2721,#2722);
#2720 = CARTESIAN_POINT('',(1.47,2.54,2.729638410728E-16));
#2721 = DIRECTION('',(0.707106781187,-0.707106781187,-1.803874607863E-16
    ));
#2722 = DIRECTION('',(2.55106393526E-16,0.,1.));
#2723 = ADVANCED_FACE('',(#2724),#2749,.F.);
#2724 = FACE_BOUND('',#2725,.T.);
#2725 = EDGE_LOOP('',(#2726,#2734,#2735,#2743));
#2726 = ORIENTED_EDGE('',*,*,#2727,.T.);
#2727 = EDGE_CURVE('',#2728,#2232,#2730,.T.);
#2728 = VERTEX_POINT('',#2729);
#2729 = CARTESIAN_POINT('',(3.815,0.74,0.83));
#2730 = LINE('',#2731,#2732);
#2731 = CARTESIAN_POINT('',(3.815,0.74,0.83));
#2732 = VECTOR('',#2733,1.);
#2733 = DIRECTION('',(-1.,-0.,2.55106393526E-16));
#2734 = ORIENTED_EDGE('',*,*,#2504,.T.);
#2735 = ORIENTED_EDGE('',*,*,#2736,.F.);
#2736 = EDGE_CURVE('',#2737,#2457,#2739,.T.);
#2737 = VERTEX_POINT('',#2738);
#2738 = CARTESIAN_POINT('',(3.815,0.74,0.85));
#2739 = LINE('',#2740,#2741);
#2740 = CARTESIAN_POINT('',(3.815,0.74,0.85));
#2741 = VECTOR('',#2742,1.);
#2742 = DIRECTION('',(-1.,-0.,2.55106393526E-16));
#2743 = ORIENTED_EDGE('',*,*,#2744,.F.);
#2744 = EDGE_CURVE('',#2728,#2737,#2745,.T.);
#2745 = LINE('',#2746,#2747);
#2746 = CARTESIAN_POINT('',(3.815,0.74,0.85));
#2747 = VECTOR('',#2748,1.);
#2748 = DIRECTION('',(-0.,-0.,1.));
#2749 = PLANE('',#2750);
#2750 = AXIS2_PLACEMENT_3D('',#2751,#2752,#2753);
#2751 = CARTESIAN_POINT('',(3.815,0.74,0.85));
#2752 = DIRECTION('',(0.,-1.,0.));
#2753 = DIRECTION('',(0.,-0.,-1.));
#2754 = ADVANCED_FACE('',(#2755),#2766,.F.);
#2755 = FACE_BOUND('',#2756,.T.);
#2756 = EDGE_LOOP('',(#2757,#2758,#2759,#2760));
#2757 = ORIENTED_EDGE('',*,*,#2736,.T.);
#2758 = ORIENTED_EDGE('',*,*,#2473,.T.);
#2759 = ORIENTED_EDGE('',*,*,#1492,.F.);
#2760 = ORIENTED_EDGE('',*,*,#2761,.F.);
#2761 = EDGE_CURVE('',#2737,#1485,#2762,.T.);
#2762 = LINE('',#2763,#2764);
#2763 = CARTESIAN_POINT('',(3.815,0.74,0.85));
#2764 = VECTOR('',#2765,1.);
#2765 = DIRECTION('',(0.,-1.,0.));
#2766 = PLANE('',#2767);
#2767 = AXIS2_PLACEMENT_3D('',#2768,#2769,#2770);
#2768 = CARTESIAN_POINT('',(3.815,0.74,0.85));
#2769 = DIRECTION('',(-2.55106393526E-16,0.,-1.));
#2770 = DIRECTION('',(-1.,0.,2.55106393526E-16));
#2771 = ADVANCED_FACE('',(#2772),#2789,.F.);
#2772 = FACE_BOUND('',#2773,.T.);
#2773 = EDGE_LOOP('',(#2774,#2780,#2781,#2782,#2788));
#2774 = ORIENTED_EDGE('',*,*,#2775,.T.);
#2775 = EDGE_CURVE('',#1469,#2240,#2776,.T.);
#2776 = LINE('',#2777,#2778);
#2777 = CARTESIAN_POINT('',(3.805,0.74,0.83));
#2778 = VECTOR('',#2779,1.);
#2779 = DIRECTION('',(-0.,1.,-0.));
#2780 = ORIENTED_EDGE('',*,*,#2239,.T.);
#2781 = ORIENTED_EDGE('',*,*,#2727,.F.);
#2782 = ORIENTED_EDGE('',*,*,#2783,.F.);
#2783 = EDGE_CURVE('',#1477,#2728,#2784,.T.);
#2784 = LINE('',#2785,#2786);
#2785 = CARTESIAN_POINT('',(3.815,0.74,0.83));
#2786 = VECTOR('',#2787,1.);
#2787 = DIRECTION('',(-0.,1.,-0.));
#2788 = ORIENTED_EDGE('',*,*,#1476,.T.);
#2789 = PLANE('',#2790);
#2790 = AXIS2_PLACEMENT_3D('',#2791,#2792,#2793);
#2791 = CARTESIAN_POINT('',(3.815,0.74,0.83));
#2792 = DIRECTION('',(2.55106393526E-16,0.,1.));
#2793 = DIRECTION('',(1.,0.,-2.55106393526E-16));
#2794 = ADVANCED_FACE('',(#2795),#2801,.T.);
#2795 = FACE_BOUND('',#2796,.T.);
#2796 = EDGE_LOOP('',(#2797,#2798,#2799,#2800));
#2797 = ORIENTED_EDGE('',*,*,#2247,.F.);
#2798 = ORIENTED_EDGE('',*,*,#2775,.F.);
#2799 = ORIENTED_EDGE('',*,*,#1468,.F.);
#2800 = ORIENTED_EDGE('',*,*,#2179,.F.);
#2801 = PLANE('',#2802);
#2802 = AXIS2_PLACEMENT_3D('',#2803,#2804,#2805);
#2803 = CARTESIAN_POINT('',(3.805,0.,1.27553196763E-18));
#2804 = DIRECTION('',(-1.,0.,-0.));
#2805 = DIRECTION('',(0.,0.,1.));
#2806 = ADVANCED_FACE('',(#2807),#2813,.F.);
#2807 = FACE_BOUND('',#2808,.T.);
#2808 = EDGE_LOOP('',(#2809,#2810,#2811,#2812));
#2809 = ORIENTED_EDGE('',*,*,#2744,.T.);
#2810 = ORIENTED_EDGE('',*,*,#2761,.T.);
#2811 = ORIENTED_EDGE('',*,*,#1484,.T.);
#2812 = ORIENTED_EDGE('',*,*,#2783,.T.);
#2813 = PLANE('',#2814);
#2814 = AXIS2_PLACEMENT_3D('',#2815,#2816,#2817);
#2815 = CARTESIAN_POINT('',(3.815,0.,-1.27553196763E-18));
#2816 = DIRECTION('',(-1.,0.,-0.));
#2817 = DIRECTION('',(0.,0.,1.));
#2818 = ADVANCED_FACE('',(#2819),#2843,.F.);
#2819 = FACE_BOUND('',#2820,.T.);
#2820 = EDGE_LOOP('',(#2821,#2829,#2830,#2836,#2837));
#2821 = ORIENTED_EDGE('',*,*,#2822,.T.);
#2822 = EDGE_CURVE('',#2823,#2222,#2825,.T.);
#2823 = VERTEX_POINT('',#2824);
#2824 = CARTESIAN_POINT('',(3.815,0.74,-0.83));
#2825 = LINE('',#2826,#2827);
#2826 = CARTESIAN_POINT('',(3.815,0.74,-0.83));
#2827 = VECTOR('',#2828,1.);
#2828 = DIRECTION('',(-1.,-0.,2.55106393526E-16));
#2829 = ORIENTED_EDGE('',*,*,#2221,.T.);
#2830 = ORIENTED_EDGE('',*,*,#2831,.T.);
#2831 = EDGE_CURVE('',#2224,#1726,#2832,.T.);
#2832 = LINE('',#2833,#2834);
#2833 = CARTESIAN_POINT('',(3.805,0.,-0.83));
#2834 = VECTOR('',#2835,1.);
#2835 = DIRECTION('',(-0.,-1.,-0.));
#2836 = ORIENTED_EDGE('',*,*,#1725,.F.);
#2837 = ORIENTED_EDGE('',*,*,#2838,.F.);
#2838 = EDGE_CURVE('',#2823,#1718,#2839,.T.);
#2839 = LINE('',#2840,#2841);
#2840 = CARTESIAN_POINT('',(3.815,0.,-0.83));
#2841 = VECTOR('',#2842,1.);
#2842 = DIRECTION('',(-0.,-1.,-0.));
#2843 = PLANE('',#2844);
#2844 = AXIS2_PLACEMENT_3D('',#2845,#2846,#2847);
#2845 = CARTESIAN_POINT('',(3.815,0.,-0.83));
#2846 = DIRECTION('',(-2.55106393526E-16,0.,-1.));
#2847 = DIRECTION('',(-1.,0.,2.55106393526E-16));
#2848 = ADVANCED_FACE('',(#2849),#2867,.F.);
#2849 = FACE_BOUND('',#2850,.T.);
#2850 = EDGE_LOOP('',(#2851,#2852,#2853,#2861));
#2851 = ORIENTED_EDGE('',*,*,#1709,.T.);
#2852 = ORIENTED_EDGE('',*,*,#2533,.T.);
#2853 = ORIENTED_EDGE('',*,*,#2854,.F.);
#2854 = EDGE_CURVE('',#2855,#2490,#2857,.T.);
#2855 = VERTEX_POINT('',#2856);
#2856 = CARTESIAN_POINT('',(3.815,0.74,-0.85));
#2857 = LINE('',#2858,#2859);
#2858 = CARTESIAN_POINT('',(3.815,0.74,-0.85));
#2859 = VECTOR('',#2860,1.);
#2860 = DIRECTION('',(-1.,-0.,2.55106393526E-16));
#2861 = ORIENTED_EDGE('',*,*,#2862,.F.);
#2862 = EDGE_CURVE('',#1710,#2855,#2863,.T.);
#2863 = LINE('',#2864,#2865);
#2864 = CARTESIAN_POINT('',(3.815,0.,-0.85));
#2865 = VECTOR('',#2866,1.);
#2866 = DIRECTION('',(0.,1.,0.));
#2867 = PLANE('',#2868);
#2868 = AXIS2_PLACEMENT_3D('',#2869,#2870,#2871);
#2869 = CARTESIAN_POINT('',(3.815,0.,-0.85));
#2870 = DIRECTION('',(2.55106393526E-16,-0.,1.));
#2871 = DIRECTION('',(1.,0.,-2.55106393526E-16));
#2872 = ADVANCED_FACE('',(#2873),#2884,.F.);
#2873 = FACE_BOUND('',#2874,.T.);
#2874 = EDGE_LOOP('',(#2875,#2876,#2877,#2878));
#2875 = ORIENTED_EDGE('',*,*,#2854,.T.);
#2876 = ORIENTED_EDGE('',*,*,#2511,.T.);
#2877 = ORIENTED_EDGE('',*,*,#2822,.F.);
#2878 = ORIENTED_EDGE('',*,*,#2879,.F.);
#2879 = EDGE_CURVE('',#2855,#2823,#2880,.T.);
#2880 = LINE('',#2881,#2882);
#2881 = CARTESIAN_POINT('',(3.815,0.74,-0.83));
#2882 = VECTOR('',#2883,1.);
#2883 = DIRECTION('',(-0.,-0.,1.));
#2884 = PLANE('',#2885);
#2885 = AXIS2_PLACEMENT_3D('',#2886,#2887,#2888);
#2886 = CARTESIAN_POINT('',(3.815,0.74,-0.83));
#2887 = DIRECTION('',(0.,-1.,0.));
#2888 = DIRECTION('',(0.,-0.,-1.));
#2889 = ADVANCED_FACE('',(#2890),#2896,.F.);
#2890 = FACE_BOUND('',#2891,.T.);
#2891 = EDGE_LOOP('',(#2892,#2893,#2894,#2895));
#2892 = ORIENTED_EDGE('',*,*,#2831,.F.);
#2893 = ORIENTED_EDGE('',*,*,#2270,.T.);
#2894 = ORIENTED_EDGE('',*,*,#2286,.F.);
#2895 = ORIENTED_EDGE('',*,*,#1733,.F.);
#2896 = PLANE('',#2897);
#2897 = AXIS2_PLACEMENT_3D('',#2898,#2899,#2900);
#2898 = CARTESIAN_POINT('',(3.805,0.,1.27553196763E-18));
#2899 = DIRECTION('',(1.,-0.,0.));
#2900 = DIRECTION('',(0.,0.,-1.));
#2901 = ADVANCED_FACE('',(#2902),#2908,.T.);
#2902 = FACE_BOUND('',#2903,.T.);
#2903 = EDGE_LOOP('',(#2904,#2905,#2906,#2907));
#2904 = ORIENTED_EDGE('',*,*,#1717,.T.);
#2905 = ORIENTED_EDGE('',*,*,#2862,.T.);
#2906 = ORIENTED_EDGE('',*,*,#2879,.T.);
#2907 = ORIENTED_EDGE('',*,*,#2838,.T.);
#2908 = PLANE('',#2909);
#2909 = AXIS2_PLACEMENT_3D('',#2910,#2911,#2912);
#2910 = CARTESIAN_POINT('',(3.815,0.,-1.27553196763E-18));
#2911 = DIRECTION('',(1.,-0.,0.));
#2912 = DIRECTION('',(0.,0.,-1.));
#2913 = ( GEOMETRIC_REPRESENTATION_CONTEXT(3) 
GLOBAL_UNCERTAINTY_ASSIGNED_CONTEXT((#2917)) 
GLOBAL_UNIT_ASSIGNED_CONTEXT((#2914,#2915,#2916)) REPRESENTATION_CONTEXT
('Context #1','3D Context with UNIT and UNCERTAINTY') );
#2914 = ( LENGTH_UNIT() NAMED_UNIT(*) SI_UNIT(.MILLI.,.METRE.) );
#2915 = ( NAMED_UNIT(*) PLANE_ANGLE_UNIT() SI_UNIT($,.RADIAN.) );
#2916 = ( NAMED_UNIT(*) SI_UNIT($,.STERADIAN.) SOLID_ANGLE_UNIT() );
#2917 = UNCERTAINTY_MEASURE_WITH_UNIT(LENGTH_MEASURE(1.E-07),#2914,
  'distance_accuracy_value','confusion accuracy');
#2918 = SHAPE_DEFINITION_REPRESENTATION(#2919,#492);
#2919 = PRODUCT_DEFINITION_SHAPE('','',#2920);
#2920 = PRODUCT_DEFINITION('design','',#2921,#2924);
#2921 = PRODUCT_DEFINITION_FORMATION('','',#2922);
#2922 = PRODUCT('1x2 Male Pin Header','1x2 Male Pin Header','',(#2923));
#2923 = PRODUCT_CONTEXT('',#2,'mechanical');
#2924 = PRODUCT_DEFINITION_CONTEXT('part definition',#2,'design');
#2925 = CONTEXT_DEPENDENT_SHAPE_REPRESENTATION(#2926,#2928);
#2926 = ( REPRESENTATION_RELATIONSHIP('','',#492,#482) 
REPRESENTATION_RELATIONSHIP_WITH_TRANSFORMATION(#2927) 
SHAPE_REPRESENTATION_RELATIONSHIP() );
#2927 = ITEM_DEFINED_TRANSFORMATION('','',#11,#483);
#2928 = PRODUCT_DEFINITION_SHAPE('Placement','Placement of an item',
  #2929);
#2929 = NEXT_ASSEMBLY_USAGE_OCCURRENCE('26','','',#477,#2920,$);
#2930 = PRODUCT_RELATED_PRODUCT_CATEGORY('part',$,(#2922));
#2931 = CONTEXT_DEPENDENT_SHAPE_REPRESENTATION(#2932,#2934);
#2932 = ( REPRESENTATION_RELATIONSHIP('','',#482,#10) 
REPRESENTATION_RELATIONSHIP_WITH_TRANSFORMATION(#2933) 
SHAPE_REPRESENTATION_RELATIONSHIP() );
#2933 = ITEM_DEFINED_TRANSFORMATION('','',#11,#19);
#2934 = PRODUCT_DEFINITION_SHAPE('Placement','Placement of an item',
  #2935);
#2935 = NEXT_ASSEMBLY_USAGE_OCCURRENCE('27','','',#5,#477,$);
#2936 = PRODUCT_RELATED_PRODUCT_CATEGORY('part',$,(#479));
#2937 = SHAPE_DEFINITION_REPRESENTATION(#2938,#2944);
#2938 = PRODUCT_DEFINITION_SHAPE('','',#2939);
#2939 = PRODUCT_DEFINITION('design','',#2940,#2943);
#2940 = PRODUCT_DEFINITION_FORMATION('','',#2941);
#2941 = PRODUCT('XP1','XP1','',(#2942));
#2942 = PRODUCT_CONTEXT('',#2,'mechanical');
#2943 = PRODUCT_DEFINITION_CONTEXT('part definition',#2,'design');
#2944 = SHAPE_REPRESENTATION('',(#11,#2945),#2949);
#2945 = AXIS2_PLACEMENT_3D('',#2946,#2947,#2948);
#2946 = CARTESIAN_POINT('',(13.101006347656,-8.058499086543,0.));
#2947 = DIRECTION('',(-1.,-1.19248806385E-08,-4.371138828674E-08));
#2948 = DIRECTION('',(1.19248806385E-08,-1.,3.939074516639E-32));
#2949 = ( GEOMETRIC_REPRESENTATION_CONTEXT(3) 
GLOBAL_UNCERTAINTY_ASSIGNED_CONTEXT((#2953)) 
GLOBAL_UNIT_ASSIGNED_CONTEXT((#2950,#2951,#2952)) REPRESENTATION_CONTEXT
('Context #1','3D Context with UNIT and UNCERTAINTY') );
#2950 = ( LENGTH_UNIT() NAMED_UNIT(*) SI_UNIT(.MILLI.,.METRE.) );
#2951 = ( NAMED_UNIT(*) PLANE_ANGLE_UNIT() SI_UNIT($,.RADIAN.) );
#2952 = ( NAMED_UNIT(*) SI_UNIT($,.STERADIAN.) SOLID_ANGLE_UNIT() );
#2953 = UNCERTAINTY_MEASURE_WITH_UNIT(LENGTH_MEASURE(1.E-07),#2950,
  'distance_accuracy_value','confusion accuracy');
#2954 = CONTEXT_DEPENDENT_SHAPE_REPRESENTATION(#2955,#2957);
#2955 = ( REPRESENTATION_RELATIONSHIP('','',#492,#2944) 
REPRESENTATION_RELATIONSHIP_WITH_TRANSFORMATION(#2956) 
SHAPE_REPRESENTATION_RELATIONSHIP() );
#2956 = ITEM_DEFINED_TRANSFORMATION('','',#11,#2945);
#2957 = PRODUCT_DEFINITION_SHAPE('Placement','Placement of an item',
  #2958);
#2958 = NEXT_ASSEMBLY_USAGE_OCCURRENCE('28','','',#2939,#2920,$);
#2959 = CONTEXT_DEPENDENT_SHAPE_REPRESENTATION(#2960,#2962);
#2960 = ( REPRESENTATION_RELATIONSHIP('','',#2944,#10) 
REPRESENTATION_RELATIONSHIP_WITH_TRANSFORMATION(#2961) 
SHAPE_REPRESENTATION_RELATIONSHIP() );
#2961 = ITEM_DEFINED_TRANSFORMATION('','',#11,#23);
#2962 = PRODUCT_DEFINITION_SHAPE('Placement','Placement of an item',
  #2963);
#2963 = NEXT_ASSEMBLY_USAGE_OCCURRENCE('29','','',#5,#2939,$);
#2964 = PRODUCT_RELATED_PRODUCT_CATEGORY('part',$,(#2941));
#2965 = SHAPE_DEFINITION_REPRESENTATION(#2966,#2972);
#2966 = PRODUCT_DEFINITION_SHAPE('','',#2967);
#2967 = PRODUCT_DEFINITION('design','',#2968,#2971);
#2968 = PRODUCT_DEFINITION_FORMATION('','',#2969);
#2969 = PRODUCT('R2','R2','',(#2970));
#2970 = PRODUCT_CONTEXT('',#2,'mechanical');
#2971 = PRODUCT_DEFINITION_CONTEXT('part definition',#2,'design');
#2972 = SHAPE_REPRESENTATION('',(#11,#2973),#2977);
#2973 = AXIS2_PLACEMENT_3D('',#2974,#2975,#2976);
#2974 = CARTESIAN_POINT('',(4.56400378418,-13.77600168053,0.));
#2975 = DIRECTION('',(-8.742277657348E-08,1.,-4.371138828674E-08));
#2976 = DIRECTION('',(-1.,-8.742277657348E-08,0.));
#2977 = ( GEOMETRIC_REPRESENTATION_CONTEXT(3) 
GLOBAL_UNCERTAINTY_ASSIGNED_CONTEXT((#2981)) 
GLOBAL_UNIT_ASSIGNED_CONTEXT((#2978,#2979,#2980)) REPRESENTATION_CONTEXT
('Context #1','3D Context with UNIT and UNCERTAINTY') );
#2978 = ( LENGTH_UNIT() NAMED_UNIT(*) SI_UNIT(.MILLI.,.METRE.) );
#2979 = ( NAMED_UNIT(*) PLANE_ANGLE_UNIT() SI_UNIT($,.RADIAN.) );
#2980 = ( NAMED_UNIT(*) SI_UNIT($,.STERADIAN.) SOLID_ANGLE_UNIT() );
#2981 = UNCERTAINTY_MEASURE_WITH_UNIT(LENGTH_MEASURE(1.E-07),#2978,
  'distance_accuracy_value','confusion accuracy');
#2982 = ADVANCED_BREP_SHAPE_REPRESENTATION('',(#11,#2983),#6310);
#2983 = MANIFOLD_SOLID_BREP('',#2984);
#2984 = CLOSED_SHELL('',(#2985,#3451,#3491,#3531,#3562,#3593,#3617,#3641
    ,#3674,#3707,#3749,#3791,#3822,#3853,#3875,#3897,#3921,#3945,#3985,
    #4007,#4047,#4069,#4091,#4115,#4132,#4149,#4167,#4179,#4203,#4215,
    #4233,#4257,#4268,#4285,#4302,#4313,#4325,#4343,#4361,#4373,#4390,
    #4407,#4419,#4541,#4563,#4580,#4597,#4614,#4631,#4648,#4665,#4682,
    #4699,#4716,#4728,#4759,#4783,#4800,#4811,#5049,#5089,#5124,#5191,
    #5250,#5312,#5369,#5443,#5517,#5591,#5634,#5647,#5678,#5734,#5808,
    #5882,#5956,#5980,#6042,#6104,#6166,#6216,#6248,#6272,#6289));
#2985 = ADVANCED_FACE('',(#2986,#3196,#3322,#3356),#3446,.T.);
#2986 = FACE_BOUND('',#2987,.T.);
#2987 = EDGE_LOOP('',(#2988,#2998,#3006,#3014,#3024,#3040,#3060,#3080,
    #3100,#3108,#3132,#3156,#3180));
#2988 = ORIENTED_EDGE('',*,*,#2989,.T.);
#2989 = EDGE_CURVE('',#2990,#2992,#2994,.T.);
#2990 = VERTEX_POINT('',#2991);
#2991 = CARTESIAN_POINT('',(0.102248870817,0.2,-4.792716262687E-02));
#2992 = VERTEX_POINT('',#2993);
#2993 = CARTESIAN_POINT('',(0.161466314854,0.2,-4.792716262687E-02));
#2994 = LINE('',#2995,#2996);
#2995 = CARTESIAN_POINT('',(0.102248870817,0.2,-4.792716262687E-02));
#2996 = VECTOR('',#2997,1.);
#2997 = DIRECTION('',(1.,0.,0.));
#2998 = ORIENTED_EDGE('',*,*,#2999,.T.);
#2999 = EDGE_CURVE('',#2992,#3000,#3002,.T.);
#3000 = VERTEX_POINT('',#3001);
#3001 = CARTESIAN_POINT('',(0.161466314854,0.2,-1.5E-02));
#3002 = LINE('',#3003,#3004);
#3003 = CARTESIAN_POINT('',(0.161466314854,0.2,-4.792716262687E-02));
#3004 = VECTOR('',#3005,1.);
#3005 = DIRECTION('',(0.,0.,1.));
#3006 = ORIENTED_EDGE('',*,*,#3007,.T.);
#3007 = EDGE_CURVE('',#3000,#3008,#3010,.T.);
#3008 = VERTEX_POINT('',#3009);
#3009 = CARTESIAN_POINT('',(7.914840828659E-02,0.2,-1.5E-02));
#3010 = LINE('',#3011,#3012);
#3011 = CARTESIAN_POINT('',(0.161466314854,0.2,-1.5E-02));
#3012 = VECTOR('',#3013,1.);
#3013 = DIRECTION('',(-1.,0.,0.));
#3014 = ORIENTED_EDGE('',*,*,#3015,.T.);
#3015 = EDGE_CURVE('',#3008,#3016,#3018,.T.);
#3016 = VERTEX_POINT('',#3017);
#3017 = CARTESIAN_POINT('',(8.064042034312E-02,0.2,-3.712293738993E-02)
  );
#3018 = B_SPLINE_CURVE_WITH_KNOTS('',3,(#3019,#3020,#3021,#3022,#3023),
  .UNSPECIFIED.,.F.,.F.,(4,1,4),(0.,0.510071108266,1.),.UNSPECIFIED.);
#3019 = CARTESIAN_POINT('',(7.914840828659E-02,0.2,-1.5E-02));
#3020 = CARTESIAN_POINT('',(7.91467393031E-02,0.2,-1.877888020357E-02));
#3021 = CARTESIAN_POINT('',(7.914346724265E-02,0.2,-2.618741627302E-02)
  );
#3022 = CARTESIAN_POINT('',(8.014818170169E-02,0.2,-3.352704246429E-02)
  );
#3023 = CARTESIAN_POINT('',(8.064042034312E-02,0.2,-3.712293738993E-02)
  );
#3024 = ORIENTED_EDGE('',*,*,#3025,.T.);
#3025 = EDGE_CURVE('',#3016,#3026,#3028,.T.);
#3026 = VERTEX_POINT('',#3027);
#3027 = CARTESIAN_POINT('',(0.107959675585,0.2,-0.109099656945));
#3028 = B_SPLINE_CURVE_WITH_KNOTS('',3,(#3029,#3030,#3031,#3032,#3033,
    #3034,#3035,#3036,#3037,#3038,#3039),.UNSPECIFIED.,.F.,.F.,(4,1,1,1,
    1,1,1,1,4),(0.,0.113685114584,0.227091493877,0.340309727168,
    0.453113714003,0.571926278165,0.702741225013,0.845132492803,1.),
  .UNSPECIFIED.);
#3029 = CARTESIAN_POINT('',(8.064042034312E-02,0.2,-3.712293738993E-02)
  );
#3030 = CARTESIAN_POINT('',(8.110723199884E-02,0.2,-4.002696274328E-02)
  );
#3031 = CARTESIAN_POINT('',(8.203971077271E-02,0.2,-4.582789330629E-02)
  );
#3032 = CARTESIAN_POINT('',(8.398467328365E-02,0.2,-5.441779273529E-02)
  );
#3033 = CARTESIAN_POINT('',(8.622536155055E-02,0.2,-6.290862987097E-02)
  );
#3034 = CARTESIAN_POINT('',(8.893758003787E-02,0.2,-7.14115126397E-02));
#3035 = CARTESIAN_POINT('',(9.234754424196E-02,0.2,-8.015081682562E-02)
  );
#3036 = CARTESIAN_POINT('',(9.662272873004E-02,0.2,-8.935363574578E-02)
  );
#3037 = CARTESIAN_POINT('',(0.101926923613,0.2,-9.908021917757E-02));
#3038 = CARTESIAN_POINT('',(0.105893267822,0.2,-0.105667683596));
#3039 = CARTESIAN_POINT('',(0.107959675585,0.2,-0.109099656945));
#3040 = ORIENTED_EDGE('',*,*,#3041,.T.);
#3041 = EDGE_CURVE('',#3026,#3042,#3044,.T.);
#3042 = VERTEX_POINT('',#3043);
#3043 = CARTESIAN_POINT('',(0.14500273354,0.2,-0.20000949501));
#3044 = B_SPLINE_CURVE_WITH_KNOTS('',3,(#3045,#3046,#3047,#3048,#3049,
    #3050,#3051,#3052,#3053,#3054,#3055,#3056,#3057,#3058,#3059),
  .UNSPECIFIED.,.F.,.F.,(4,1,1,1,1,1,1,1,1,1,1,1,4),(0.,
    9.937562356432E-02,0.192194951782,0.278720479875,0.359412824618,
    0.433125241188,0.501030965923,0.562457979731,0.617655998674,
    0.719193071867,0.816644823789,0.9096794584,1.),.UNSPECIFIED.);
#3045 = CARTESIAN_POINT('',(0.107959675585,0.2,-0.109099656945));
#3046 = CARTESIAN_POINT('',(0.10961346931,0.2,-0.111942229078));
#3047 = CARTESIAN_POINT('',(0.11281194791,0.2,-0.117439834973));
#3048 = CARTESIAN_POINT('',(0.117329370194,0.2,-0.125481694768));
#3049 = CARTESIAN_POINT('',(0.121516136957,0.2,-0.132999902661));
#3050 = CARTESIAN_POINT('',(0.125306607534,0.2,-0.140014620879));
#3051 = CARTESIAN_POINT('',(0.128721698344,0.2,-0.146530833899));
#3052 = CARTESIAN_POINT('',(0.131764082176,0.2,-0.152522653329));
#3053 = CARTESIAN_POINT('',(0.134377459539,0.2,-0.158042173623));
#3054 = CARTESIAN_POINT('',(0.137400212339,0.2,-0.16459911878));
#3055 = CARTESIAN_POINT('',(0.140416517011,0.2,-0.17246501005));
#3056 = CARTESIAN_POINT('',(0.143069653329,0.2,-0.181768701339));
#3057 = CARTESIAN_POINT('',(0.144691548009,0.2,-0.190949214069));
#3058 = CARTESIAN_POINT('',(0.144900033725,0.2,-0.197019352193));
#3059 = CARTESIAN_POINT('',(0.14500273354,0.2,-0.20000949501));
#3060 = ORIENTED_EDGE('',*,*,#3061,.T.);
#3061 = EDGE_CURVE('',#3042,#3062,#3064,.T.);
#3062 = VERTEX_POINT('',#3063);
#3063 = CARTESIAN_POINT('',(0.122416757926,0.2,-0.242197422125));
#3064 = B_SPLINE_CURVE_WITH_KNOTS('',3,(#3065,#3066,#3067,#3068,#3069,
    #3070,#3071,#3072,#3073,#3074,#3075,#3076,#3077,#3078,#3079),
  .UNSPECIFIED.,.F.,.F.,(4,1,1,1,1,1,1,1,1,1,1,1,4),(0.,0.163102641181,
    0.314802263037,0.456485624639,0.589733087434,0.652550802982,
    0.710278895303,0.763092819215,0.813870556261,0.861516830701,
    0.907265558322,0.952729178574,1.),.UNSPECIFIED.);
#3065 = CARTESIAN_POINT('',(0.14500273354,0.2,-0.20000949501));
#3066 = CARTESIAN_POINT('',(0.144917829167,0.2,-0.202859401382));
#3067 = CARTESIAN_POINT('',(0.144753956353,0.2,-0.208359968196));
#3068 = CARTESIAN_POINT('',(0.143668905422,0.2,-0.216286287269));
#3069 = CARTESIAN_POINT('',(0.141644123784,0.2,-0.223484372234));
#3070 = CARTESIAN_POINT('',(0.139341241506,0.2,-0.228934415593));
#3071 = CARTESIAN_POINT('',(0.137232344342,0.2,-0.232842465906));
#3072 = CARTESIAN_POINT('',(0.135479522467,0.2,-0.235323265396));
#3073 = CARTESIAN_POINT('',(0.133591543467,0.2,-0.237423927112));
#3074 = CARTESIAN_POINT('',(0.131607903777,0.2,-0.239181283474));
#3075 = CARTESIAN_POINT('',(0.129476676224,0.2,-0.240549883202));
#3076 = CARTESIAN_POINT('',(0.12722494189,0.2,-0.241477971505));
#3077 = CARTESIAN_POINT('',(0.124865638743,0.2,-0.242076530434));
#3078 = CARTESIAN_POINT('',(0.123243588327,0.2,-0.242156604735));
#3079 = CARTESIAN_POINT('',(0.122416757926,0.2,-0.242197422125));
#3080 = ORIENTED_EDGE('',*,*,#3081,.T.);
#3081 = EDGE_CURVE('',#3062,#3082,#3084,.T.);
#3082 = VERTEX_POINT('',#3083);
#3083 = CARTESIAN_POINT('',(9.890470586271E-02,0.2,-0.196099394448));
#3084 = B_SPLINE_CURVE_WITH_KNOTS('',3,(#3085,#3086,#3087,#3088,#3089,
    #3090,#3091,#3092,#3093,#3094,#3095,#3096,#3097,#3098,#3099),
  .UNSPECIFIED.,.F.,.F.,(4,1,1,1,1,1,1,1,1,1,1,1,4),(0.,
    4.53526604635E-02,8.987759828737E-02,0.134540029813,0.179202461339,
    0.226668944633,0.277213276612,0.330925518459,0.389242376261,
    0.516520993067,0.659281666995,0.81988734563,1.),.UNSPECIFIED.);
#3085 = CARTESIAN_POINT('',(0.122416757926,0.2,-0.242197422125));
#3086 = CARTESIAN_POINT('',(0.121555814769,0.2,-0.242155686936));
#3087 = CARTESIAN_POINT('',(0.119849641363,0.2,-0.242072978258));
#3088 = CARTESIAN_POINT('',(0.117356738335,0.2,-0.241475392235));
#3089 = CARTESIAN_POINT('',(0.114969961055,0.2,-0.240577916374));
#3090 = CARTESIAN_POINT('',(0.112764637316,0.2,-0.23918107875));
#3091 = CARTESIAN_POINT('',(0.110711314238,0.2,-0.237409444121));
#3092 = CARTESIAN_POINT('',(0.108750460105,0.2,-0.235294632904));
#3093 = CARTESIAN_POINT('',(0.106934006561,0.2,-0.232793112262));
#3094 = CARTESIAN_POINT('',(0.104707583671,0.2,-0.228830209794));
#3095 = CARTESIAN_POINT('',(0.102334790029,0.2,-0.223041933452));
#3096 = CARTESIAN_POINT('',(0.10038821932,0.2,-0.21508764361));
#3097 = CARTESIAN_POINT('',(9.916452654842E-02,0.2,-0.205980449052));
#3098 = CARTESIAN_POINT('',(9.899455649468E-02,0.2,-0.199516439547));
#3099 = CARTESIAN_POINT('',(9.890470586271E-02,0.2,-0.196099394448));
#3100 = ORIENTED_EDGE('',*,*,#3101,.T.);
#3101 = EDGE_CURVE('',#3082,#3102,#3104,.T.);
#3102 = VERTEX_POINT('',#3103);
#3103 = CARTESIAN_POINT('',(8.244112454928E-02,0.2,-0.19939211071));
#3104 = LINE('',#3105,#3106);
#3105 = CARTESIAN_POINT('',(9.890470586271E-02,0.2,-0.196099394448));
#3106 = VECTOR('',#3107,1.);
#3107 = DIRECTION('',(-0.980580675691,0.,-0.196116135138));
#3108 = ORIENTED_EDGE('',*,*,#3109,.T.);
#3109 = EDGE_CURVE('',#3102,#3110,#3112,.T.);
#3110 = VERTEX_POINT('',#3111);
#3111 = CARTESIAN_POINT('',(0.122776898767,0.2,-0.27183186849));
#3112 = B_SPLINE_CURVE_WITH_KNOTS('',3,(#3113,#3114,#3115,#3116,#3117,
    #3118,#3119,#3120,#3121,#3122,#3123,#3124,#3125,#3126,#3127,#3128,
    #3129,#3130,#3131),.UNSPECIFIED.,.F.,.F.,(4,1,1,1,1,1,1,1,1,1,1,1,1,
    1,1,1,4),(0.,9.432902598762E-02,0.182748633766,0.265997802531,
    0.344068016413,0.417366503603,0.486191277482,0.550166000079,
    0.61017929166,0.666658513877,0.719228334946,0.768666045026,
    0.816142116676,0.861816192868,0.906954658765,0.95251723262,1.),
  .UNSPECIFIED.);
#3113 = CARTESIAN_POINT('',(8.244112454928E-02,0.2,-0.19939211071));
#3114 = CARTESIAN_POINT('',(8.2587774957E-02,0.2,-0.202257756081));
#3115 = CARTESIAN_POINT('',(8.287188858346E-02,0.2,-0.207809523111));
#3116 = CARTESIAN_POINT('',(8.369262524288E-02,0.2,-0.215862996864));
#3117 = CARTESIAN_POINT('',(8.484822228745E-02,0.2,-0.223372107621));
#3118 = CARTESIAN_POINT('',(8.614397177554E-02,0.2,-0.230392259923));
#3119 = CARTESIAN_POINT('',(8.778661697897E-02,0.2,-0.236890751221));
#3120 = CARTESIAN_POINT('',(8.973133998574E-02,0.2,-0.242855060497));
#3121 = CARTESIAN_POINT('',(9.194332065806E-02,0.2,-0.248292931599));
#3122 = CARTESIAN_POINT('',(9.441421124653E-02,0.2,-0.253200073856));
#3123 = CARTESIAN_POINT('',(9.710608943255E-02,0.2,-0.257593249898));
#3124 = CARTESIAN_POINT('',(0.100117258138,0.2,-0.261371320213));
#3125 = CARTESIAN_POINT('',(0.103319356749,0.2,-0.264613640147));
#3126 = CARTESIAN_POINT('',(0.10677411706,0.2,-0.26726207319));
#3127 = CARTESIAN_POINT('',(0.110476046677,0.2,-0.269293109317));
#3128 = CARTESIAN_POINT('',(0.114374461941,0.2,-0.270743989566));
#3129 = CARTESIAN_POINT('',(0.118499426288,0.2,-0.271654769584));
#3130 = CARTESIAN_POINT('',(0.121331591969,0.2,-0.271772028887));
#3131 = CARTESIAN_POINT('',(0.122776898767,0.2,-0.27183186849));
#3132 = ORIENTED_EDGE('',*,*,#3133,.T.);
#3133 = EDGE_CURVE('',#3110,#3134,#3136,.T.);
#3134 = VERTEX_POINT('',#3135);
#3135 = CARTESIAN_POINT('',(0.161466314854,0.2,-0.200935571459));
#3136 = B_SPLINE_CURVE_WITH_KNOTS('',3,(#3137,#3138,#3139,#3140,#3141,
    #3142,#3143,#3144,#3145,#3146,#3147,#3148,#3149,#3150,#3151,#3152,
    #3153,#3154,#3155),.UNSPECIFIED.,.F.,.F.,(4,1,1,1,1,1,1,1,1,1,1,1,1,
    1,1,1,4),(0.,4.875205772486E-02,9.635283622945E-02,0.143869053699,
    0.191921798359,0.242029844884,0.295301846163,0.352167461222,
    0.414134821555,0.479394839778,0.546270468299,0.615306156064,
    0.686077354067,0.760123121272,0.837098124889,0.916619344078,1.),
  .UNSPECIFIED.);
#3137 = CARTESIAN_POINT('',(0.122776898767,0.2,-0.27183186849));
#3138 = CARTESIAN_POINT('',(0.124223549764,0.2,-0.271779248557));
#3139 = CARTESIAN_POINT('',(0.127082689113,0.2,-0.271675251311));
#3140 = CARTESIAN_POINT('',(0.131245291387,0.2,-0.27064025607));
#3141 = CARTESIAN_POINT('',(0.135187801642,0.2,-0.26904536368));
#3142 = CARTESIAN_POINT('',(0.138900645466,0.2,-0.266802219188));
#3143 = CARTESIAN_POINT('',(0.142304274399,0.2,-0.263856181789));
#3144 = CARTESIAN_POINT('',(0.145509411883,0.2,-0.26034009132));
#3145 = CARTESIAN_POINT('',(0.148453074236,0.2,-0.256162147568));
#3146 = CARTESIAN_POINT('',(0.151125752605,0.2,-0.251401744959));
#3147 = CARTESIAN_POINT('',(0.153585421152,0.2,-0.246197909529));
#3148 = CARTESIAN_POINT('',(0.155677900259,0.2,-0.240612313895));
#3149 = CARTESIAN_POINT('',(0.15748684778,0.2,-0.234758585617));
#3150 = CARTESIAN_POINT('',(0.158920737978,0.2,-0.228583036639));
#3151 = CARTESIAN_POINT('',(0.16004649477,0.2,-0.222106510255));
#3152 = CARTESIAN_POINT('',(0.160852646748,0.2,-0.21532262278));
#3153 = CARTESIAN_POINT('',(0.161398343792,0.2,-0.20823304513));
#3154 = CARTESIAN_POINT('',(0.16144330278,0.2,-0.203406181691));
#3155 = CARTESIAN_POINT('',(0.161466314854,0.2,-0.200935571459));
#3156 = ORIENTED_EDGE('',*,*,#3157,.T.);
#3157 = EDGE_CURVE('',#3134,#3158,#3160,.T.);
#3158 = VERTEX_POINT('',#3159);
#3159 = CARTESIAN_POINT('',(0.125349333347,0.2,-9.556865105262E-02));
#3160 = B_SPLINE_CURVE_WITH_KNOTS('',3,(#3161,#3162,#3163,#3164,#3165,
    #3166,#3167,#3168,#3169,#3170,#3171,#3172,#3173,#3174,#3175,#3176,
    #3177,#3178,#3179),.UNSPECIFIED.,.F.,.F.,(4,1,1,1,1,1,1,1,1,1,1,1,1,
    1,1,1,4),(0.,6.750908234015E-02,0.134724947484,0.201858792017,
    0.269029790366,0.337045140385,0.408453069392,0.482435078242,
    0.560337603885,0.601773751253,0.64725492301,0.695993184542,
    0.749217512339,0.805920096285,0.866913590022,0.931618809511,1.),
  .UNSPECIFIED.);
#3161 = CARTESIAN_POINT('',(0.161466314854,0.2,-0.200935571459));
#3162 = CARTESIAN_POINT('',(0.161421936131,0.2,-0.198396563957));
#3163 = CARTESIAN_POINT('',(0.161333371438,0.2,-0.193329576813));
#3164 = CARTESIAN_POINT('',(0.160767105624,0.2,-0.185753305913));
#3165 = CARTESIAN_POINT('',(0.159768579299,0.2,-0.178237544618));
#3166 = CARTESIAN_POINT('',(0.158454365956,0.2,-0.170738801002));
#3167 = CARTESIAN_POINT('',(0.156614362533,0.2,-0.163184040182));
#3168 = CARTESIAN_POINT('',(0.154289919232,0.2,-0.155499055818));
#3169 = CARTESIAN_POINT('',(0.151511061581,0.2,-0.147569583564));
#3170 = CARTESIAN_POINT('',(0.148705088084,0.2,-0.140859049446));
#3171 = CARTESIAN_POINT('',(0.146200362922,0.2,-0.13518807096));
#3172 = CARTESIAN_POINT('',(0.143971744887,0.2,-0.130597746444));
#3173 = CARTESIAN_POINT('',(0.141549158495,0.2,-0.125609521821));
#3174 = CARTESIAN_POINT('',(0.138834950196,0.2,-0.120294384856));
#3175 = CARTESIAN_POINT('',(0.135817500988,0.2,-0.114618226325));
#3176 = CARTESIAN_POINT('',(0.132617811225,0.2,-0.108549365528));
#3177 = CARTESIAN_POINT('',(0.129030462805,0.2,-0.102191643622));
#3178 = CARTESIAN_POINT('',(0.126598765087,0.2,-9.781659620822E-02));
#3179 = CARTESIAN_POINT('',(0.125349333347,0.2,-9.556865105262E-02));
#3180 = ORIENTED_EDGE('',*,*,#3181,.T.);
#3181 = EDGE_CURVE('',#3158,#2990,#3182,.T.);
#3182 = B_SPLINE_CURVE_WITH_KNOTS('',3,(#3183,#3184,#3185,#3186,#3187,
    #3188,#3189,#3190,#3191,#3192,#3193,#3194,#3195),.UNSPECIFIED.,.F.,
  .F.,(4,1,1,1,1,1,1,1,1,1,4),(0.,0.120718915728,0.230488549845,
    0.331128925833,0.420000918438,0.498433782832,0.565988432736,
    0.624444383586,0.671241207869,0.836480349345,1.),.UNSPECIFIED.);
#3183 = CARTESIAN_POINT('',(0.125349333347,0.2,-9.556865105262E-02));
#3184 = CARTESIAN_POINT('',(0.124245411599,0.2,-9.37373868827E-02));
#3185 = CARTESIAN_POINT('',(0.122137694499,0.2,-9.024095535528E-02));
#3186 = CARTESIAN_POINT('',(0.119209427691,0.2,-8.515909635893E-02));
#3187 = CARTESIAN_POINT('',(0.116538472756,0.2,-8.058000192625E-02));
#3188 = CARTESIAN_POINT('',(0.114223711786,0.2,-7.643697430008E-02));
#3189 = CARTESIAN_POINT('',(0.112194725068,0.2,-7.280467705038E-02));
#3190 = CARTESIAN_POINT('',(0.110555975861,0.2,-6.957534177994E-02));
#3191 = CARTESIAN_POINT('',(0.109159443066,0.2,-6.685094401054E-02));
#3192 = CARTESIAN_POINT('',(0.107192819833,0.2,-6.248114215687E-02));
#3193 = CARTESIAN_POINT('',(0.104775519088,0.2,-5.627454811275E-02));
#3194 = CARTESIAN_POINT('',(0.103088145111,0.2,-5.069990552987E-02));
#3195 = CARTESIAN_POINT('',(0.102248870817,0.2,-4.792716262687E-02));
#3196 = FACE_BOUND('',#3197,.T.);
#3197 = EDGE_LOOP('',(#3198,#3216,#3248,#3276,#3308));
#3198 = ORIENTED_EDGE('',*,*,#3199,.T.);
#3199 = EDGE_CURVE('',#3200,#3202,#3204,.T.);
#3200 = VERTEX_POINT('',#3201);
#3201 = CARTESIAN_POINT('',(-6.668009309687E-03,0.2,-3.645410439907E-02)
  );
#3202 = VERTEX_POINT('',#3203);
#3203 = CARTESIAN_POINT('',(-1.963307959402E-02,0.2,-0.14166667873));
#3204 = B_SPLINE_CURVE_WITH_KNOTS('',3,(#3205,#3206,#3207,#3208,#3209,
    #3210,#3211,#3212,#3213,#3214,#3215),.UNSPECIFIED.,.F.,.F.,(4,1,1,1,
    1,1,1,1,4),(0.,8.874248781343E-02,0.18749855617,0.295863554394,
    0.414922527979,0.545071851417,0.685442978585,0.837216579864,1.),
  .UNSPECIFIED.);
#3205 = CARTESIAN_POINT('',(-6.668009309687E-03,0.2,-3.645410439907E-02)
  );
#3206 = CARTESIAN_POINT('',(-7.72868304737E-03,0.2,-3.942311516555E-02)
  );
#3207 = CARTESIAN_POINT('',(-9.969715491732E-03,0.2,-4.569615579902E-02)
  );
#3208 = CARTESIAN_POINT('',(-1.24736518448E-02,0.2,-5.591197426034E-02)
  );
#3209 = CARTESIAN_POINT('',(-1.47841414487E-02,0.2,-6.726344921029E-02)
  );
#3210 = CARTESIAN_POINT('',(-1.650481270486E-02,0.2,-7.984902738091E-02)
  );
#3211 = CARTESIAN_POINT('',(-1.79710667163E-02,0.2,-9.360587304361E-02)
  );
#3212 = CARTESIAN_POINT('',(-1.888454542454E-02,0.2,-0.108575532398));
#3213 = CARTESIAN_POINT('',(-1.953149962645E-02,0.2,-0.124717181004));
#3214 = CARTESIAN_POINT('',(-1.95984386269E-02,0.2,-0.135886533221));
#3215 = CARTESIAN_POINT('',(-1.963307959402E-02,0.2,-0.14166667873));
#3216 = ORIENTED_EDGE('',*,*,#3217,.T.);
#3217 = EDGE_CURVE('',#3202,#3218,#3220,.T.);
#3218 = VERTEX_POINT('',#3219);
#3219 = CARTESIAN_POINT('',(2.317223182091E-02,0.2,-0.27183186849));
#3220 = B_SPLINE_CURVE_WITH_KNOTS('',3,(#3221,#3222,#3223,#3224,#3225,
    #3226,#3227,#3228,#3229,#3230,#3231,#3232,#3233,#3234,#3235,#3236,
    #3237,#3238,#3239,#3240,#3241,#3242,#3243,#3244,#3245,#3246,#3247),
  .UNSPECIFIED.,.F.,.F.,(4,1,1,1,1,1,1,1,1,1,1,1,1,1,1,1,1,1,1,1,1,1,1,1
    ,4),(0.,7.450630011454E-02,0.145899604363,0.213485915351,
    0.277293604963,0.338041673145,0.395063922884,0.448741026482,
    0.499113145316,0.546571100751,0.59109431188,0.632897743261,
    0.672214769502,0.70856337312,0.743032622937,0.774640169589,
    0.804496490856,0.832141518463,0.85851193,0.883406944232,
    0.907257568986,0.930301741039,0.953206098268,0.976284435161,1.),
  .UNSPECIFIED.);
#3221 = CARTESIAN_POINT('',(-1.963307959402E-02,0.2,-0.14166667873));
#3222 = CARTESIAN_POINT('',(-1.963360022099E-02,0.2,-0.145336920758));
#3223 = CARTESIAN_POINT('',(-1.963461972228E-02,0.2,-0.15252405606));
#3224 = CARTESIAN_POINT('',(-1.933867117427E-02,0.2,-0.163036587208));
#3225 = CARTESIAN_POINT('',(-1.900775489684E-02,0.2,-0.173020239287));
#3226 = CARTESIAN_POINT('',(-1.848782389649E-02,0.2,-0.182471280081));
#3227 = CARTESIAN_POINT('',(-1.783102465328E-02,0.2,-0.191391928233));
#3228 = CARTESIAN_POINT('',(-1.701049966734E-02,0.2,-0.199798120673));
#3229 = CARTESIAN_POINT('',(-1.60381465877E-02,0.2,-0.207673148077));
#3230 = CARTESIAN_POINT('',(-1.491576978213E-02,0.2,-0.215053000057));
#3231 = CARTESIAN_POINT('',(-1.360966353286E-02,0.2,-0.221942574202));
#3232 = CARTESIAN_POINT('',(-1.226960744117E-02,0.2,-0.22839763521));
#3233 = CARTESIAN_POINT('',(-1.063166643619E-02,0.2,-0.234368012293));
#3234 = CARTESIAN_POINT('',(-8.985002668513E-03,0.2,-0.239916989686));
#3235 = CARTESIAN_POINT('',(-7.101042681619E-03,0.2,-0.245008278979));
#3236 = CARTESIAN_POINT('',(-5.125272281607E-03,0.2,-0.249651995329));
#3237 = CARTESIAN_POINT('',(-3.016408570688E-03,0.2,-0.253887416753));
#3238 = CARTESIAN_POINT('',(-6.97609789441E-04,0.2,-0.257618657354));
#3239 = CARTESIAN_POINT('',(1.717570301136E-03,0.2,-0.260980348714));
#3240 = CARTESIAN_POINT('',(4.362166959923E-03,0.2,-0.263835084545));
#3241 = CARTESIAN_POINT('',(7.063972533112E-03,0.2,-0.266380116983));
#3242 = CARTESIAN_POINT('',(1.004224203152E-02,0.2,-0.268311931051));
#3243 = CARTESIAN_POINT('',(1.310229603994E-02,0.2,-0.269892557944));
#3244 = CARTESIAN_POINT('',(1.631550404744E-02,0.2,-0.271035492322));
#3245 = CARTESIAN_POINT('',(1.969528636053E-02,0.2,-0.271729092277));
#3246 = CARTESIAN_POINT('',(2.200277572492E-02,0.2,-0.271797300139));
#3247 = CARTESIAN_POINT('',(2.317223182091E-02,0.2,-0.27183186849));
#3248 = ORIENTED_EDGE('',*,*,#3249,.T.);
#3249 = EDGE_CURVE('',#3218,#3250,#3252,.T.);
#3250 = VERTEX_POINT('',#3251);
#3251 = CARTESIAN_POINT('',(6.597754323584E-02,0.2,-0.14166667873));
#3252 = B_SPLINE_CURVE_WITH_KNOTS('',3,(#3253,#3254,#3255,#3256,#3257,
    #3258,#3259,#3260,#3261,#3262,#3263,#3264,#3265,#3266,#3267,#3268,
    #3269,#3270,#3271,#3272,#3273,#3274,#3275),.UNSPECIFIED.,.F.,.F.,(4,
    1,1,1,1,1,1,1,1,1,1,1,1,1,1,1,1,1,1,1,4),(0.,3.49368870829E-02,
    7.023339896965E-02,0.106497580507,0.145587588832,0.187189203945,
    0.231348430884,0.279252738402,0.331360897076,0.388442948375,
    0.450964118434,0.518748490246,0.592148889515,0.631731987362,
    0.674661745447,0.720681059568,0.7701442824,0.822678593948,
    0.878317576116,0.937424730831,1.),.UNSPECIFIED.);
#3253 = CARTESIAN_POINT('',(2.317223182091E-02,0.2,-0.27183186849));
#3254 = CARTESIAN_POINT('',(2.489741982901E-02,0.2,-0.271730260817));
#3255 = CARTESIAN_POINT('',(2.836555416458E-02,0.2,-0.271525999567));
#3256 = CARTESIAN_POINT('',(3.343632197499E-02,0.2,-0.269931461148));
#3257 = CARTESIAN_POINT('',(3.817970480349E-02,0.2,-0.267181372234));
#3258 = CARTESIAN_POINT('',(4.27302194525E-02,0.2,-0.263593923));
#3259 = CARTESIAN_POINT('',(4.682603091564E-02,0.2,-0.258957748406));
#3260 = CARTESIAN_POINT('',(5.048710903561E-02,0.2,-0.253444341624));
#3261 = CARTESIAN_POINT('',(5.341302350196E-02,0.2,-0.246934771821));
#3262 = CARTESIAN_POINT('',(5.585192511915E-02,0.2,-0.239571047505));
#3263 = CARTESIAN_POINT('',(5.791769774606E-02,0.2,-0.231350486514));
#3264 = CARTESIAN_POINT('',(5.979333253746E-02,0.2,-0.222297662332));
#3265 = CARTESIAN_POINT('',(6.156170775209E-02,0.2,-0.21240277796));
#3266 = CARTESIAN_POINT('',(6.278159431962E-02,0.2,-0.203568217913));
#3267 = CARTESIAN_POINT('',(6.378050185591E-02,0.2,-0.195940552837));
#3268 = CARTESIAN_POINT('',(6.429762897648E-02,0.2,-0.189619370572));
#3269 = CARTESIAN_POINT('',(6.481801724058E-02,0.2,-0.182811558967));
#3270 = CARTESIAN_POINT('',(6.530213568091E-02,0.2,-0.175524876557));
#3271 = CARTESIAN_POINT('',(6.55888258911E-02,0.2,-0.16775281078));
#3272 = CARTESIAN_POINT('',(6.57801125893E-02,0.2,-0.159502830022));
#3273 = CARTESIAN_POINT('',(6.595397313915E-02,0.2,-0.150756638007));
#3274 = CARTESIAN_POINT('',(6.596953865747E-02,0.2,-0.144753695826));
#3275 = CARTESIAN_POINT('',(6.597754323584E-02,0.2,-0.14166667873));
#3276 = ORIENTED_EDGE('',*,*,#3277,.T.);
#3277 = EDGE_CURVE('',#3250,#3278,#3280,.T.);
#3278 = VERTEX_POINT('',#3279);
#3279 = CARTESIAN_POINT('',(2.317223182091E-02,0.2,-1.170728373731E-02)
  );
#3280 = B_SPLINE_CURVE_WITH_KNOTS('',3,(#3281,#3282,#3283,#3284,#3285,
    #3286,#3287,#3288,#3289,#3290,#3291,#3292,#3293,#3294,#3295,#3296,
    #3297,#3298,#3299,#3300,#3301,#3302,#3303,#3304,#3305,#3306,#3307),
  .UNSPECIFIED.,.F.,.F.,(4,1,1,1,1,1,1,1,1,1,1,1,1,1,1,1,1,1,1,1,1,1,1,1
    ,4),(0.,7.425127519617E-02,0.145037257032,0.212011713592,
    0.275899532849,0.336376269156,0.393470127391,0.447214638654,
    0.497650014754,0.544761778702,0.589415800961,0.631520666925,
    0.670553822249,0.707275483502,0.741788019776,0.773746666861,
    0.803640481672,0.831601955261,0.858005482741,0.882699108133,
    0.906487914208,0.929872290123,0.952805410626,0.976254653174,1.),
  .UNSPECIFIED.);
#3281 = CARTESIAN_POINT('',(6.597754323584E-02,0.2,-0.14166667873));
#3282 = CARTESIAN_POINT('',(6.59781590966E-02,0.2,-0.13801358504));
#3283 = CARTESIAN_POINT('',(6.5979362076E-02,0.2,-0.13087788687));
#3284 = CARTESIAN_POINT('',(6.568386605353E-02,0.2,-0.120451066329));
#3285 = CARTESIAN_POINT('',(6.534902312739E-02,0.2,-0.110536192324));
#3286 = CARTESIAN_POINT('',(6.483487836148E-02,0.2,-0.101136305097));
#3287 = CARTESIAN_POINT('',(6.417318371142E-02,0.2,-9.223306878761E-02)
  );
#3288 = CARTESIAN_POINT('',(6.335321090005E-02,0.2,-8.384431887529E-02)
  );
#3289 = CARTESIAN_POINT('',(6.238954210199E-02,0.2,-7.596750341227E-02)
  );
#3290 = CARTESIAN_POINT('',(6.123951687959E-02,0.2,-6.861354441172E-02)
  );
#3291 = CARTESIAN_POINT('',(6.004168775988E-02,0.2,-6.171890302916E-02)
  );
#3292 = CARTESIAN_POINT('',(5.856567304436E-02,0.2,-5.529887812021E-02)
  );
#3293 = CARTESIAN_POINT('',(5.706880600585E-02,0.2,-4.929254856317E-02)
  );
#3294 = CARTESIAN_POINT('',(5.535221745542E-02,0.2,-4.375155584245E-02)
  );
#3295 = CARTESIAN_POINT('',(5.351409616657E-02,0.2,-3.864446330822E-02)
  );
#3296 = CARTESIAN_POINT('',(5.150385476805E-02,0.2,-3.39814372612E-02));
#3297 = CARTESIAN_POINT('',(4.943011845709E-02,0.2,-2.971103287235E-02)
  );
#3298 = CARTESIAN_POINT('',(4.707573905087E-02,0.2,-2.596670538104E-02)
  );
#3299 = CARTESIAN_POINT('',(4.469182805396E-02,0.2,-2.256839536119E-02)
  );
#3300 = CARTESIAN_POINT('',(4.205450112872E-02,0.2,-1.969534669371E-02)
  );
#3301 = CARTESIAN_POINT('',(3.930138538622E-02,0.2,-1.724081704812E-02)
  );
#3302 = CARTESIAN_POINT('',(3.640843752915E-02,0.2,-1.518570449081E-02)
  );
#3303 = CARTESIAN_POINT('',(3.329964953704E-02,0.2,-1.366659229598E-02)
  );
#3304 = CARTESIAN_POINT('',(3.0067263023E-02,0.2,-1.249148670626E-02));
#3305 = CARTESIAN_POINT('',(2.666465408093E-02,0.2,-1.181578354923E-02)
  );
#3306 = CARTESIAN_POINT('',(2.434123171392E-02,0.2,-1.174360130119E-02)
  );
#3307 = CARTESIAN_POINT('',(2.317223182091E-02,0.2,-1.170728373731E-02)
  );
#3308 = ORIENTED_EDGE('',*,*,#3309,.T.);
#3309 = EDGE_CURVE('',#3278,#3200,#3310,.T.);
#3310 = B_SPLINE_CURVE_WITH_KNOTS('',3,(#3311,#3312,#3313,#3314,#3315,
    #3316,#3317,#3318,#3319,#3320,#3321),.UNSPECIFIED.,.F.,.F.,(4,1,1,1,
    1,1,1,1,4),(0.,0.112854647064,0.222519376563,0.333140162926,
    0.446105343461,0.568897005585,0.700571950429,0.84303095511,1.),
  .UNSPECIFIED.);
#3311 = CARTESIAN_POINT('',(2.317223182091E-02,0.2,-1.170728373731E-02)
  );
#3312 = CARTESIAN_POINT('',(2.162230948923E-02,0.2,-1.17927506929E-02));
#3313 = CARTESIAN_POINT('',(1.856627449252E-02,0.2,-1.196126881925E-02)
  );
#3314 = CARTESIAN_POINT('',(1.41038243527E-02,0.2,-1.311682872093E-02));
#3315 = CARTESIAN_POINT('',(9.957795856105E-03,0.2,-1.511045280708E-02)
  );
#3316 = CARTESIAN_POINT('',(6.06522043719E-03,0.2,-1.787476771453E-02));
#3317 = CARTESIAN_POINT('',(2.410954475236E-03,0.2,-2.138261236295E-02)
  );
#3318 = CARTESIAN_POINT('',(-9.106120123595E-04,0.2,-2.572022484956E-02)
  );
#3319 = CARTESIAN_POINT('',(-4.04815170646E-03,0.2,-3.075511344898E-02)
  );
#3320 = CARTESIAN_POINT('',(-5.766959432909E-03,0.2,-3.449404554434E-02)
  );
#3321 = CARTESIAN_POINT('',(-6.668009309687E-03,0.2,-3.645410439907E-02)
  );
#3322 = FACE_BOUND('',#3323,.T.);
#3323 = EDGE_LOOP('',(#3324,#3334,#3342,#3350));
#3324 = ORIENTED_EDGE('',*,*,#3325,.F.);
#3325 = EDGE_CURVE('',#3326,#3328,#3330,.T.);
#3326 = VERTEX_POINT('',#3327);
#3327 = CARTESIAN_POINT('',(-0.2,0.2,0.285));
#3328 = VERTEX_POINT('',#3329);
#3329 = CARTESIAN_POINT('',(-0.2,0.2,-0.285));
#3330 = LINE('',#3331,#3332);
#3331 = CARTESIAN_POINT('',(-0.2,0.2,0.3));
#3332 = VECTOR('',#3333,1.);
#3333 = DIRECTION('',(-0.,0.,-1.));
#3334 = ORIENTED_EDGE('',*,*,#3335,.T.);
#3335 = EDGE_CURVE('',#3326,#3336,#3338,.T.);
#3336 = VERTEX_POINT('',#3337);
#3337 = CARTESIAN_POINT('',(0.2,0.2,0.285));
#3338 = LINE('',#3339,#3340);
#3339 = CARTESIAN_POINT('',(0.5,0.2,0.285));
#3340 = VECTOR('',#3341,1.);
#3341 = DIRECTION('',(1.,-0.,0.));
#3342 = ORIENTED_EDGE('',*,*,#3343,.F.);
#3343 = EDGE_CURVE('',#3344,#3336,#3346,.T.);
#3344 = VERTEX_POINT('',#3345);
#3345 = CARTESIAN_POINT('',(0.2,0.2,-0.285));
#3346 = LINE('',#3347,#3348);
#3347 = CARTESIAN_POINT('',(0.2,0.2,0.3));
#3348 = VECTOR('',#3349,1.);
#3349 = DIRECTION('',(0.,-0.,1.));
#3350 = ORIENTED_EDGE('',*,*,#3351,.T.);
#3351 = EDGE_CURVE('',#3344,#3328,#3352,.T.);
#3352 = LINE('',#3353,#3354);
#3353 = CARTESIAN_POINT('',(-0.5,0.2,-0.285));
#3354 = VECTOR('',#3355,1.);
#3355 = DIRECTION('',(-1.,0.,0.));
#3356 = FACE_BOUND('',#3357,.T.);
#3357 = EDGE_LOOP('',(#3358,#3368,#3376,#3384,#3392,#3400,#3408,#3416,
    #3424,#3432,#3440));
#3358 = ORIENTED_EDGE('',*,*,#3359,.T.);
#3359 = EDGE_CURVE('',#3360,#3362,#3364,.T.);
#3360 = VERTEX_POINT('',#3361);
#3361 = CARTESIAN_POINT('',(-4.92675259582E-02,0.2,-1.5E-02));
#3362 = VERTEX_POINT('',#3363);
#3363 = CARTESIAN_POINT('',(-6.573110727163E-02,0.2,-1.5E-02));
#3364 = LINE('',#3365,#3366);
#3365 = CARTESIAN_POINT('',(-4.92675259582E-02,0.2,-1.5E-02));
#3366 = VECTOR('',#3367,1.);
#3367 = DIRECTION('',(-1.,0.,0.));
#3368 = ORIENTED_EDGE('',*,*,#3369,.T.);
#3369 = EDGE_CURVE('',#3362,#3370,#3372,.T.);
#3370 = VERTEX_POINT('',#3371);
#3371 = CARTESIAN_POINT('',(-6.573110727163E-02,0.2,-7.756160899105E-02)
  );
#3372 = LINE('',#3373,#3374);
#3373 = CARTESIAN_POINT('',(-6.573110727163E-02,0.2,-1.5E-02));
#3374 = VECTOR('',#3375,1.);
#3375 = DIRECTION('',(0.,0.,-1.));
#3376 = ORIENTED_EDGE('',*,*,#3377,.T.);
#3377 = EDGE_CURVE('',#3370,#3378,#3380,.T.);
#3378 = VERTEX_POINT('',#3379);
#3379 = CARTESIAN_POINT('',(-0.121707283737,0.2,-7.756160899105E-02));
#3380 = LINE('',#3381,#3382);
#3381 = CARTESIAN_POINT('',(-6.573110727163E-02,0.2,-7.756160899105E-02)
  );
#3382 = VECTOR('',#3383,1.);
#3383 = DIRECTION('',(-1.,0.,0.));
#3384 = ORIENTED_EDGE('',*,*,#3385,.T.);
#3385 = EDGE_CURVE('',#3378,#3386,#3388,.T.);
#3386 = VERTEX_POINT('',#3387);
#3387 = CARTESIAN_POINT('',(-0.121707283737,0.2,-0.110488771618));
#3388 = LINE('',#3389,#3390);
#3389 = CARTESIAN_POINT('',(-0.121707283737,0.2,-7.756160899105E-02));
#3390 = VECTOR('',#3391,1.);
#3391 = DIRECTION('',(0.,0.,-1.));
#3392 = ORIENTED_EDGE('',*,*,#3393,.T.);
#3393 = EDGE_CURVE('',#3386,#3394,#3396,.T.);
#3394 = VERTEX_POINT('',#3395);
#3395 = CARTESIAN_POINT('',(-6.243839100895E-02,0.2,-0.268539152227));
#3396 = LINE('',#3397,#3398);
#3397 = CARTESIAN_POINT('',(-0.121707283737,0.2,-0.110488771618));
#3398 = VECTOR('',#3399,1.);
#3399 = DIRECTION('',(0.351123441588,0.,-0.936329177569));
#3400 = ORIENTED_EDGE('',*,*,#3401,.T.);
#3401 = EDGE_CURVE('',#3394,#3402,#3404,.T.);
#3402 = VERTEX_POINT('',#3403);
#3403 = CARTESIAN_POINT('',(-4.92675259582E-02,0.2,-0.268539152227));
#3404 = LINE('',#3405,#3406);
#3405 = CARTESIAN_POINT('',(-6.243839100895E-02,0.2,-0.268539152227));
#3406 = VECTOR('',#3407,1.);
#3407 = DIRECTION('',(1.,0.,0.));
#3408 = ORIENTED_EDGE('',*,*,#3409,.T.);
#3409 = EDGE_CURVE('',#3402,#3410,#3412,.T.);
#3410 = VERTEX_POINT('',#3411);
#3411 = CARTESIAN_POINT('',(-4.92675259582E-02,0.2,-0.110488771618));
#3412 = LINE('',#3413,#3414);
#3413 = CARTESIAN_POINT('',(-4.92675259582E-02,0.2,-0.268539152227));
#3414 = VECTOR('',#3415,1.);
#3415 = DIRECTION('',(0.,0.,1.));
#3416 = ORIENTED_EDGE('',*,*,#3417,.T.);
#3417 = EDGE_CURVE('',#3410,#3418,#3420,.T.);
#3418 = VERTEX_POINT('',#3419);
#3419 = CARTESIAN_POINT('',(-3.280394464476E-02,0.2,-0.110488771618));
#3420 = LINE('',#3421,#3422);
#3421 = CARTESIAN_POINT('',(-4.92675259582E-02,0.2,-0.110488771618));
#3422 = VECTOR('',#3423,1.);
#3423 = DIRECTION('',(1.,0.,0.));
#3424 = ORIENTED_EDGE('',*,*,#3425,.T.);
#3425 = EDGE_CURVE('',#3418,#3426,#3428,.T.);
#3426 = VERTEX_POINT('',#3427);
#3427 = CARTESIAN_POINT('',(-3.280394464476E-02,0.2,-7.756160899105E-02)
  );
#3428 = LINE('',#3429,#3430);
#3429 = CARTESIAN_POINT('',(-3.280394464476E-02,0.2,-0.110488771618));
#3430 = VECTOR('',#3431,1.);
#3431 = DIRECTION('',(0.,0.,1.));
#3432 = ORIENTED_EDGE('',*,*,#3433,.T.);
#3433 = EDGE_CURVE('',#3426,#3434,#3436,.T.);
#3434 = VERTEX_POINT('',#3435);
#3435 = CARTESIAN_POINT('',(-4.92675259582E-02,0.2,-7.756160899105E-02)
  );
#3436 = LINE('',#3437,#3438);
#3437 = CARTESIAN_POINT('',(-3.280394464476E-02,0.2,-7.756160899105E-02)
  );
#3438 = VECTOR('',#3439,1.);
#3439 = DIRECTION('',(-1.,0.,0.));
#3440 = ORIENTED_EDGE('',*,*,#3441,.T.);
#3441 = EDGE_CURVE('',#3434,#3360,#3442,.T.);
#3442 = LINE('',#3443,#3444);
#3443 = CARTESIAN_POINT('',(-4.92675259582E-02,0.2,-7.756160899105E-02)
  );
#3444 = VECTOR('',#3445,1.);
#3445 = DIRECTION('',(0.,0.,1.));
#3446 = PLANE('',#3447);
#3447 = AXIS2_PLACEMENT_3D('',#3448,#3449,#3450);
#3448 = CARTESIAN_POINT('',(-0.5,0.2,0.3));
#3449 = DIRECTION('',(0.,1.,0.));
#3450 = DIRECTION('',(0.,-0.,1.));
#3451 = ADVANCED_FACE('',(#3452),#3486,.F.);
#3452 = FACE_BOUND('',#3453,.T.);
#3453 = EDGE_LOOP('',(#3454,#3464,#3472,#3480));
#3454 = ORIENTED_EDGE('',*,*,#3455,.F.);
#3455 = EDGE_CURVE('',#3456,#3458,#3460,.T.);
#3456 = VERTEX_POINT('',#3457);
#3457 = CARTESIAN_POINT('',(-0.2,0.185,0.3));
#3458 = VERTEX_POINT('',#3459);
#3459 = CARTESIAN_POINT('',(-0.2,1.5E-02,0.3));
#3460 = LINE('',#3461,#3462);
#3461 = CARTESIAN_POINT('',(-0.2,0.2,0.3));
#3462 = VECTOR('',#3463,1.);
#3463 = DIRECTION('',(2.710505431214E-16,-1.,0.));
#3464 = ORIENTED_EDGE('',*,*,#3465,.T.);
#3465 = EDGE_CURVE('',#3456,#3466,#3468,.T.);
#3466 = VERTEX_POINT('',#3467);
#3467 = CARTESIAN_POINT('',(-0.485,0.185,0.3));
#3468 = LINE('',#3469,#3470);
#3469 = CARTESIAN_POINT('',(-0.5,0.185,0.3));
#3470 = VECTOR('',#3471,1.);
#3471 = DIRECTION('',(-1.,-0.,-0.));
#3472 = ORIENTED_EDGE('',*,*,#3473,.T.);
#3473 = EDGE_CURVE('',#3466,#3474,#3476,.T.);
#3474 = VERTEX_POINT('',#3475);
#3475 = CARTESIAN_POINT('',(-0.485,1.5E-02,0.3));
#3476 = LINE('',#3477,#3478);
#3477 = CARTESIAN_POINT('',(-0.485,0.2,0.3));
#3478 = VECTOR('',#3479,1.);
#3479 = DIRECTION('',(0.,-1.,0.));
#3480 = ORIENTED_EDGE('',*,*,#3481,.T.);
#3481 = EDGE_CURVE('',#3474,#3458,#3482,.T.);
#3482 = LINE('',#3483,#3484);
#3483 = CARTESIAN_POINT('',(-0.5,1.5E-02,0.3));
#3484 = VECTOR('',#3485,1.);
#3485 = DIRECTION('',(1.,-0.,0.));
#3486 = PLANE('',#3487);
#3487 = AXIS2_PLACEMENT_3D('',#3488,#3489,#3490);
#3488 = CARTESIAN_POINT('',(-0.5,0.2,0.3));
#3489 = DIRECTION('',(0.,0.,-1.));
#3490 = DIRECTION('',(-1.,0.,-0.));
#3491 = ADVANCED_FACE('',(#3492),#3526,.F.);
#3492 = FACE_BOUND('',#3493,.T.);
#3493 = EDGE_LOOP('',(#3494,#3504,#3512,#3520));
#3494 = ORIENTED_EDGE('',*,*,#3495,.F.);
#3495 = EDGE_CURVE('',#3496,#3498,#3500,.T.);
#3496 = VERTEX_POINT('',#3497);
#3497 = CARTESIAN_POINT('',(0.2,1.5E-02,0.3));
#3498 = VERTEX_POINT('',#3499);
#3499 = CARTESIAN_POINT('',(0.2,0.185,0.3));
#3500 = LINE('',#3501,#3502);
#3501 = CARTESIAN_POINT('',(0.2,0.2,0.3));
#3502 = VECTOR('',#3503,1.);
#3503 = DIRECTION('',(2.710505431214E-16,1.,0.));
#3504 = ORIENTED_EDGE('',*,*,#3505,.T.);
#3505 = EDGE_CURVE('',#3496,#3506,#3508,.T.);
#3506 = VERTEX_POINT('',#3507);
#3507 = CARTESIAN_POINT('',(0.485,1.5E-02,0.3));
#3508 = LINE('',#3509,#3510);
#3509 = CARTESIAN_POINT('',(-0.5,1.5E-02,0.3));
#3510 = VECTOR('',#3511,1.);
#3511 = DIRECTION('',(1.,-0.,0.));
#3512 = ORIENTED_EDGE('',*,*,#3513,.T.);
#3513 = EDGE_CURVE('',#3506,#3514,#3516,.T.);
#3514 = VERTEX_POINT('',#3515);
#3515 = CARTESIAN_POINT('',(0.485,0.185,0.3));
#3516 = LINE('',#3517,#3518);
#3517 = CARTESIAN_POINT('',(0.485,0.2,0.3));
#3518 = VECTOR('',#3519,1.);
#3519 = DIRECTION('',(-0.,1.,-0.));
#3520 = ORIENTED_EDGE('',*,*,#3521,.T.);
#3521 = EDGE_CURVE('',#3514,#3498,#3522,.T.);
#3522 = LINE('',#3523,#3524);
#3523 = CARTESIAN_POINT('',(-0.5,0.185,0.3));
#3524 = VECTOR('',#3525,1.);
#3525 = DIRECTION('',(-1.,-0.,-0.));
#3526 = PLANE('',#3527);
#3527 = AXIS2_PLACEMENT_3D('',#3528,#3529,#3530);
#3528 = CARTESIAN_POINT('',(-0.5,0.2,0.3));
#3529 = DIRECTION('',(0.,0.,-1.));
#3530 = DIRECTION('',(-1.,0.,-0.));
#3531 = ADVANCED_FACE('',(#3532),#3557,.T.);
#3532 = FACE_BOUND('',#3533,.T.);
#3533 = EDGE_LOOP('',(#3534,#3542,#3543,#3551));
#3534 = ORIENTED_EDGE('',*,*,#3535,.T.);
#3535 = EDGE_CURVE('',#3536,#3326,#3538,.T.);
#3536 = VERTEX_POINT('',#3537);
#3537 = CARTESIAN_POINT('',(-0.485,0.2,0.285));
#3538 = LINE('',#3539,#3540);
#3539 = CARTESIAN_POINT('',(0.5,0.2,0.285));
#3540 = VECTOR('',#3541,1.);
#3541 = DIRECTION('',(1.,-0.,0.));
#3542 = ORIENTED_EDGE('',*,*,#3325,.T.);
#3543 = ORIENTED_EDGE('',*,*,#3544,.T.);
#3544 = EDGE_CURVE('',#3328,#3545,#3547,.T.);
#3545 = VERTEX_POINT('',#3546);
#3546 = CARTESIAN_POINT('',(-0.485,0.2,-0.285));
#3547 = LINE('',#3548,#3549);
#3548 = CARTESIAN_POINT('',(-0.5,0.2,-0.285));
#3549 = VECTOR('',#3550,1.);
#3550 = DIRECTION('',(-1.,0.,0.));
#3551 = ORIENTED_EDGE('',*,*,#3552,.T.);
#3552 = EDGE_CURVE('',#3545,#3536,#3553,.T.);
#3553 = LINE('',#3554,#3555);
#3554 = CARTESIAN_POINT('',(-0.485,0.2,0.3));
#3555 = VECTOR('',#3556,1.);
#3556 = DIRECTION('',(-0.,0.,1.));
#3557 = PLANE('',#3558);
#3558 = AXIS2_PLACEMENT_3D('',#3559,#3560,#3561);
#3559 = CARTESIAN_POINT('',(-0.5,0.2,0.3));
#3560 = DIRECTION('',(0.,1.,0.));
#3561 = DIRECTION('',(0.,-0.,1.));
#3562 = ADVANCED_FACE('',(#3563),#3588,.T.);
#3563 = FACE_BOUND('',#3564,.T.);
#3564 = EDGE_LOOP('',(#3565,#3573,#3574,#3582));
#3565 = ORIENTED_EDGE('',*,*,#3566,.T.);
#3566 = EDGE_CURVE('',#3567,#3344,#3569,.T.);
#3567 = VERTEX_POINT('',#3568);
#3568 = CARTESIAN_POINT('',(0.485,0.2,-0.285));
#3569 = LINE('',#3570,#3571);
#3570 = CARTESIAN_POINT('',(-0.5,0.2,-0.285));
#3571 = VECTOR('',#3572,1.);
#3572 = DIRECTION('',(-1.,0.,0.));
#3573 = ORIENTED_EDGE('',*,*,#3343,.T.);
#3574 = ORIENTED_EDGE('',*,*,#3575,.T.);
#3575 = EDGE_CURVE('',#3336,#3576,#3578,.T.);
#3576 = VERTEX_POINT('',#3577);
#3577 = CARTESIAN_POINT('',(0.485,0.2,0.285));
#3578 = LINE('',#3579,#3580);
#3579 = CARTESIAN_POINT('',(0.5,0.2,0.285));
#3580 = VECTOR('',#3581,1.);
#3581 = DIRECTION('',(1.,-0.,0.));
#3582 = ORIENTED_EDGE('',*,*,#3583,.T.);
#3583 = EDGE_CURVE('',#3576,#3567,#3584,.T.);
#3584 = LINE('',#3585,#3586);
#3585 = CARTESIAN_POINT('',(0.485,0.2,-0.3));
#3586 = VECTOR('',#3587,1.);
#3587 = DIRECTION('',(0.,0.,-1.));
#3588 = PLANE('',#3589);
#3589 = AXIS2_PLACEMENT_3D('',#3590,#3591,#3592);
#3590 = CARTESIAN_POINT('',(-0.5,0.2,0.3));
#3591 = DIRECTION('',(0.,1.,0.));
#3592 = DIRECTION('',(0.,-0.,1.));
#3593 = ADVANCED_FACE('',(#3594),#3612,.T.);
#3594 = FACE_BOUND('',#3595,.T.);
#3595 = EDGE_LOOP('',(#3596,#3597,#3604,#3605));
#3596 = ORIENTED_EDGE('',*,*,#3465,.F.);
#3597 = ORIENTED_EDGE('',*,*,#3598,.T.);
#3598 = EDGE_CURVE('',#3456,#3326,#3599,.T.);
#3599 = CIRCLE('',#3600,1.5E-02);
#3600 = AXIS2_PLACEMENT_3D('',#3601,#3602,#3603);
#3601 = CARTESIAN_POINT('',(-0.2,0.185,0.285));
#3602 = DIRECTION('',(-1.,-2.710505431214E-16,0.));
#3603 = DIRECTION('',(-2.710505431214E-16,1.,0.));
#3604 = ORIENTED_EDGE('',*,*,#3535,.F.);
#3605 = ORIENTED_EDGE('',*,*,#3606,.F.);
#3606 = EDGE_CURVE('',#3466,#3536,#3607,.T.);
#3607 = CIRCLE('',#3608,1.5E-02);
#3608 = AXIS2_PLACEMENT_3D('',#3609,#3610,#3611);
#3609 = CARTESIAN_POINT('',(-0.485,0.185,0.285));
#3610 = DIRECTION('',(-1.,0.,0.));
#3611 = DIRECTION('',(0.,0.,1.));
#3612 = CYLINDRICAL_SURFACE('',#3613,1.5E-02);
#3613 = AXIS2_PLACEMENT_3D('',#3614,#3615,#3616);
#3614 = CARTESIAN_POINT('',(-0.5,0.185,0.285));
#3615 = DIRECTION('',(-1.,0.,0.));
#3616 = DIRECTION('',(0.,0.,1.));
#3617 = ADVANCED_FACE('',(#3618),#3636,.T.);
#3618 = FACE_BOUND('',#3619,.T.);
#3619 = EDGE_LOOP('',(#3620,#3621,#3628,#3629));
#3620 = ORIENTED_EDGE('',*,*,#3575,.F.);
#3621 = ORIENTED_EDGE('',*,*,#3622,.T.);
#3622 = EDGE_CURVE('',#3336,#3498,#3623,.T.);
#3623 = CIRCLE('',#3624,1.5E-02);
#3624 = AXIS2_PLACEMENT_3D('',#3625,#3626,#3627);
#3625 = CARTESIAN_POINT('',(0.2,0.185,0.285));
#3626 = DIRECTION('',(1.,-2.710505431214E-16,-0.));
#3627 = DIRECTION('',(-2.710505431214E-16,-1.,0.));
#3628 = ORIENTED_EDGE('',*,*,#3521,.F.);
#3629 = ORIENTED_EDGE('',*,*,#3630,.T.);
#3630 = EDGE_CURVE('',#3514,#3576,#3631,.T.);
#3631 = CIRCLE('',#3632,1.5E-02);
#3632 = AXIS2_PLACEMENT_3D('',#3633,#3634,#3635);
#3633 = CARTESIAN_POINT('',(0.485,0.185,0.285));
#3634 = DIRECTION('',(-1.,-0.,3.614007241618E-15));
#3635 = DIRECTION('',(-3.614007241618E-15,0.,-1.));
#3636 = CYLINDRICAL_SURFACE('',#3637,1.5E-02);
#3637 = AXIS2_PLACEMENT_3D('',#3638,#3639,#3640);
#3638 = CARTESIAN_POINT('',(-0.5,0.185,0.285));
#3639 = DIRECTION('',(-1.,0.,0.));
#3640 = DIRECTION('',(0.,0.,1.));
#3641 = ADVANCED_FACE('',(#3642),#3669,.T.);
#3642 = FACE_BOUND('',#3643,.T.);
#3643 = EDGE_LOOP('',(#3644,#3654,#3661,#3662));
#3644 = ORIENTED_EDGE('',*,*,#3645,.F.);
#3645 = EDGE_CURVE('',#3646,#3648,#3650,.T.);
#3646 = VERTEX_POINT('',#3647);
#3647 = CARTESIAN_POINT('',(-0.2,0.,0.285));
#3648 = VERTEX_POINT('',#3649);
#3649 = CARTESIAN_POINT('',(-0.485,0.,0.285));
#3650 = LINE('',#3651,#3652);
#3651 = CARTESIAN_POINT('',(-0.5,0.,0.285));
#3652 = VECTOR('',#3653,1.);
#3653 = DIRECTION('',(-1.,0.,-0.));
#3654 = ORIENTED_EDGE('',*,*,#3655,.T.);
#3655 = EDGE_CURVE('',#3646,#3458,#3656,.T.);
#3656 = CIRCLE('',#3657,1.5E-02);
#3657 = AXIS2_PLACEMENT_3D('',#3658,#3659,#3660);
#3658 = CARTESIAN_POINT('',(-0.2,1.5E-02,0.285));
#3659 = DIRECTION('',(-1.,-2.710505431214E-16,0.));
#3660 = DIRECTION('',(-2.710505431214E-16,1.,0.));
#3661 = ORIENTED_EDGE('',*,*,#3481,.F.);
#3662 = ORIENTED_EDGE('',*,*,#3663,.F.);
#3663 = EDGE_CURVE('',#3648,#3474,#3664,.T.);
#3664 = CIRCLE('',#3665,1.5E-02);
#3665 = AXIS2_PLACEMENT_3D('',#3666,#3667,#3668);
#3666 = CARTESIAN_POINT('',(-0.485,1.5E-02,0.285));
#3667 = DIRECTION('',(-1.,0.,0.));
#3668 = DIRECTION('',(0.,0.,1.));
#3669 = CYLINDRICAL_SURFACE('',#3670,1.5E-02);
#3670 = AXIS2_PLACEMENT_3D('',#3671,#3672,#3673);
#3671 = CARTESIAN_POINT('',(-0.5,1.5E-02,0.285));
#3672 = DIRECTION('',(1.,-0.,0.));
#3673 = DIRECTION('',(0.,0.,-1.));
#3674 = ADVANCED_FACE('',(#3675),#3702,.T.);
#3675 = FACE_BOUND('',#3676,.T.);
#3676 = EDGE_LOOP('',(#3677,#3678,#3687,#3695));
#3677 = ORIENTED_EDGE('',*,*,#3505,.F.);
#3678 = ORIENTED_EDGE('',*,*,#3679,.T.);
#3679 = EDGE_CURVE('',#3496,#3680,#3682,.T.);
#3680 = VERTEX_POINT('',#3681);
#3681 = CARTESIAN_POINT('',(0.2,0.,0.285));
#3682 = CIRCLE('',#3683,1.5E-02);
#3683 = AXIS2_PLACEMENT_3D('',#3684,#3685,#3686);
#3684 = CARTESIAN_POINT('',(0.2,1.5E-02,0.285));
#3685 = DIRECTION('',(1.,-2.710505431214E-16,-0.));
#3686 = DIRECTION('',(-2.710505431214E-16,-1.,0.));
#3687 = ORIENTED_EDGE('',*,*,#3688,.F.);
#3688 = EDGE_CURVE('',#3689,#3680,#3691,.T.);
#3689 = VERTEX_POINT('',#3690);
#3690 = CARTESIAN_POINT('',(0.485,0.,0.285));
#3691 = LINE('',#3692,#3693);
#3692 = CARTESIAN_POINT('',(-0.5,0.,0.285));
#3693 = VECTOR('',#3694,1.);
#3694 = DIRECTION('',(-1.,0.,-0.));
#3695 = ORIENTED_EDGE('',*,*,#3696,.T.);
#3696 = EDGE_CURVE('',#3689,#3506,#3697,.T.);
#3697 = CIRCLE('',#3698,1.5E-02);
#3698 = AXIS2_PLACEMENT_3D('',#3699,#3700,#3701);
#3699 = CARTESIAN_POINT('',(0.485,1.5E-02,0.285));
#3700 = DIRECTION('',(-1.,-0.,0.));
#3701 = DIRECTION('',(-0.,0.,-1.));
#3702 = CYLINDRICAL_SURFACE('',#3703,1.5E-02);
#3703 = AXIS2_PLACEMENT_3D('',#3704,#3705,#3706);
#3704 = CARTESIAN_POINT('',(-0.5,1.5E-02,0.285));
#3705 = DIRECTION('',(1.,-0.,0.));
#3706 = DIRECTION('',(0.,0.,-1.));
#3707 = ADVANCED_FACE('',(#3708),#3744,.T.);
#3708 = FACE_BOUND('',#3709,.T.);
#3709 = EDGE_LOOP('',(#3710,#3720,#3729,#3737));
#3710 = ORIENTED_EDGE('',*,*,#3711,.F.);
#3711 = EDGE_CURVE('',#3712,#3714,#3716,.T.);
#3712 = VERTEX_POINT('',#3713);
#3713 = CARTESIAN_POINT('',(-0.2,1.5E-02,-0.3));
#3714 = VERTEX_POINT('',#3715);
#3715 = CARTESIAN_POINT('',(-0.485,1.5E-02,-0.3));
#3716 = LINE('',#3717,#3718);
#3717 = CARTESIAN_POINT('',(-0.5,1.5E-02,-0.3));
#3718 = VECTOR('',#3719,1.);
#3719 = DIRECTION('',(-1.,0.,0.));
#3720 = ORIENTED_EDGE('',*,*,#3721,.T.);
#3721 = EDGE_CURVE('',#3712,#3722,#3724,.T.);
#3722 = VERTEX_POINT('',#3723);
#3723 = CARTESIAN_POINT('',(-0.2,0.,-0.285));
#3724 = CIRCLE('',#3725,1.5E-02);
#3725 = AXIS2_PLACEMENT_3D('',#3726,#3727,#3728);
#3726 = CARTESIAN_POINT('',(-0.2,1.5E-02,-0.285));
#3727 = DIRECTION('',(-1.,-2.710505431214E-16,0.));
#3728 = DIRECTION('',(-2.710505431214E-16,1.,0.));
#3729 = ORIENTED_EDGE('',*,*,#3730,.F.);
#3730 = EDGE_CURVE('',#3731,#3722,#3733,.T.);
#3731 = VERTEX_POINT('',#3732);
#3732 = CARTESIAN_POINT('',(-0.485,0.,-0.285));
#3733 = LINE('',#3734,#3735);
#3734 = CARTESIAN_POINT('',(-0.5,0.,-0.285));
#3735 = VECTOR('',#3736,1.);
#3736 = DIRECTION('',(1.,-0.,-0.));
#3737 = ORIENTED_EDGE('',*,*,#3738,.F.);
#3738 = EDGE_CURVE('',#3714,#3731,#3739,.T.);
#3739 = CIRCLE('',#3740,1.5E-02);
#3740 = AXIS2_PLACEMENT_3D('',#3741,#3742,#3743);
#3741 = CARTESIAN_POINT('',(-0.485,1.5E-02,-0.285));
#3742 = DIRECTION('',(-1.,0.,-0.));
#3743 = DIRECTION('',(-0.,0.,1.));
#3744 = CYLINDRICAL_SURFACE('',#3745,1.5E-02);
#3745 = AXIS2_PLACEMENT_3D('',#3746,#3747,#3748);
#3746 = CARTESIAN_POINT('',(-0.5,1.5E-02,-0.285));
#3747 = DIRECTION('',(-1.,0.,0.));
#3748 = DIRECTION('',(0.,0.,1.));
#3749 = ADVANCED_FACE('',(#3750),#3786,.T.);
#3750 = FACE_BOUND('',#3751,.T.);
#3751 = EDGE_LOOP('',(#3752,#3762,#3771,#3779));
#3752 = ORIENTED_EDGE('',*,*,#3753,.F.);
#3753 = EDGE_CURVE('',#3754,#3756,#3758,.T.);
#3754 = VERTEX_POINT('',#3755);
#3755 = CARTESIAN_POINT('',(0.2,0.,-0.285));
#3756 = VERTEX_POINT('',#3757);
#3757 = CARTESIAN_POINT('',(0.485,0.,-0.285));
#3758 = LINE('',#3759,#3760);
#3759 = CARTESIAN_POINT('',(-0.5,0.,-0.285));
#3760 = VECTOR('',#3761,1.);
#3761 = DIRECTION('',(1.,-0.,-0.));
#3762 = ORIENTED_EDGE('',*,*,#3763,.T.);
#3763 = EDGE_CURVE('',#3754,#3764,#3766,.T.);
#3764 = VERTEX_POINT('',#3765);
#3765 = CARTESIAN_POINT('',(0.2,1.5E-02,-0.3));
#3766 = CIRCLE('',#3767,1.5E-02);
#3767 = AXIS2_PLACEMENT_3D('',#3768,#3769,#3770);
#3768 = CARTESIAN_POINT('',(0.2,1.5E-02,-0.285));
#3769 = DIRECTION('',(1.,-2.710505431214E-16,-0.));
#3770 = DIRECTION('',(-2.710505431214E-16,-1.,0.));
#3771 = ORIENTED_EDGE('',*,*,#3772,.F.);
#3772 = EDGE_CURVE('',#3773,#3764,#3775,.T.);
#3773 = VERTEX_POINT('',#3774);
#3774 = CARTESIAN_POINT('',(0.485,1.5E-02,-0.3));
#3775 = LINE('',#3776,#3777);
#3776 = CARTESIAN_POINT('',(-0.5,1.5E-02,-0.3));
#3777 = VECTOR('',#3778,1.);
#3778 = DIRECTION('',(-1.,0.,0.));
#3779 = ORIENTED_EDGE('',*,*,#3780,.T.);
#3780 = EDGE_CURVE('',#3773,#3756,#3781,.T.);
#3781 = CIRCLE('',#3782,1.5E-02);
#3782 = AXIS2_PLACEMENT_3D('',#3783,#3784,#3785);
#3783 = CARTESIAN_POINT('',(0.485,1.5E-02,-0.285));
#3784 = DIRECTION('',(-1.,-0.,3.614007241618E-15));
#3785 = DIRECTION('',(-3.614007241618E-15,0.,-1.));
#3786 = CYLINDRICAL_SURFACE('',#3787,1.5E-02);
#3787 = AXIS2_PLACEMENT_3D('',#3788,#3789,#3790);
#3788 = CARTESIAN_POINT('',(-0.5,1.5E-02,-0.285));
#3789 = DIRECTION('',(-1.,0.,0.));
#3790 = DIRECTION('',(0.,0.,1.));
#3791 = ADVANCED_FACE('',(#3792),#3817,.F.);
#3792 = FACE_BOUND('',#3793,.T.);
#3793 = EDGE_LOOP('',(#3794,#3802,#3803,#3811));
#3794 = ORIENTED_EDGE('',*,*,#3795,.F.);
#3795 = EDGE_CURVE('',#3712,#3796,#3798,.T.);
#3796 = VERTEX_POINT('',#3797);
#3797 = CARTESIAN_POINT('',(-0.2,0.185,-0.3));
#3798 = LINE('',#3799,#3800);
#3799 = CARTESIAN_POINT('',(-0.2,0.2,-0.3));
#3800 = VECTOR('',#3801,1.);
#3801 = DIRECTION('',(-2.710505431214E-16,1.,0.));
#3802 = ORIENTED_EDGE('',*,*,#3711,.T.);
#3803 = ORIENTED_EDGE('',*,*,#3804,.T.);
#3804 = EDGE_CURVE('',#3714,#3805,#3807,.T.);
#3805 = VERTEX_POINT('',#3806);
#3806 = CARTESIAN_POINT('',(-0.485,0.185,-0.3));
#3807 = LINE('',#3808,#3809);
#3808 = CARTESIAN_POINT('',(-0.485,0.2,-0.3));
#3809 = VECTOR('',#3810,1.);
#3810 = DIRECTION('',(-0.,1.,-0.));
#3811 = ORIENTED_EDGE('',*,*,#3812,.T.);
#3812 = EDGE_CURVE('',#3805,#3796,#3813,.T.);
#3813 = LINE('',#3814,#3815);
#3814 = CARTESIAN_POINT('',(0.5,0.185,-0.3));
#3815 = VECTOR('',#3816,1.);
#3816 = DIRECTION('',(1.,-0.,-0.));
#3817 = PLANE('',#3818);
#3818 = AXIS2_PLACEMENT_3D('',#3819,#3820,#3821);
#3819 = CARTESIAN_POINT('',(-0.5,0.2,-0.3));
#3820 = DIRECTION('',(0.,0.,1.));
#3821 = DIRECTION('',(1.,0.,-0.));
#3822 = ADVANCED_FACE('',(#3823),#3848,.F.);
#3823 = FACE_BOUND('',#3824,.T.);
#3824 = EDGE_LOOP('',(#3825,#3833,#3841,#3847));
#3825 = ORIENTED_EDGE('',*,*,#3826,.F.);
#3826 = EDGE_CURVE('',#3827,#3764,#3829,.T.);
#3827 = VERTEX_POINT('',#3828);
#3828 = CARTESIAN_POINT('',(0.2,0.185,-0.3));
#3829 = LINE('',#3830,#3831);
#3830 = CARTESIAN_POINT('',(0.2,0.2,-0.3));
#3831 = VECTOR('',#3832,1.);
#3832 = DIRECTION('',(-2.710505431214E-16,-1.,0.));
#3833 = ORIENTED_EDGE('',*,*,#3834,.T.);
#3834 = EDGE_CURVE('',#3827,#3835,#3837,.T.);
#3835 = VERTEX_POINT('',#3836);
#3836 = CARTESIAN_POINT('',(0.485,0.185,-0.3));
#3837 = LINE('',#3838,#3839);
#3838 = CARTESIAN_POINT('',(0.5,0.185,-0.3));
#3839 = VECTOR('',#3840,1.);
#3840 = DIRECTION('',(1.,-0.,-0.));
#3841 = ORIENTED_EDGE('',*,*,#3842,.T.);
#3842 = EDGE_CURVE('',#3835,#3773,#3843,.T.);
#3843 = LINE('',#3844,#3845);
#3844 = CARTESIAN_POINT('',(0.485,0.2,-0.3));
#3845 = VECTOR('',#3846,1.);
#3846 = DIRECTION('',(0.,-1.,0.));
#3847 = ORIENTED_EDGE('',*,*,#3772,.T.);
#3848 = PLANE('',#3849);
#3849 = AXIS2_PLACEMENT_3D('',#3850,#3851,#3852);
#3850 = CARTESIAN_POINT('',(-0.5,0.2,-0.3));
#3851 = DIRECTION('',(0.,0.,1.));
#3852 = DIRECTION('',(1.,0.,-0.));
#3853 = ADVANCED_FACE('',(#3854),#3870,.F.);
#3854 = FACE_BOUND('',#3855,.T.);
#3855 = EDGE_LOOP('',(#3856,#3862,#3863,#3869));
#3856 = ORIENTED_EDGE('',*,*,#3857,.F.);
#3857 = EDGE_CURVE('',#3646,#3722,#3858,.T.);
#3858 = LINE('',#3859,#3860);
#3859 = CARTESIAN_POINT('',(-0.2,0.,0.3));
#3860 = VECTOR('',#3861,1.);
#3861 = DIRECTION('',(-0.,0.,-1.));
#3862 = ORIENTED_EDGE('',*,*,#3645,.T.);
#3863 = ORIENTED_EDGE('',*,*,#3864,.T.);
#3864 = EDGE_CURVE('',#3648,#3731,#3865,.T.);
#3865 = LINE('',#3866,#3867);
#3866 = CARTESIAN_POINT('',(-0.485,0.,0.3));
#3867 = VECTOR('',#3868,1.);
#3868 = DIRECTION('',(-0.,0.,-1.));
#3869 = ORIENTED_EDGE('',*,*,#3730,.T.);
#3870 = PLANE('',#3871);
#3871 = AXIS2_PLACEMENT_3D('',#3872,#3873,#3874);
#3872 = CARTESIAN_POINT('',(-0.5,0.,0.3));
#3873 = DIRECTION('',(0.,1.,0.));
#3874 = DIRECTION('',(0.,-0.,1.));
#3875 = ADVANCED_FACE('',(#3876),#3892,.F.);
#3876 = FACE_BOUND('',#3877,.T.);
#3877 = EDGE_LOOP('',(#3878,#3884,#3885,#3891));
#3878 = ORIENTED_EDGE('',*,*,#3879,.F.);
#3879 = EDGE_CURVE('',#3754,#3680,#3880,.T.);
#3880 = LINE('',#3881,#3882);
#3881 = CARTESIAN_POINT('',(0.2,0.,0.3));
#3882 = VECTOR('',#3883,1.);
#3883 = DIRECTION('',(0.,-0.,1.));
#3884 = ORIENTED_EDGE('',*,*,#3753,.T.);
#3885 = ORIENTED_EDGE('',*,*,#3886,.T.);
#3886 = EDGE_CURVE('',#3756,#3689,#3887,.T.);
#3887 = LINE('',#3888,#3889);
#3888 = CARTESIAN_POINT('',(0.485,0.,0.3));
#3889 = VECTOR('',#3890,1.);
#3890 = DIRECTION('',(-0.,-0.,1.));
#3891 = ORIENTED_EDGE('',*,*,#3688,.T.);
#3892 = PLANE('',#3893);
#3893 = AXIS2_PLACEMENT_3D('',#3894,#3895,#3896);
#3894 = CARTESIAN_POINT('',(-0.5,0.,0.3));
#3895 = DIRECTION('',(0.,1.,0.));
#3896 = DIRECTION('',(0.,-0.,1.));
#3897 = ADVANCED_FACE('',(#3898),#3916,.T.);
#3898 = FACE_BOUND('',#3899,.T.);
#3899 = EDGE_LOOP('',(#3900,#3901,#3908,#3909));
#3900 = ORIENTED_EDGE('',*,*,#3544,.F.);
#3901 = ORIENTED_EDGE('',*,*,#3902,.T.);
#3902 = EDGE_CURVE('',#3328,#3796,#3903,.T.);
#3903 = CIRCLE('',#3904,1.5E-02);
#3904 = AXIS2_PLACEMENT_3D('',#3905,#3906,#3907);
#3905 = CARTESIAN_POINT('',(-0.2,0.185,-0.285));
#3906 = DIRECTION('',(-1.,-2.710505431214E-16,0.));
#3907 = DIRECTION('',(-2.710505431214E-16,1.,0.));
#3908 = ORIENTED_EDGE('',*,*,#3812,.F.);
#3909 = ORIENTED_EDGE('',*,*,#3910,.F.);
#3910 = EDGE_CURVE('',#3545,#3805,#3911,.T.);
#3911 = CIRCLE('',#3912,1.5E-02);
#3912 = AXIS2_PLACEMENT_3D('',#3913,#3914,#3915);
#3913 = CARTESIAN_POINT('',(-0.485,0.185,-0.285));
#3914 = DIRECTION('',(-1.,0.,0.));
#3915 = DIRECTION('',(0.,0.,1.));
#3916 = CYLINDRICAL_SURFACE('',#3917,1.5E-02);
#3917 = AXIS2_PLACEMENT_3D('',#3918,#3919,#3920);
#3918 = CARTESIAN_POINT('',(-0.5,0.185,-0.285));
#3919 = DIRECTION('',(1.,0.,0.));
#3920 = DIRECTION('',(0.,0.,-1.));
#3921 = ADVANCED_FACE('',(#3922),#3940,.T.);
#3922 = FACE_BOUND('',#3923,.T.);
#3923 = EDGE_LOOP('',(#3924,#3925,#3932,#3933));
#3924 = ORIENTED_EDGE('',*,*,#3834,.F.);
#3925 = ORIENTED_EDGE('',*,*,#3926,.T.);
#3926 = EDGE_CURVE('',#3827,#3344,#3927,.T.);
#3927 = CIRCLE('',#3928,1.5E-02);
#3928 = AXIS2_PLACEMENT_3D('',#3929,#3930,#3931);
#3929 = CARTESIAN_POINT('',(0.2,0.185,-0.285));
#3930 = DIRECTION('',(1.,-2.710505431214E-16,-0.));
#3931 = DIRECTION('',(-2.710505431214E-16,-1.,0.));
#3932 = ORIENTED_EDGE('',*,*,#3566,.F.);
#3933 = ORIENTED_EDGE('',*,*,#3934,.T.);
#3934 = EDGE_CURVE('',#3567,#3835,#3935,.T.);
#3935 = CIRCLE('',#3936,1.5E-02);
#3936 = AXIS2_PLACEMENT_3D('',#3937,#3938,#3939);
#3937 = CARTESIAN_POINT('',(0.485,0.185,-0.285));
#3938 = DIRECTION('',(-1.,-0.,-0.));
#3939 = DIRECTION('',(0.,0.,-1.));
#3940 = CYLINDRICAL_SURFACE('',#3941,1.5E-02);
#3941 = AXIS2_PLACEMENT_3D('',#3942,#3943,#3944);
#3942 = CARTESIAN_POINT('',(-0.5,0.185,-0.285));
#3943 = DIRECTION('',(1.,0.,0.));
#3944 = DIRECTION('',(0.,0.,-1.));
#3945 = ADVANCED_FACE('',(#3946),#3980,.F.);
#3946 = FACE_BOUND('',#3947,.T.);
#3947 = EDGE_LOOP('',(#3948,#3958,#3966,#3974));
#3948 = ORIENTED_EDGE('',*,*,#3949,.T.);
#3949 = EDGE_CURVE('',#3950,#3952,#3954,.T.);
#3950 = VERTEX_POINT('',#3951);
#3951 = CARTESIAN_POINT('',(-0.5,0.185,0.285));
#3952 = VERTEX_POINT('',#3953);
#3953 = CARTESIAN_POINT('',(-0.5,0.185,-0.285));
#3954 = LINE('',#3955,#3956);
#3955 = CARTESIAN_POINT('',(-0.5,0.185,-0.3));
#3956 = VECTOR('',#3957,1.);
#3957 = DIRECTION('',(0.,-0.,-1.));
#3958 = ORIENTED_EDGE('',*,*,#3959,.T.);
#3959 = EDGE_CURVE('',#3952,#3960,#3962,.T.);
#3960 = VERTEX_POINT('',#3961);
#3961 = CARTESIAN_POINT('',(-0.5,1.5E-02,-0.285));
#3962 = LINE('',#3963,#3964);
#3963 = CARTESIAN_POINT('',(-0.5,0.2,-0.285));
#3964 = VECTOR('',#3965,1.);
#3965 = DIRECTION('',(0.,-1.,0.));
#3966 = ORIENTED_EDGE('',*,*,#3967,.T.);
#3967 = EDGE_CURVE('',#3960,#3968,#3970,.T.);
#3968 = VERTEX_POINT('',#3969);
#3969 = CARTESIAN_POINT('',(-0.5,1.5E-02,0.285));
#3970 = LINE('',#3971,#3972);
#3971 = CARTESIAN_POINT('',(-0.5,1.5E-02,-0.3));
#3972 = VECTOR('',#3973,1.);
#3973 = DIRECTION('',(0.,0.,1.));
#3974 = ORIENTED_EDGE('',*,*,#3975,.T.);
#3975 = EDGE_CURVE('',#3968,#3950,#3976,.T.);
#3976 = LINE('',#3977,#3978);
#3977 = CARTESIAN_POINT('',(-0.5,0.2,0.285));
#3978 = VECTOR('',#3979,1.);
#3979 = DIRECTION('',(-0.,1.,-0.));
#3980 = PLANE('',#3981);
#3981 = AXIS2_PLACEMENT_3D('',#3982,#3983,#3984);
#3982 = CARTESIAN_POINT('',(-0.5,0.2,-0.3));
#3983 = DIRECTION('',(1.,0.,0.));
#3984 = DIRECTION('',(0.,0.,-1.));
#3985 = ADVANCED_FACE('',(#3986),#4002,.F.);
#3986 = FACE_BOUND('',#3987,.T.);
#3987 = EDGE_LOOP('',(#3988,#3994,#3995,#4001));
#3988 = ORIENTED_EDGE('',*,*,#3989,.T.);
#3989 = EDGE_CURVE('',#3498,#3456,#3990,.T.);
#3990 = LINE('',#3991,#3992);
#3991 = CARTESIAN_POINT('',(-0.5,0.185,0.3));
#3992 = VECTOR('',#3993,1.);
#3993 = DIRECTION('',(-1.,-0.,-0.));
#3994 = ORIENTED_EDGE('',*,*,#3455,.T.);
#3995 = ORIENTED_EDGE('',*,*,#3996,.T.);
#3996 = EDGE_CURVE('',#3458,#3496,#3997,.T.);
#3997 = LINE('',#3998,#3999);
#3998 = CARTESIAN_POINT('',(-0.5,1.5E-02,0.3));
#3999 = VECTOR('',#4000,1.);
#4000 = DIRECTION('',(1.,-0.,0.));
#4001 = ORIENTED_EDGE('',*,*,#3495,.T.);
#4002 = PLANE('',#4003);
#4003 = AXIS2_PLACEMENT_3D('',#4004,#4005,#4006);
#4004 = CARTESIAN_POINT('',(-0.5,0.2,0.3));
#4005 = DIRECTION('',(0.,0.,-1.));
#4006 = DIRECTION('',(-1.,0.,-0.));
#4007 = ADVANCED_FACE('',(#4008),#4042,.F.);
#4008 = FACE_BOUND('',#4009,.T.);
#4009 = EDGE_LOOP('',(#4010,#4020,#4028,#4036));
#4010 = ORIENTED_EDGE('',*,*,#4011,.T.);
#4011 = EDGE_CURVE('',#4012,#4014,#4016,.T.);
#4012 = VERTEX_POINT('',#4013);
#4013 = CARTESIAN_POINT('',(0.5,0.185,0.285));
#4014 = VERTEX_POINT('',#4015);
#4015 = CARTESIAN_POINT('',(0.5,1.5E-02,0.285));
#4016 = LINE('',#4017,#4018);
#4017 = CARTESIAN_POINT('',(0.5,0.2,0.285));
#4018 = VECTOR('',#4019,1.);
#4019 = DIRECTION('',(0.,-1.,0.));
#4020 = ORIENTED_EDGE('',*,*,#4021,.T.);
#4021 = EDGE_CURVE('',#4014,#4022,#4024,.T.);
#4022 = VERTEX_POINT('',#4023);
#4023 = CARTESIAN_POINT('',(0.5,1.5E-02,-0.285));
#4024 = LINE('',#4025,#4026);
#4025 = CARTESIAN_POINT('',(0.5,1.5E-02,-0.3));
#4026 = VECTOR('',#4027,1.);
#4027 = DIRECTION('',(0.,0.,-1.));
#4028 = ORIENTED_EDGE('',*,*,#4029,.T.);
#4029 = EDGE_CURVE('',#4022,#4030,#4032,.T.);
#4030 = VERTEX_POINT('',#4031);
#4031 = CARTESIAN_POINT('',(0.5,0.185,-0.285));
#4032 = LINE('',#4033,#4034);
#4033 = CARTESIAN_POINT('',(0.5,0.2,-0.285));
#4034 = VECTOR('',#4035,1.);
#4035 = DIRECTION('',(-0.,1.,-0.));
#4036 = ORIENTED_EDGE('',*,*,#4037,.T.);
#4037 = EDGE_CURVE('',#4030,#4012,#4038,.T.);
#4038 = LINE('',#4039,#4040);
#4039 = CARTESIAN_POINT('',(0.5,0.185,0.3));
#4040 = VECTOR('',#4041,1.);
#4041 = DIRECTION('',(-0.,-0.,1.));
#4042 = PLANE('',#4043);
#4043 = AXIS2_PLACEMENT_3D('',#4044,#4045,#4046);
#4044 = CARTESIAN_POINT('',(0.5,0.2,-0.3));
#4045 = DIRECTION('',(-1.,0.,0.));
#4046 = DIRECTION('',(0.,0.,1.));
#4047 = ADVANCED_FACE('',(#4048),#4064,.F.);
#4048 = FACE_BOUND('',#4049,.T.);
#4049 = EDGE_LOOP('',(#4050,#4056,#4057,#4063));
#4050 = ORIENTED_EDGE('',*,*,#4051,.T.);
#4051 = EDGE_CURVE('',#3764,#3712,#4052,.T.);
#4052 = LINE('',#4053,#4054);
#4053 = CARTESIAN_POINT('',(-0.5,1.5E-02,-0.3));
#4054 = VECTOR('',#4055,1.);
#4055 = DIRECTION('',(-1.,0.,0.));
#4056 = ORIENTED_EDGE('',*,*,#3795,.T.);
#4057 = ORIENTED_EDGE('',*,*,#4058,.T.);
#4058 = EDGE_CURVE('',#3796,#3827,#4059,.T.);
#4059 = LINE('',#4060,#4061);
#4060 = CARTESIAN_POINT('',(0.5,0.185,-0.3));
#4061 = VECTOR('',#4062,1.);
#4062 = DIRECTION('',(1.,-0.,-0.));
#4063 = ORIENTED_EDGE('',*,*,#3826,.T.);
#4064 = PLANE('',#4065);
#4065 = AXIS2_PLACEMENT_3D('',#4066,#4067,#4068);
#4066 = CARTESIAN_POINT('',(-0.5,0.2,-0.3));
#4067 = DIRECTION('',(0.,0.,1.));
#4068 = DIRECTION('',(1.,0.,-0.));
#4069 = ADVANCED_FACE('',(#4070),#4086,.F.);
#4070 = FACE_BOUND('',#4071,.T.);
#4071 = EDGE_LOOP('',(#4072,#4078,#4079,#4085));
#4072 = ORIENTED_EDGE('',*,*,#4073,.T.);
#4073 = EDGE_CURVE('',#3680,#3646,#4074,.T.);
#4074 = LINE('',#4075,#4076);
#4075 = CARTESIAN_POINT('',(-0.5,0.,0.285));
#4076 = VECTOR('',#4077,1.);
#4077 = DIRECTION('',(-1.,0.,-0.));
#4078 = ORIENTED_EDGE('',*,*,#3857,.T.);
#4079 = ORIENTED_EDGE('',*,*,#4080,.T.);
#4080 = EDGE_CURVE('',#3722,#3754,#4081,.T.);
#4081 = LINE('',#4082,#4083);
#4082 = CARTESIAN_POINT('',(-0.5,0.,-0.285));
#4083 = VECTOR('',#4084,1.);
#4084 = DIRECTION('',(1.,-0.,-0.));
#4085 = ORIENTED_EDGE('',*,*,#3879,.T.);
#4086 = PLANE('',#4087);
#4087 = AXIS2_PLACEMENT_3D('',#4088,#4089,#4090);
#4088 = CARTESIAN_POINT('',(-0.5,0.,0.3));
#4089 = DIRECTION('',(0.,1.,0.));
#4090 = DIRECTION('',(0.,-0.,1.));
#4091 = ADVANCED_FACE('',(#4092),#4110,.T.);
#4092 = FACE_BOUND('',#4093,.T.);
#4093 = EDGE_LOOP('',(#4094,#4101,#4102,#4109));
#4094 = ORIENTED_EDGE('',*,*,#4095,.F.);
#4095 = EDGE_CURVE('',#3514,#4012,#4096,.T.);
#4096 = CIRCLE('',#4097,1.5E-02);
#4097 = AXIS2_PLACEMENT_3D('',#4098,#4099,#4100);
#4098 = CARTESIAN_POINT('',(0.485,0.185,0.285));
#4099 = DIRECTION('',(0.,1.,0.));
#4100 = DIRECTION('',(0.,-0.,1.));
#4101 = ORIENTED_EDGE('',*,*,#3513,.F.);
#4102 = ORIENTED_EDGE('',*,*,#4103,.F.);
#4103 = EDGE_CURVE('',#4014,#3506,#4104,.T.);
#4104 = CIRCLE('',#4105,1.5E-02);
#4105 = AXIS2_PLACEMENT_3D('',#4106,#4107,#4108);
#4106 = CARTESIAN_POINT('',(0.485,1.5E-02,0.285));
#4107 = DIRECTION('',(0.,-1.,0.));
#4108 = DIRECTION('',(0.,0.,-1.));
#4109 = ORIENTED_EDGE('',*,*,#4011,.F.);
#4110 = CYLINDRICAL_SURFACE('',#4111,1.5E-02);
#4111 = AXIS2_PLACEMENT_3D('',#4112,#4113,#4114);
#4112 = CARTESIAN_POINT('',(0.485,0.2,0.285));
#4113 = DIRECTION('',(0.,-1.,0.));
#4114 = DIRECTION('',(0.,0.,-1.));
#4115 = ADVANCED_FACE('',(#4116),#4127,.T.);
#4116 = FACE_BOUND('',#4117,.T.);
#4117 = EDGE_LOOP('',(#4118,#4119,#4120));
#4118 = ORIENTED_EDGE('',*,*,#3630,.F.);
#4119 = ORIENTED_EDGE('',*,*,#4095,.T.);
#4120 = ORIENTED_EDGE('',*,*,#4121,.F.);
#4121 = EDGE_CURVE('',#3576,#4012,#4122,.T.);
#4122 = CIRCLE('',#4123,1.5E-02);
#4123 = AXIS2_PLACEMENT_3D('',#4124,#4125,#4126);
#4124 = CARTESIAN_POINT('',(0.485,0.185,0.285));
#4125 = DIRECTION('',(0.,-3.614007241618E-15,-1.));
#4126 = DIRECTION('',(0.,-1.,3.614007241618E-15));
#4127 = SPHERICAL_SURFACE('',#4128,1.5E-02);
#4128 = AXIS2_PLACEMENT_3D('',#4129,#4130,#4131);
#4129 = CARTESIAN_POINT('',(0.485,0.185,0.285));
#4130 = DIRECTION('',(0.,1.,0.));
#4131 = DIRECTION('',(1.,0.,0.));
#4132 = ADVANCED_FACE('',(#4133),#4144,.T.);
#4133 = FACE_BOUND('',#4134,.T.);
#4134 = EDGE_LOOP('',(#4135,#4142,#4143));
#4135 = ORIENTED_EDGE('',*,*,#4136,.F.);
#4136 = EDGE_CURVE('',#4014,#3689,#4137,.T.);
#4137 = CIRCLE('',#4138,1.5E-02);
#4138 = AXIS2_PLACEMENT_3D('',#4139,#4140,#4141);
#4139 = CARTESIAN_POINT('',(0.485,1.5E-02,0.285));
#4140 = DIRECTION('',(3.614007241618E-15,0.,-1.));
#4141 = DIRECTION('',(1.,0.,3.614007241618E-15));
#4142 = ORIENTED_EDGE('',*,*,#4103,.T.);
#4143 = ORIENTED_EDGE('',*,*,#3696,.F.);
#4144 = SPHERICAL_SURFACE('',#4145,1.5E-02);
#4145 = AXIS2_PLACEMENT_3D('',#4146,#4147,#4148);
#4146 = CARTESIAN_POINT('',(0.485,1.5E-02,0.285));
#4147 = DIRECTION('',(0.,1.,0.));
#4148 = DIRECTION('',(1.,0.,0.));
#4149 = ADVANCED_FACE('',(#4150),#4162,.T.);
#4150 = FACE_BOUND('',#4151,.T.);
#4151 = EDGE_LOOP('',(#4152,#4153,#4154,#4161));
#4152 = ORIENTED_EDGE('',*,*,#4121,.T.);
#4153 = ORIENTED_EDGE('',*,*,#4037,.F.);
#4154 = ORIENTED_EDGE('',*,*,#4155,.F.);
#4155 = EDGE_CURVE('',#3567,#4030,#4156,.T.);
#4156 = CIRCLE('',#4157,1.5E-02);
#4157 = AXIS2_PLACEMENT_3D('',#4158,#4159,#4160);
#4158 = CARTESIAN_POINT('',(0.485,0.185,-0.285));
#4159 = DIRECTION('',(3.614007241618E-15,0.,-1.));
#4160 = DIRECTION('',(-1.,0.,-3.614007241618E-15));
#4161 = ORIENTED_EDGE('',*,*,#3583,.F.);
#4162 = CYLINDRICAL_SURFACE('',#4163,1.5E-02);
#4163 = AXIS2_PLACEMENT_3D('',#4164,#4165,#4166);
#4164 = CARTESIAN_POINT('',(0.485,0.185,0.3));
#4165 = DIRECTION('',(0.,-0.,1.));
#4166 = DIRECTION('',(1.,0.,0.));
#4167 = ADVANCED_FACE('',(#4168),#4174,.T.);
#4168 = FACE_BOUND('',#4169,.T.);
#4169 = EDGE_LOOP('',(#4170,#4171,#4172,#4173));
#4170 = ORIENTED_EDGE('',*,*,#3598,.F.);
#4171 = ORIENTED_EDGE('',*,*,#3989,.F.);
#4172 = ORIENTED_EDGE('',*,*,#3622,.F.);
#4173 = ORIENTED_EDGE('',*,*,#3335,.F.);
#4174 = CYLINDRICAL_SURFACE('',#4175,1.5E-02);
#4175 = AXIS2_PLACEMENT_3D('',#4176,#4177,#4178);
#4176 = CARTESIAN_POINT('',(-0.5,0.185,0.285));
#4177 = DIRECTION('',(-1.,0.,0.));
#4178 = DIRECTION('',(0.,0.,1.));
#4179 = ADVANCED_FACE('',(#4180),#4198,.T.);
#4180 = FACE_BOUND('',#4181,.T.);
#4181 = EDGE_LOOP('',(#4182,#4189,#4190,#4197));
#4182 = ORIENTED_EDGE('',*,*,#4183,.F.);
#4183 = EDGE_CURVE('',#3474,#3968,#4184,.T.);
#4184 = CIRCLE('',#4185,1.5E-02);
#4185 = AXIS2_PLACEMENT_3D('',#4186,#4187,#4188);
#4186 = CARTESIAN_POINT('',(-0.485,1.5E-02,0.285));
#4187 = DIRECTION('',(0.,-1.,0.));
#4188 = DIRECTION('',(0.,0.,-1.));
#4189 = ORIENTED_EDGE('',*,*,#3473,.F.);
#4190 = ORIENTED_EDGE('',*,*,#4191,.F.);
#4191 = EDGE_CURVE('',#3950,#3466,#4192,.T.);
#4192 = CIRCLE('',#4193,1.5E-02);
#4193 = AXIS2_PLACEMENT_3D('',#4194,#4195,#4196);
#4194 = CARTESIAN_POINT('',(-0.485,0.185,0.285));
#4195 = DIRECTION('',(0.,1.,-0.));
#4196 = DIRECTION('',(0.,0.,1.));
#4197 = ORIENTED_EDGE('',*,*,#3975,.F.);
#4198 = CYLINDRICAL_SURFACE('',#4199,1.5E-02);
#4199 = AXIS2_PLACEMENT_3D('',#4200,#4201,#4202);
#4200 = CARTESIAN_POINT('',(-0.485,0.2,0.285));
#4201 = DIRECTION('',(0.,-1.,0.));
#4202 = DIRECTION('',(0.,0.,-1.));
#4203 = ADVANCED_FACE('',(#4204),#4210,.T.);
#4204 = FACE_BOUND('',#4205,.T.);
#4205 = EDGE_LOOP('',(#4206,#4207,#4208,#4209));
#4206 = ORIENTED_EDGE('',*,*,#3655,.F.);
#4207 = ORIENTED_EDGE('',*,*,#4073,.F.);
#4208 = ORIENTED_EDGE('',*,*,#3679,.F.);
#4209 = ORIENTED_EDGE('',*,*,#3996,.F.);
#4210 = CYLINDRICAL_SURFACE('',#4211,1.5E-02);
#4211 = AXIS2_PLACEMENT_3D('',#4212,#4213,#4214);
#4212 = CARTESIAN_POINT('',(-0.5,1.5E-02,0.285));
#4213 = DIRECTION('',(1.,-0.,0.));
#4214 = DIRECTION('',(0.,0.,-1.));
#4215 = ADVANCED_FACE('',(#4216),#4228,.T.);
#4216 = FACE_BOUND('',#4217,.T.);
#4217 = EDGE_LOOP('',(#4218,#4219,#4220,#4227));
#4218 = ORIENTED_EDGE('',*,*,#4136,.T.);
#4219 = ORIENTED_EDGE('',*,*,#3886,.F.);
#4220 = ORIENTED_EDGE('',*,*,#4221,.F.);
#4221 = EDGE_CURVE('',#4022,#3756,#4222,.T.);
#4222 = CIRCLE('',#4223,1.5E-02);
#4223 = AXIS2_PLACEMENT_3D('',#4224,#4225,#4226);
#4224 = CARTESIAN_POINT('',(0.485,1.5E-02,-0.285));
#4225 = DIRECTION('',(0.,0.,-1.));
#4226 = DIRECTION('',(-1.,0.,0.));
#4227 = ORIENTED_EDGE('',*,*,#4021,.F.);
#4228 = CYLINDRICAL_SURFACE('',#4229,1.5E-02);
#4229 = AXIS2_PLACEMENT_3D('',#4230,#4231,#4232);
#4230 = CARTESIAN_POINT('',(0.485,1.5E-02,-0.3));
#4231 = DIRECTION('',(0.,0.,-1.));
#4232 = DIRECTION('',(-1.,0.,0.));
#4233 = ADVANCED_FACE('',(#4234),#4252,.T.);
#4234 = FACE_BOUND('',#4235,.T.);
#4235 = EDGE_LOOP('',(#4236,#4243,#4244,#4251));
#4236 = ORIENTED_EDGE('',*,*,#4237,.F.);
#4237 = EDGE_CURVE('',#4030,#3835,#4238,.T.);
#4238 = CIRCLE('',#4239,1.5E-02);
#4239 = AXIS2_PLACEMENT_3D('',#4240,#4241,#4242);
#4240 = CARTESIAN_POINT('',(0.485,0.185,-0.285));
#4241 = DIRECTION('',(-0.,1.,0.));
#4242 = DIRECTION('',(0.,0.,1.));
#4243 = ORIENTED_EDGE('',*,*,#4029,.F.);
#4244 = ORIENTED_EDGE('',*,*,#4245,.F.);
#4245 = EDGE_CURVE('',#3773,#4022,#4246,.T.);
#4246 = CIRCLE('',#4247,1.5E-02);
#4247 = AXIS2_PLACEMENT_3D('',#4248,#4249,#4250);
#4248 = CARTESIAN_POINT('',(0.485,1.5E-02,-0.285));
#4249 = DIRECTION('',(0.,-1.,0.));
#4250 = DIRECTION('',(0.,0.,-1.));
#4251 = ORIENTED_EDGE('',*,*,#3842,.F.);
#4252 = CYLINDRICAL_SURFACE('',#4253,1.5E-02);
#4253 = AXIS2_PLACEMENT_3D('',#4254,#4255,#4256);
#4254 = CARTESIAN_POINT('',(0.485,0.2,-0.285));
#4255 = DIRECTION('',(0.,-1.,0.));
#4256 = DIRECTION('',(0.,0.,-1.));
#4257 = ADVANCED_FACE('',(#4258),#4263,.T.);
#4258 = FACE_BOUND('',#4259,.T.);
#4259 = EDGE_LOOP('',(#4260,#4261,#4262));
#4260 = ORIENTED_EDGE('',*,*,#4155,.T.);
#4261 = ORIENTED_EDGE('',*,*,#4237,.T.);
#4262 = ORIENTED_EDGE('',*,*,#3934,.F.);
#4263 = SPHERICAL_SURFACE('',#4264,1.5E-02);
#4264 = AXIS2_PLACEMENT_3D('',#4265,#4266,#4267);
#4265 = CARTESIAN_POINT('',(0.485,0.185,-0.285));
#4266 = DIRECTION('',(0.,1.,0.));
#4267 = DIRECTION('',(1.,0.,0.));
#4268 = ADVANCED_FACE('',(#4269),#4280,.T.);
#4269 = FACE_BOUND('',#4270,.T.);
#4270 = EDGE_LOOP('',(#4271,#4272,#4273));
#4271 = ORIENTED_EDGE('',*,*,#4191,.T.);
#4272 = ORIENTED_EDGE('',*,*,#3606,.T.);
#4273 = ORIENTED_EDGE('',*,*,#4274,.F.);
#4274 = EDGE_CURVE('',#3950,#3536,#4275,.T.);
#4275 = CIRCLE('',#4276,1.5E-02);
#4276 = AXIS2_PLACEMENT_3D('',#4277,#4278,#4279);
#4277 = CARTESIAN_POINT('',(-0.485,0.185,0.285));
#4278 = DIRECTION('',(0.,0.,-1.));
#4279 = DIRECTION('',(1.,0.,0.));
#4280 = SPHERICAL_SURFACE('',#4281,1.5E-02);
#4281 = AXIS2_PLACEMENT_3D('',#4282,#4283,#4284);
#4282 = CARTESIAN_POINT('',(-0.485,0.185,0.285));
#4283 = DIRECTION('',(0.,1.,0.));
#4284 = DIRECTION('',(1.,0.,0.));
#4285 = ADVANCED_FACE('',(#4286),#4297,.T.);
#4286 = FACE_BOUND('',#4287,.T.);
#4287 = EDGE_LOOP('',(#4288,#4289,#4290));
#4288 = ORIENTED_EDGE('',*,*,#3663,.T.);
#4289 = ORIENTED_EDGE('',*,*,#4183,.T.);
#4290 = ORIENTED_EDGE('',*,*,#4291,.F.);
#4291 = EDGE_CURVE('',#3648,#3968,#4292,.T.);
#4292 = CIRCLE('',#4293,1.5E-02);
#4293 = AXIS2_PLACEMENT_3D('',#4294,#4295,#4296);
#4294 = CARTESIAN_POINT('',(-0.485,1.5E-02,0.285));
#4295 = DIRECTION('',(0.,0.,-1.));
#4296 = DIRECTION('',(1.,0.,0.));
#4297 = SPHERICAL_SURFACE('',#4298,1.5E-02);
#4298 = AXIS2_PLACEMENT_3D('',#4299,#4300,#4301);
#4299 = CARTESIAN_POINT('',(-0.485,1.5E-02,0.285));
#4300 = DIRECTION('',(0.,1.,0.));
#4301 = DIRECTION('',(1.,0.,0.));
#4302 = ADVANCED_FACE('',(#4303),#4308,.T.);
#4303 = FACE_BOUND('',#4304,.T.);
#4304 = EDGE_LOOP('',(#4305,#4306,#4307));
#4305 = ORIENTED_EDGE('',*,*,#4245,.T.);
#4306 = ORIENTED_EDGE('',*,*,#4221,.T.);
#4307 = ORIENTED_EDGE('',*,*,#3780,.F.);
#4308 = SPHERICAL_SURFACE('',#4309,1.5E-02);
#4309 = AXIS2_PLACEMENT_3D('',#4310,#4311,#4312);
#4310 = CARTESIAN_POINT('',(0.485,1.5E-02,-0.285));
#4311 = DIRECTION('',(0.,1.,0.));
#4312 = DIRECTION('',(1.,0.,0.));
#4313 = ADVANCED_FACE('',(#4314),#4320,.T.);
#4314 = FACE_BOUND('',#4315,.T.);
#4315 = EDGE_LOOP('',(#4316,#4317,#4318,#4319));
#4316 = ORIENTED_EDGE('',*,*,#3902,.F.);
#4317 = ORIENTED_EDGE('',*,*,#3351,.F.);
#4318 = ORIENTED_EDGE('',*,*,#3926,.F.);
#4319 = ORIENTED_EDGE('',*,*,#4058,.F.);
#4320 = CYLINDRICAL_SURFACE('',#4321,1.5E-02);
#4321 = AXIS2_PLACEMENT_3D('',#4322,#4323,#4324);
#4322 = CARTESIAN_POINT('',(-0.5,0.185,-0.285));
#4323 = DIRECTION('',(1.,0.,0.));
#4324 = DIRECTION('',(0.,0.,-1.));
#4325 = ADVANCED_FACE('',(#4326),#4338,.T.);
#4326 = FACE_BOUND('',#4327,.T.);
#4327 = EDGE_LOOP('',(#4328,#4329,#4330,#4337));
#4328 = ORIENTED_EDGE('',*,*,#4274,.T.);
#4329 = ORIENTED_EDGE('',*,*,#3552,.F.);
#4330 = ORIENTED_EDGE('',*,*,#4331,.F.);
#4331 = EDGE_CURVE('',#3952,#3545,#4332,.T.);
#4332 = CIRCLE('',#4333,1.5E-02);
#4333 = AXIS2_PLACEMENT_3D('',#4334,#4335,#4336);
#4334 = CARTESIAN_POINT('',(-0.485,0.185,-0.285));
#4335 = DIRECTION('',(0.,-3.614007241618E-15,-1.));
#4336 = DIRECTION('',(0.,1.,-3.614007241618E-15));
#4337 = ORIENTED_EDGE('',*,*,#3949,.F.);
#4338 = CYLINDRICAL_SURFACE('',#4339,1.5E-02);
#4339 = AXIS2_PLACEMENT_3D('',#4340,#4341,#4342);
#4340 = CARTESIAN_POINT('',(-0.485,0.185,0.3));
#4341 = DIRECTION('',(0.,0.,-1.));
#4342 = DIRECTION('',(-1.,0.,0.));
#4343 = ADVANCED_FACE('',(#4344),#4356,.T.);
#4344 = FACE_BOUND('',#4345,.T.);
#4345 = EDGE_LOOP('',(#4346,#4347,#4348,#4355));
#4346 = ORIENTED_EDGE('',*,*,#4291,.T.);
#4347 = ORIENTED_EDGE('',*,*,#3967,.F.);
#4348 = ORIENTED_EDGE('',*,*,#4349,.F.);
#4349 = EDGE_CURVE('',#3731,#3960,#4350,.T.);
#4350 = CIRCLE('',#4351,1.5E-02);
#4351 = AXIS2_PLACEMENT_3D('',#4352,#4353,#4354);
#4352 = CARTESIAN_POINT('',(-0.485,1.5E-02,-0.285));
#4353 = DIRECTION('',(-0.,0.,-1.));
#4354 = DIRECTION('',(-1.,0.,0.));
#4355 = ORIENTED_EDGE('',*,*,#3864,.F.);
#4356 = CYLINDRICAL_SURFACE('',#4357,1.5E-02);
#4357 = AXIS2_PLACEMENT_3D('',#4358,#4359,#4360);
#4358 = CARTESIAN_POINT('',(-0.485,1.5E-02,-0.3));
#4359 = DIRECTION('',(0.,0.,1.));
#4360 = DIRECTION('',(1.,0.,-0.));
#4361 = ADVANCED_FACE('',(#4362),#4368,.T.);
#4362 = FACE_BOUND('',#4363,.T.);
#4363 = EDGE_LOOP('',(#4364,#4365,#4366,#4367));
#4364 = ORIENTED_EDGE('',*,*,#3721,.F.);
#4365 = ORIENTED_EDGE('',*,*,#4051,.F.);
#4366 = ORIENTED_EDGE('',*,*,#3763,.F.);
#4367 = ORIENTED_EDGE('',*,*,#4080,.F.);
#4368 = CYLINDRICAL_SURFACE('',#4369,1.5E-02);
#4369 = AXIS2_PLACEMENT_3D('',#4370,#4371,#4372);
#4370 = CARTESIAN_POINT('',(-0.5,1.5E-02,-0.285));
#4371 = DIRECTION('',(-1.,0.,0.));
#4372 = DIRECTION('',(0.,0.,1.));
#4373 = ADVANCED_FACE('',(#4374),#4385,.T.);
#4374 = FACE_BOUND('',#4375,.T.);
#4375 = EDGE_LOOP('',(#4376,#4377,#4378));
#4376 = ORIENTED_EDGE('',*,*,#4331,.T.);
#4377 = ORIENTED_EDGE('',*,*,#3910,.T.);
#4378 = ORIENTED_EDGE('',*,*,#4379,.F.);
#4379 = EDGE_CURVE('',#3952,#3805,#4380,.T.);
#4380 = CIRCLE('',#4381,1.5E-02);
#4381 = AXIS2_PLACEMENT_3D('',#4382,#4383,#4384);
#4382 = CARTESIAN_POINT('',(-0.485,0.185,-0.285));
#4383 = DIRECTION('',(0.,-1.,0.));
#4384 = DIRECTION('',(0.,0.,1.));
#4385 = SPHERICAL_SURFACE('',#4386,1.5E-02);
#4386 = AXIS2_PLACEMENT_3D('',#4387,#4388,#4389);
#4387 = CARTESIAN_POINT('',(-0.485,0.185,-0.285));
#4388 = DIRECTION('',(0.,1.,0.));
#4389 = DIRECTION('',(1.,0.,0.));
#4390 = ADVANCED_FACE('',(#4391),#4402,.T.);
#4391 = FACE_BOUND('',#4392,.T.);
#4392 = EDGE_LOOP('',(#4393,#4394,#4395));
#4393 = ORIENTED_EDGE('',*,*,#3738,.T.);
#4394 = ORIENTED_EDGE('',*,*,#4349,.T.);
#4395 = ORIENTED_EDGE('',*,*,#4396,.F.);
#4396 = EDGE_CURVE('',#3714,#3960,#4397,.T.);
#4397 = CIRCLE('',#4398,1.5E-02);
#4398 = AXIS2_PLACEMENT_3D('',#4399,#4400,#4401);
#4399 = CARTESIAN_POINT('',(-0.485,1.5E-02,-0.285));
#4400 = DIRECTION('',(0.,1.,0.));
#4401 = DIRECTION('',(0.,0.,-1.));
#4402 = SPHERICAL_SURFACE('',#4403,1.5E-02);
#4403 = AXIS2_PLACEMENT_3D('',#4404,#4405,#4406);
#4404 = CARTESIAN_POINT('',(-0.485,1.5E-02,-0.285));
#4405 = DIRECTION('',(0.,1.,0.));
#4406 = DIRECTION('',(1.,0.,0.));
#4407 = ADVANCED_FACE('',(#4408),#4414,.T.);
#4408 = FACE_BOUND('',#4409,.T.);
#4409 = EDGE_LOOP('',(#4410,#4411,#4412,#4413));
#4410 = ORIENTED_EDGE('',*,*,#4379,.T.);
#4411 = ORIENTED_EDGE('',*,*,#3804,.F.);
#4412 = ORIENTED_EDGE('',*,*,#4396,.T.);
#4413 = ORIENTED_EDGE('',*,*,#3959,.F.);
#4414 = CYLINDRICAL_SURFACE('',#4415,1.5E-02);
#4415 = AXIS2_PLACEMENT_3D('',#4416,#4417,#4418);
#4416 = CARTESIAN_POINT('',(-0.485,0.2,-0.285));
#4417 = DIRECTION('',(0.,-1.,0.));
#4418 = DIRECTION('',(0.,0.,-1.));
#4419 = ADVANCED_FACE('',(#4420,#4510),#4536,.F.);
#4420 = FACE_BOUND('',#4421,.T.);
#4421 = EDGE_LOOP('',(#4422,#4432,#4440,#4448,#4456,#4464,#4472,#4480,
    #4488,#4496,#4504));
#4422 = ORIENTED_EDGE('',*,*,#4423,.F.);
#4423 = EDGE_CURVE('',#4424,#4426,#4428,.T.);
#4424 = VERTEX_POINT('',#4425);
#4425 = CARTESIAN_POINT('',(-4.92675259582E-02,0.202,-1.5E-02));
#4426 = VERTEX_POINT('',#4427);
#4427 = CARTESIAN_POINT('',(-6.573110727163E-02,0.202,-1.5E-02));
#4428 = LINE('',#4429,#4430);
#4429 = CARTESIAN_POINT('',(-4.92675259582E-02,0.202,-1.5E-02));
#4430 = VECTOR('',#4431,1.);
#4431 = DIRECTION('',(-1.,0.,0.));
#4432 = ORIENTED_EDGE('',*,*,#4433,.F.);
#4433 = EDGE_CURVE('',#4434,#4424,#4436,.T.);
#4434 = VERTEX_POINT('',#4435);
#4435 = CARTESIAN_POINT('',(-4.92675259582E-02,0.202,-7.756160899105E-02
    ));
#4436 = LINE('',#4437,#4438);
#4437 = CARTESIAN_POINT('',(-4.92675259582E-02,0.202,-7.756160899105E-02
    ));
#4438 = VECTOR('',#4439,1.);
#4439 = DIRECTION('',(0.,0.,1.));
#4440 = ORIENTED_EDGE('',*,*,#4441,.F.);
#4441 = EDGE_CURVE('',#4442,#4434,#4444,.T.);
#4442 = VERTEX_POINT('',#4443);
#4443 = CARTESIAN_POINT('',(-3.280394464476E-02,0.202,
    -7.756160899105E-02));
#4444 = LINE('',#4445,#4446);
#4445 = CARTESIAN_POINT('',(-3.280394464476E-02,0.202,
    -7.756160899105E-02));
#4446 = VECTOR('',#4447,1.);
#4447 = DIRECTION('',(-1.,0.,0.));
#4448 = ORIENTED_EDGE('',*,*,#4449,.F.);
#4449 = EDGE_CURVE('',#4450,#4442,#4452,.T.);
#4450 = VERTEX_POINT('',#4451);
#4451 = CARTESIAN_POINT('',(-3.280394464476E-02,0.202,-0.110488771618));
#4452 = LINE('',#4453,#4454);
#4453 = CARTESIAN_POINT('',(-3.280394464476E-02,0.202,-0.110488771618));
#4454 = VECTOR('',#4455,1.);
#4455 = DIRECTION('',(0.,0.,1.));
#4456 = ORIENTED_EDGE('',*,*,#4457,.F.);
#4457 = EDGE_CURVE('',#4458,#4450,#4460,.T.);
#4458 = VERTEX_POINT('',#4459);
#4459 = CARTESIAN_POINT('',(-4.92675259582E-02,0.202,-0.110488771618));
#4460 = LINE('',#4461,#4462);
#4461 = CARTESIAN_POINT('',(-4.92675259582E-02,0.202,-0.110488771618));
#4462 = VECTOR('',#4463,1.);
#4463 = DIRECTION('',(1.,0.,0.));
#4464 = ORIENTED_EDGE('',*,*,#4465,.F.);
#4465 = EDGE_CURVE('',#4466,#4458,#4468,.T.);
#4466 = VERTEX_POINT('',#4467);
#4467 = CARTESIAN_POINT('',(-4.92675259582E-02,0.202,-0.268539152227));
#4468 = LINE('',#4469,#4470);
#4469 = CARTESIAN_POINT('',(-4.92675259582E-02,0.202,-0.268539152227));
#4470 = VECTOR('',#4471,1.);
#4471 = DIRECTION('',(0.,0.,1.));
#4472 = ORIENTED_EDGE('',*,*,#4473,.F.);
#4473 = EDGE_CURVE('',#4474,#4466,#4476,.T.);
#4474 = VERTEX_POINT('',#4475);
#4475 = CARTESIAN_POINT('',(-6.243839100895E-02,0.202,-0.268539152227));
#4476 = LINE('',#4477,#4478);
#4477 = CARTESIAN_POINT('',(-6.243839100895E-02,0.202,-0.268539152227));
#4478 = VECTOR('',#4479,1.);
#4479 = DIRECTION('',(1.,0.,0.));
#4480 = ORIENTED_EDGE('',*,*,#4481,.F.);
#4481 = EDGE_CURVE('',#4482,#4474,#4484,.T.);
#4482 = VERTEX_POINT('',#4483);
#4483 = CARTESIAN_POINT('',(-0.121707283737,0.202,-0.110488771618));
#4484 = LINE('',#4485,#4486);
#4485 = CARTESIAN_POINT('',(-0.121707283737,0.202,-0.110488771618));
#4486 = VECTOR('',#4487,1.);
#4487 = DIRECTION('',(0.351123441588,0.,-0.936329177569));
#4488 = ORIENTED_EDGE('',*,*,#4489,.F.);
#4489 = EDGE_CURVE('',#4490,#4482,#4492,.T.);
#4490 = VERTEX_POINT('',#4491);
#4491 = CARTESIAN_POINT('',(-0.121707283737,0.202,-7.756160899105E-02));
#4492 = LINE('',#4493,#4494);
#4493 = CARTESIAN_POINT('',(-0.121707283737,0.202,-7.756160899105E-02));
#4494 = VECTOR('',#4495,1.);
#4495 = DIRECTION('',(0.,0.,-1.));
#4496 = ORIENTED_EDGE('',*,*,#4497,.F.);
#4497 = EDGE_CURVE('',#4498,#4490,#4500,.T.);
#4498 = VERTEX_POINT('',#4499);
#4499 = CARTESIAN_POINT('',(-6.573110727163E-02,0.202,
    -7.756160899105E-02));
#4500 = LINE('',#4501,#4502);
#4501 = CARTESIAN_POINT('',(-6.573110727163E-02,0.202,
    -7.756160899105E-02));
#4502 = VECTOR('',#4503,1.);
#4503 = DIRECTION('',(-1.,0.,0.));
#4504 = ORIENTED_EDGE('',*,*,#4505,.F.);
#4505 = EDGE_CURVE('',#4426,#4498,#4506,.T.);
#4506 = LINE('',#4507,#4508);
#4507 = CARTESIAN_POINT('',(-6.573110727163E-02,0.202,-1.5E-02));
#4508 = VECTOR('',#4509,1.);
#4509 = DIRECTION('',(0.,0.,-1.));
#4510 = FACE_BOUND('',#4511,.T.);
#4511 = EDGE_LOOP('',(#4512,#4522,#4530));
#4512 = ORIENTED_EDGE('',*,*,#4513,.F.);
#4513 = EDGE_CURVE('',#4514,#4516,#4518,.T.);
#4514 = VERTEX_POINT('',#4515);
#4515 = CARTESIAN_POINT('',(-0.101127807096,0.202,-0.110488771618));
#4516 = VERTEX_POINT('',#4517);
#4517 = CARTESIAN_POINT('',(-6.573110727163E-02,0.202,-0.110488771618));
#4518 = LINE('',#4519,#4520);
#4519 = CARTESIAN_POINT('',(-0.101127807096,0.202,-0.110488771618));
#4520 = VECTOR('',#4521,1.);
#4521 = DIRECTION('',(1.,0.,0.));
#4522 = ORIENTED_EDGE('',*,*,#4523,.F.);
#4523 = EDGE_CURVE('',#4524,#4514,#4526,.T.);
#4524 = VERTEX_POINT('',#4525);
#4525 = CARTESIAN_POINT('',(-6.573110727163E-02,0.202,-0.204897120712));
#4526 = LINE('',#4527,#4528);
#4527 = CARTESIAN_POINT('',(-6.573110727163E-02,0.202,-0.204897120712));
#4528 = VECTOR('',#4529,1.);
#4529 = DIRECTION('',(-0.351067520682,0.,0.936350146004));
#4530 = ORIENTED_EDGE('',*,*,#4531,.F.);
#4531 = EDGE_CURVE('',#4516,#4524,#4532,.T.);
#4532 = LINE('',#4533,#4534);
#4533 = CARTESIAN_POINT('',(-6.573110727163E-02,0.202,-0.110488771618));
#4534 = VECTOR('',#4535,1.);
#4535 = DIRECTION('',(0.,0.,-1.));
#4536 = PLANE('',#4537);
#4537 = AXIS2_PLACEMENT_3D('',#4538,#4539,#4540);
#4538 = CARTESIAN_POINT('',(-6.573110727163E-02,0.202,-1.5E-02));
#4539 = DIRECTION('',(0.,-1.,-0.));
#4540 = DIRECTION('',(0.,0.,-1.));
#4541 = ADVANCED_FACE('',(#4542),#4558,.T.);
#4542 = FACE_BOUND('',#4543,.T.);
#4543 = EDGE_LOOP('',(#4544,#4545,#4551,#4552));
#4544 = ORIENTED_EDGE('',*,*,#3359,.F.);
#4545 = ORIENTED_EDGE('',*,*,#4546,.F.);
#4546 = EDGE_CURVE('',#4424,#3360,#4547,.T.);
#4547 = LINE('',#4548,#4549);
#4548 = CARTESIAN_POINT('',(-4.92675259582E-02,0.202,-1.5E-02));
#4549 = VECTOR('',#4550,1.);
#4550 = DIRECTION('',(-0.,-1.,-0.));
#4551 = ORIENTED_EDGE('',*,*,#4423,.T.);
#4552 = ORIENTED_EDGE('',*,*,#4553,.T.);
#4553 = EDGE_CURVE('',#4426,#3362,#4554,.T.);
#4554 = LINE('',#4555,#4556);
#4555 = CARTESIAN_POINT('',(-6.573110727163E-02,0.202,-1.5E-02));
#4556 = VECTOR('',#4557,1.);
#4557 = DIRECTION('',(-0.,-1.,-0.));
#4558 = PLANE('',#4559);
#4559 = AXIS2_PLACEMENT_3D('',#4560,#4561,#4562);
#4560 = CARTESIAN_POINT('',(-4.92675259582E-02,0.202,-1.5E-02));
#4561 = DIRECTION('',(0.,-0.,1.));
#4562 = DIRECTION('',(1.,0.,0.));
#4563 = ADVANCED_FACE('',(#4564),#4575,.T.);
#4564 = FACE_BOUND('',#4565,.T.);
#4565 = EDGE_LOOP('',(#4566,#4567,#4573,#4574));
#4566 = ORIENTED_EDGE('',*,*,#3441,.F.);
#4567 = ORIENTED_EDGE('',*,*,#4568,.F.);
#4568 = EDGE_CURVE('',#4434,#3434,#4569,.T.);
#4569 = LINE('',#4570,#4571);
#4570 = CARTESIAN_POINT('',(-4.92675259582E-02,0.202,-7.756160899105E-02
    ));
#4571 = VECTOR('',#4572,1.);
#4572 = DIRECTION('',(-0.,-1.,-0.));
#4573 = ORIENTED_EDGE('',*,*,#4433,.T.);
#4574 = ORIENTED_EDGE('',*,*,#4546,.T.);
#4575 = PLANE('',#4576);
#4576 = AXIS2_PLACEMENT_3D('',#4577,#4578,#4579);
#4577 = CARTESIAN_POINT('',(-4.92675259582E-02,0.202,-7.756160899105E-02
    ));
#4578 = DIRECTION('',(1.,0.,0.));
#4579 = DIRECTION('',(0.,0.,-1.));
#4580 = ADVANCED_FACE('',(#4581),#4592,.T.);
#4581 = FACE_BOUND('',#4582,.T.);
#4582 = EDGE_LOOP('',(#4583,#4584,#4590,#4591));
#4583 = ORIENTED_EDGE('',*,*,#3433,.F.);
#4584 = ORIENTED_EDGE('',*,*,#4585,.F.);
#4585 = EDGE_CURVE('',#4442,#3426,#4586,.T.);
#4586 = LINE('',#4587,#4588);
#4587 = CARTESIAN_POINT('',(-3.280394464476E-02,0.202,
    -7.756160899105E-02));
#4588 = VECTOR('',#4589,1.);
#4589 = DIRECTION('',(-0.,-1.,-0.));
#4590 = ORIENTED_EDGE('',*,*,#4441,.T.);
#4591 = ORIENTED_EDGE('',*,*,#4568,.T.);
#4592 = PLANE('',#4593);
#4593 = AXIS2_PLACEMENT_3D('',#4594,#4595,#4596);
#4594 = CARTESIAN_POINT('',(-3.280394464476E-02,0.202,
    -7.756160899105E-02));
#4595 = DIRECTION('',(0.,-0.,1.));
#4596 = DIRECTION('',(1.,0.,0.));
#4597 = ADVANCED_FACE('',(#4598),#4609,.T.);
#4598 = FACE_BOUND('',#4599,.T.);
#4599 = EDGE_LOOP('',(#4600,#4601,#4607,#4608));
#4600 = ORIENTED_EDGE('',*,*,#3425,.F.);
#4601 = ORIENTED_EDGE('',*,*,#4602,.F.);
#4602 = EDGE_CURVE('',#4450,#3418,#4603,.T.);
#4603 = LINE('',#4604,#4605);
#4604 = CARTESIAN_POINT('',(-3.280394464476E-02,0.202,-0.110488771618));
#4605 = VECTOR('',#4606,1.);
#4606 = DIRECTION('',(-0.,-1.,-0.));
#4607 = ORIENTED_EDGE('',*,*,#4449,.T.);
#4608 = ORIENTED_EDGE('',*,*,#4585,.T.);
#4609 = PLANE('',#4610);
#4610 = AXIS2_PLACEMENT_3D('',#4611,#4612,#4613);
#4611 = CARTESIAN_POINT('',(-3.280394464476E-02,0.202,-0.110488771618));
#4612 = DIRECTION('',(1.,0.,0.));
#4613 = DIRECTION('',(0.,0.,-1.));
#4614 = ADVANCED_FACE('',(#4615),#4626,.T.);
#4615 = FACE_BOUND('',#4616,.T.);
#4616 = EDGE_LOOP('',(#4617,#4618,#4624,#4625));
#4617 = ORIENTED_EDGE('',*,*,#3417,.F.);
#4618 = ORIENTED_EDGE('',*,*,#4619,.F.);
#4619 = EDGE_CURVE('',#4458,#3410,#4620,.T.);
#4620 = LINE('',#4621,#4622);
#4621 = CARTESIAN_POINT('',(-4.92675259582E-02,0.202,-0.110488771618));
#4622 = VECTOR('',#4623,1.);
#4623 = DIRECTION('',(-0.,-1.,-0.));
#4624 = ORIENTED_EDGE('',*,*,#4457,.T.);
#4625 = ORIENTED_EDGE('',*,*,#4602,.T.);
#4626 = PLANE('',#4627);
#4627 = AXIS2_PLACEMENT_3D('',#4628,#4629,#4630);
#4628 = CARTESIAN_POINT('',(-4.92675259582E-02,0.202,-0.110488771618));
#4629 = DIRECTION('',(0.,0.,-1.));
#4630 = DIRECTION('',(-1.,0.,-0.));
#4631 = ADVANCED_FACE('',(#4632),#4643,.T.);
#4632 = FACE_BOUND('',#4633,.T.);
#4633 = EDGE_LOOP('',(#4634,#4635,#4641,#4642));
#4634 = ORIENTED_EDGE('',*,*,#3409,.F.);
#4635 = ORIENTED_EDGE('',*,*,#4636,.F.);
#4636 = EDGE_CURVE('',#4466,#3402,#4637,.T.);
#4637 = LINE('',#4638,#4639);
#4638 = CARTESIAN_POINT('',(-4.92675259582E-02,0.202,-0.268539152227));
#4639 = VECTOR('',#4640,1.);
#4640 = DIRECTION('',(-0.,-1.,-0.));
#4641 = ORIENTED_EDGE('',*,*,#4465,.T.);
#4642 = ORIENTED_EDGE('',*,*,#4619,.T.);
#4643 = PLANE('',#4644);
#4644 = AXIS2_PLACEMENT_3D('',#4645,#4646,#4647);
#4645 = CARTESIAN_POINT('',(-4.92675259582E-02,0.202,-0.268539152227));
#4646 = DIRECTION('',(1.,0.,0.));
#4647 = DIRECTION('',(0.,0.,-1.));
#4648 = ADVANCED_FACE('',(#4649),#4660,.T.);
#4649 = FACE_BOUND('',#4650,.T.);
#4650 = EDGE_LOOP('',(#4651,#4652,#4658,#4659));
#4651 = ORIENTED_EDGE('',*,*,#3401,.F.);
#4652 = ORIENTED_EDGE('',*,*,#4653,.F.);
#4653 = EDGE_CURVE('',#4474,#3394,#4654,.T.);
#4654 = LINE('',#4655,#4656);
#4655 = CARTESIAN_POINT('',(-6.243839100895E-02,0.202,-0.268539152227));
#4656 = VECTOR('',#4657,1.);
#4657 = DIRECTION('',(-0.,-1.,-0.));
#4658 = ORIENTED_EDGE('',*,*,#4473,.T.);
#4659 = ORIENTED_EDGE('',*,*,#4636,.T.);
#4660 = PLANE('',#4661);
#4661 = AXIS2_PLACEMENT_3D('',#4662,#4663,#4664);
#4662 = CARTESIAN_POINT('',(-6.243839100895E-02,0.202,-0.268539152227));
#4663 = DIRECTION('',(0.,0.,-1.));
#4664 = DIRECTION('',(-1.,0.,-0.));
#4665 = ADVANCED_FACE('',(#4666),#4677,.T.);
#4666 = FACE_BOUND('',#4667,.T.);
#4667 = EDGE_LOOP('',(#4668,#4669,#4675,#4676));
#4668 = ORIENTED_EDGE('',*,*,#3393,.F.);
#4669 = ORIENTED_EDGE('',*,*,#4670,.F.);
#4670 = EDGE_CURVE('',#4482,#3386,#4671,.T.);
#4671 = LINE('',#4672,#4673);
#4672 = CARTESIAN_POINT('',(-0.121707283737,0.202,-0.110488771618));
#4673 = VECTOR('',#4674,1.);
#4674 = DIRECTION('',(-0.,-1.,-0.));
#4675 = ORIENTED_EDGE('',*,*,#4481,.T.);
#4676 = ORIENTED_EDGE('',*,*,#4653,.T.);
#4677 = PLANE('',#4678);
#4678 = AXIS2_PLACEMENT_3D('',#4679,#4680,#4681);
#4679 = CARTESIAN_POINT('',(-0.121707283737,0.202,-0.110488771618));
#4680 = DIRECTION('',(-0.936329177569,0.,-0.351123441588));
#4681 = DIRECTION('',(-0.351123441588,0.,0.936329177569));
#4682 = ADVANCED_FACE('',(#4683),#4694,.T.);
#4683 = FACE_BOUND('',#4684,.T.);
#4684 = EDGE_LOOP('',(#4685,#4686,#4692,#4693));
#4685 = ORIENTED_EDGE('',*,*,#3385,.F.);
#4686 = ORIENTED_EDGE('',*,*,#4687,.F.);
#4687 = EDGE_CURVE('',#4490,#3378,#4688,.T.);
#4688 = LINE('',#4689,#4690);
#4689 = CARTESIAN_POINT('',(-0.121707283737,0.202,-7.756160899105E-02));
#4690 = VECTOR('',#4691,1.);
#4691 = DIRECTION('',(-0.,-1.,-0.));
#4692 = ORIENTED_EDGE('',*,*,#4489,.T.);
#4693 = ORIENTED_EDGE('',*,*,#4670,.T.);
#4694 = PLANE('',#4695);
#4695 = AXIS2_PLACEMENT_3D('',#4696,#4697,#4698);
#4696 = CARTESIAN_POINT('',(-0.121707283737,0.202,-7.756160899105E-02));
#4697 = DIRECTION('',(-1.,0.,0.));
#4698 = DIRECTION('',(0.,0.,1.));
#4699 = ADVANCED_FACE('',(#4700),#4711,.T.);
#4700 = FACE_BOUND('',#4701,.T.);
#4701 = EDGE_LOOP('',(#4702,#4703,#4709,#4710));
#4702 = ORIENTED_EDGE('',*,*,#3377,.F.);
#4703 = ORIENTED_EDGE('',*,*,#4704,.F.);
#4704 = EDGE_CURVE('',#4498,#3370,#4705,.T.);
#4705 = LINE('',#4706,#4707);
#4706 = CARTESIAN_POINT('',(-6.573110727163E-02,0.202,
    -7.756160899105E-02));
#4707 = VECTOR('',#4708,1.);
#4708 = DIRECTION('',(-0.,-1.,-0.));
#4709 = ORIENTED_EDGE('',*,*,#4497,.T.);
#4710 = ORIENTED_EDGE('',*,*,#4687,.T.);
#4711 = PLANE('',#4712);
#4712 = AXIS2_PLACEMENT_3D('',#4713,#4714,#4715);
#4713 = CARTESIAN_POINT('',(-6.573110727163E-02,0.202,
    -7.756160899105E-02));
#4714 = DIRECTION('',(0.,-0.,1.));
#4715 = DIRECTION('',(1.,0.,0.));
#4716 = ADVANCED_FACE('',(#4717),#4723,.T.);
#4717 = FACE_BOUND('',#4718,.T.);
#4718 = EDGE_LOOP('',(#4719,#4720,#4721,#4722));
#4719 = ORIENTED_EDGE('',*,*,#3369,.F.);
#4720 = ORIENTED_EDGE('',*,*,#4553,.F.);
#4721 = ORIENTED_EDGE('',*,*,#4505,.T.);
#4722 = ORIENTED_EDGE('',*,*,#4704,.T.);
#4723 = PLANE('',#4724);
#4724 = AXIS2_PLACEMENT_3D('',#4725,#4726,#4727);
#4725 = CARTESIAN_POINT('',(-6.573110727163E-02,0.202,-1.5E-02));
#4726 = DIRECTION('',(-1.,0.,0.));
#4727 = DIRECTION('',(0.,0.,1.));
#4728 = ADVANCED_FACE('',(#4729),#4754,.T.);
#4729 = FACE_BOUND('',#4730,.T.);
#4730 = EDGE_LOOP('',(#4731,#4741,#4747,#4748));
#4731 = ORIENTED_EDGE('',*,*,#4732,.F.);
#4732 = EDGE_CURVE('',#4733,#4735,#4737,.T.);
#4733 = VERTEX_POINT('',#4734);
#4734 = CARTESIAN_POINT('',(-0.101127807096,0.2,-0.110488771618));
#4735 = VERTEX_POINT('',#4736);
#4736 = CARTESIAN_POINT('',(-6.573110727163E-02,0.2,-0.110488771618));
#4737 = LINE('',#4738,#4739);
#4738 = CARTESIAN_POINT('',(-0.101127807096,0.2,-0.110488771618));
#4739 = VECTOR('',#4740,1.);
#4740 = DIRECTION('',(1.,0.,0.));
#4741 = ORIENTED_EDGE('',*,*,#4742,.F.);
#4742 = EDGE_CURVE('',#4514,#4733,#4743,.T.);
#4743 = LINE('',#4744,#4745);
#4744 = CARTESIAN_POINT('',(-0.101127807096,0.202,-0.110488771618));
#4745 = VECTOR('',#4746,1.);
#4746 = DIRECTION('',(-0.,-1.,-0.));
#4747 = ORIENTED_EDGE('',*,*,#4513,.T.);
#4748 = ORIENTED_EDGE('',*,*,#4749,.T.);
#4749 = EDGE_CURVE('',#4516,#4735,#4750,.T.);
#4750 = LINE('',#4751,#4752);
#4751 = CARTESIAN_POINT('',(-6.573110727163E-02,0.202,-0.110488771618));
#4752 = VECTOR('',#4753,1.);
#4753 = DIRECTION('',(-0.,-1.,-0.));
#4754 = PLANE('',#4755);
#4755 = AXIS2_PLACEMENT_3D('',#4756,#4757,#4758);
#4756 = CARTESIAN_POINT('',(-0.101127807096,0.202,-0.110488771618));
#4757 = DIRECTION('',(0.,0.,-1.));
#4758 = DIRECTION('',(-1.,0.,-0.));
#4759 = ADVANCED_FACE('',(#4760),#4778,.T.);
#4760 = FACE_BOUND('',#4761,.T.);
#4761 = EDGE_LOOP('',(#4762,#4770,#4771,#4772));
#4762 = ORIENTED_EDGE('',*,*,#4763,.F.);
#4763 = EDGE_CURVE('',#4735,#4764,#4766,.T.);
#4764 = VERTEX_POINT('',#4765);
#4765 = CARTESIAN_POINT('',(-6.573110727163E-02,0.2,-0.204897120712));
#4766 = LINE('',#4767,#4768);
#4767 = CARTESIAN_POINT('',(-6.573110727163E-02,0.2,-0.110488771618));
#4768 = VECTOR('',#4769,1.);
#4769 = DIRECTION('',(0.,0.,-1.));
#4770 = ORIENTED_EDGE('',*,*,#4749,.F.);
#4771 = ORIENTED_EDGE('',*,*,#4531,.T.);
#4772 = ORIENTED_EDGE('',*,*,#4773,.T.);
#4773 = EDGE_CURVE('',#4524,#4764,#4774,.T.);
#4774 = LINE('',#4775,#4776);
#4775 = CARTESIAN_POINT('',(-6.573110727163E-02,0.202,-0.204897120712));
#4776 = VECTOR('',#4777,1.);
#4777 = DIRECTION('',(-0.,-1.,-0.));
#4778 = PLANE('',#4779);
#4779 = AXIS2_PLACEMENT_3D('',#4780,#4781,#4782);
#4780 = CARTESIAN_POINT('',(-6.573110727163E-02,0.202,-0.110488771618));
#4781 = DIRECTION('',(-1.,0.,0.));
#4782 = DIRECTION('',(0.,0.,1.));
#4783 = ADVANCED_FACE('',(#4784),#4795,.T.);
#4784 = FACE_BOUND('',#4785,.T.);
#4785 = EDGE_LOOP('',(#4786,#4792,#4793,#4794));
#4786 = ORIENTED_EDGE('',*,*,#4787,.F.);
#4787 = EDGE_CURVE('',#4764,#4733,#4788,.T.);
#4788 = LINE('',#4789,#4790);
#4789 = CARTESIAN_POINT('',(-6.573110727163E-02,0.2,-0.204897120712));
#4790 = VECTOR('',#4791,1.);
#4791 = DIRECTION('',(-0.351067520682,0.,0.936350146004));
#4792 = ORIENTED_EDGE('',*,*,#4773,.F.);
#4793 = ORIENTED_EDGE('',*,*,#4523,.T.);
#4794 = ORIENTED_EDGE('',*,*,#4742,.T.);
#4795 = PLANE('',#4796);
#4796 = AXIS2_PLACEMENT_3D('',#4797,#4798,#4799);
#4797 = CARTESIAN_POINT('',(-6.573110727163E-02,0.202,-0.204897120712));
#4798 = DIRECTION('',(0.936350146004,-0.,0.351067520682));
#4799 = DIRECTION('',(0.351067520682,0.,-0.936350146004));
#4800 = ADVANCED_FACE('',(#4801),#4806,.T.);
#4801 = FACE_BOUND('',#4802,.T.);
#4802 = EDGE_LOOP('',(#4803,#4804,#4805));
#4803 = ORIENTED_EDGE('',*,*,#4732,.T.);
#4804 = ORIENTED_EDGE('',*,*,#4763,.T.);
#4805 = ORIENTED_EDGE('',*,*,#4787,.T.);
#4806 = PLANE('',#4807);
#4807 = AXIS2_PLACEMENT_3D('',#4808,#4809,#4810);
#4808 = CARTESIAN_POINT('',(-0.5,0.2,0.3));
#4809 = DIRECTION('',(0.,1.,0.));
#4810 = DIRECTION('',(0.,-0.,1.));
#4811 = ADVANCED_FACE('',(#4812,#4938),#5044,.T.);
#4812 = FACE_BOUND('',#4813,.T.);
#4813 = EDGE_LOOP('',(#4814,#4832,#4848,#4880,#4908));
#4814 = ORIENTED_EDGE('',*,*,#4815,.F.);
#4815 = EDGE_CURVE('',#4816,#4818,#4820,.T.);
#4816 = VERTEX_POINT('',#4817);
#4817 = CARTESIAN_POINT('',(-6.668009309687E-03,0.202,
    -3.645410439907E-02));
#4818 = VERTEX_POINT('',#4819);
#4819 = CARTESIAN_POINT('',(-1.963307959402E-02,0.202,-0.14166667873));
#4820 = B_SPLINE_CURVE_WITH_KNOTS('',3,(#4821,#4822,#4823,#4824,#4825,
    #4826,#4827,#4828,#4829,#4830,#4831),.UNSPECIFIED.,.F.,.F.,(4,1,1,1,
    1,1,1,1,4),(0.,8.874248781343E-02,0.18749855617,0.295863554394,
    0.414922527979,0.545071851417,0.685442978585,0.837216579864,1.),
  .UNSPECIFIED.);
#4821 = CARTESIAN_POINT('',(-6.668009309687E-03,0.202,
    -3.645410439907E-02));
#4822 = CARTESIAN_POINT('',(-7.72868304737E-03,0.202,-3.942311516555E-02
    ));
#4823 = CARTESIAN_POINT('',(-9.969715491732E-03,0.202,
    -4.569615579902E-02));
#4824 = CARTESIAN_POINT('',(-1.24736518448E-02,0.202,-5.591197426034E-02
    ));
#4825 = CARTESIAN_POINT('',(-1.47841414487E-02,0.202,-6.726344921029E-02
    ));
#4826 = CARTESIAN_POINT('',(-1.650481270486E-02,0.202,
    -7.984902738091E-02));
#4827 = CARTESIAN_POINT('',(-1.79710667163E-02,0.202,-9.360587304361E-02
    ));
#4828 = CARTESIAN_POINT('',(-1.888454542454E-02,0.202,-0.108575532398));
#4829 = CARTESIAN_POINT('',(-1.953149962645E-02,0.202,-0.124717181004));
#4830 = CARTESIAN_POINT('',(-1.95984386269E-02,0.202,-0.135886533221));
#4831 = CARTESIAN_POINT('',(-1.963307959402E-02,0.202,-0.14166667873));
#4832 = ORIENTED_EDGE('',*,*,#4833,.F.);
#4833 = EDGE_CURVE('',#4834,#4816,#4836,.T.);
#4834 = VERTEX_POINT('',#4835);
#4835 = CARTESIAN_POINT('',(2.317223182091E-02,0.202,-1.170728373731E-02
    ));
#4836 = B_SPLINE_CURVE_WITH_KNOTS('',3,(#4837,#4838,#4839,#4840,#4841,
    #4842,#4843,#4844,#4845,#4846,#4847),.UNSPECIFIED.,.F.,.F.,(4,1,1,1,
    1,1,1,1,4),(0.,0.112854647064,0.222519376563,0.333140162926,
    0.446105343461,0.568897005585,0.700571950429,0.84303095511,1.),
  .UNSPECIFIED.);
#4837 = CARTESIAN_POINT('',(2.317223182091E-02,0.202,-1.170728373731E-02
    ));
#4838 = CARTESIAN_POINT('',(2.162230948923E-02,0.202,-1.17927506929E-02)
  );
#4839 = CARTESIAN_POINT('',(1.856627449252E-02,0.202,-1.196126881925E-02
    ));
#4840 = CARTESIAN_POINT('',(1.41038243527E-02,0.202,-1.311682872093E-02)
  );
#4841 = CARTESIAN_POINT('',(9.957795856105E-03,0.202,-1.511045280708E-02
    ));
#4842 = CARTESIAN_POINT('',(6.06522043719E-03,0.202,-1.787476771453E-02)
  );
#4843 = CARTESIAN_POINT('',(2.410954475236E-03,0.202,-2.138261236295E-02
    ));
#4844 = CARTESIAN_POINT('',(-9.106120123595E-04,0.202,
    -2.572022484956E-02));
#4845 = CARTESIAN_POINT('',(-4.04815170646E-03,0.202,-3.075511344898E-02
    ));
#4846 = CARTESIAN_POINT('',(-5.766959432909E-03,0.202,
    -3.449404554434E-02));
#4847 = CARTESIAN_POINT('',(-6.668009309687E-03,0.202,
    -3.645410439907E-02));
#4848 = ORIENTED_EDGE('',*,*,#4849,.F.);
#4849 = EDGE_CURVE('',#4850,#4834,#4852,.T.);
#4850 = VERTEX_POINT('',#4851);
#4851 = CARTESIAN_POINT('',(6.597754323584E-02,0.202,-0.14166667873));
#4852 = B_SPLINE_CURVE_WITH_KNOTS('',3,(#4853,#4854,#4855,#4856,#4857,
    #4858,#4859,#4860,#4861,#4862,#4863,#4864,#4865,#4866,#4867,#4868,
    #4869,#4870,#4871,#4872,#4873,#4874,#4875,#4876,#4877,#4878,#4879),
  .UNSPECIFIED.,.F.,.F.,(4,1,1,1,1,1,1,1,1,1,1,1,1,1,1,1,1,1,1,1,1,1,1,1
    ,4),(0.,7.425127519617E-02,0.145037257032,0.212011713592,
    0.275899532849,0.336376269156,0.393470127391,0.447214638654,
    0.497650014754,0.544761778702,0.589415800961,0.631520666925,
    0.670553822249,0.707275483502,0.741788019776,0.773746666861,
    0.803640481672,0.831601955261,0.858005482741,0.882699108133,
    0.906487914208,0.929872290123,0.952805410626,0.976254653174,1.),
  .UNSPECIFIED.);
#4853 = CARTESIAN_POINT('',(6.597754323584E-02,0.202,-0.14166667873));
#4854 = CARTESIAN_POINT('',(6.59781590966E-02,0.202,-0.13801358504));
#4855 = CARTESIAN_POINT('',(6.5979362076E-02,0.202,-0.13087788687));
#4856 = CARTESIAN_POINT('',(6.568386605353E-02,0.202,-0.120451066329));
#4857 = CARTESIAN_POINT('',(6.534902312739E-02,0.202,-0.110536192324));
#4858 = CARTESIAN_POINT('',(6.483487836148E-02,0.202,-0.101136305097));
#4859 = CARTESIAN_POINT('',(6.417318371142E-02,0.202,-9.223306878761E-02
    ));
#4860 = CARTESIAN_POINT('',(6.335321090005E-02,0.202,-8.384431887529E-02
    ));
#4861 = CARTESIAN_POINT('',(6.238954210199E-02,0.202,-7.596750341227E-02
    ));
#4862 = CARTESIAN_POINT('',(6.123951687959E-02,0.202,-6.861354441172E-02
    ));
#4863 = CARTESIAN_POINT('',(6.004168775988E-02,0.202,-6.171890302916E-02
    ));
#4864 = CARTESIAN_POINT('',(5.856567304436E-02,0.202,-5.529887812021E-02
    ));
#4865 = CARTESIAN_POINT('',(5.706880600585E-02,0.202,-4.929254856317E-02
    ));
#4866 = CARTESIAN_POINT('',(5.535221745542E-02,0.202,-4.375155584245E-02
    ));
#4867 = CARTESIAN_POINT('',(5.351409616657E-02,0.202,-3.864446330822E-02
    ));
#4868 = CARTESIAN_POINT('',(5.150385476805E-02,0.202,-3.39814372612E-02)
  );
#4869 = CARTESIAN_POINT('',(4.943011845709E-02,0.202,-2.971103287235E-02
    ));
#4870 = CARTESIAN_POINT('',(4.707573905087E-02,0.202,-2.596670538104E-02
    ));
#4871 = CARTESIAN_POINT('',(4.469182805396E-02,0.202,-2.256839536119E-02
    ));
#4872 = CARTESIAN_POINT('',(4.205450112872E-02,0.202,-1.969534669371E-02
    ));
#4873 = CARTESIAN_POINT('',(3.930138538622E-02,0.202,-1.724081704812E-02
    ));
#4874 = CARTESIAN_POINT('',(3.640843752915E-02,0.202,-1.518570449081E-02
    ));
#4875 = CARTESIAN_POINT('',(3.329964953704E-02,0.202,-1.366659229598E-02
    ));
#4876 = CARTESIAN_POINT('',(3.0067263023E-02,0.202,-1.249148670626E-02)
  );
#4877 = CARTESIAN_POINT('',(2.666465408093E-02,0.202,-1.181578354923E-02
    ));
#4878 = CARTESIAN_POINT('',(2.434123171392E-02,0.202,-1.174360130119E-02
    ));
#4879 = CARTESIAN_POINT('',(2.317223182091E-02,0.202,-1.170728373731E-02
    ));
#4880 = ORIENTED_EDGE('',*,*,#4881,.F.);
#4881 = EDGE_CURVE('',#4882,#4850,#4884,.T.);
#4882 = VERTEX_POINT('',#4883);
#4883 = CARTESIAN_POINT('',(2.317223182091E-02,0.202,-0.27183186849));
#4884 = B_SPLINE_CURVE_WITH_KNOTS('',3,(#4885,#4886,#4887,#4888,#4889,
    #4890,#4891,#4892,#4893,#4894,#4895,#4896,#4897,#4898,#4899,#4900,
    #4901,#4902,#4903,#4904,#4905,#4906,#4907),.UNSPECIFIED.,.F.,.F.,(4,
    1,1,1,1,1,1,1,1,1,1,1,1,1,1,1,1,1,1,1,4),(0.,3.49368870829E-02,
    7.023339896965E-02,0.106497580507,0.145587588832,0.187189203945,
    0.231348430884,0.279252738402,0.331360897076,0.388442948375,
    0.450964118434,0.518748490246,0.592148889515,0.631731987362,
    0.674661745447,0.720681059568,0.7701442824,0.822678593948,
    0.878317576116,0.937424730831,1.),.UNSPECIFIED.);
#4885 = CARTESIAN_POINT('',(2.317223182091E-02,0.202,-0.27183186849));
#4886 = CARTESIAN_POINT('',(2.489741982901E-02,0.202,-0.271730260817));
#4887 = CARTESIAN_POINT('',(2.836555416458E-02,0.202,-0.271525999567));
#4888 = CARTESIAN_POINT('',(3.343632197499E-02,0.202,-0.269931461148));
#4889 = CARTESIAN_POINT('',(3.817970480349E-02,0.202,-0.267181372234));
#4890 = CARTESIAN_POINT('',(4.27302194525E-02,0.202,-0.263593923));
#4891 = CARTESIAN_POINT('',(4.682603091564E-02,0.202,-0.258957748406));
#4892 = CARTESIAN_POINT('',(5.048710903561E-02,0.202,-0.253444341624));
#4893 = CARTESIAN_POINT('',(5.341302350196E-02,0.202,-0.246934771821));
#4894 = CARTESIAN_POINT('',(5.585192511915E-02,0.202,-0.239571047505));
#4895 = CARTESIAN_POINT('',(5.791769774606E-02,0.202,-0.231350486514));
#4896 = CARTESIAN_POINT('',(5.979333253746E-02,0.202,-0.222297662332));
#4897 = CARTESIAN_POINT('',(6.156170775209E-02,0.202,-0.21240277796));
#4898 = CARTESIAN_POINT('',(6.278159431962E-02,0.202,-0.203568217913));
#4899 = CARTESIAN_POINT('',(6.378050185591E-02,0.202,-0.195940552837));
#4900 = CARTESIAN_POINT('',(6.429762897648E-02,0.202,-0.189619370572));
#4901 = CARTESIAN_POINT('',(6.481801724058E-02,0.202,-0.182811558967));
#4902 = CARTESIAN_POINT('',(6.530213568091E-02,0.202,-0.175524876557));
#4903 = CARTESIAN_POINT('',(6.55888258911E-02,0.202,-0.16775281078));
#4904 = CARTESIAN_POINT('',(6.57801125893E-02,0.202,-0.159502830022));
#4905 = CARTESIAN_POINT('',(6.595397313915E-02,0.202,-0.150756638007));
#4906 = CARTESIAN_POINT('',(6.596953865747E-02,0.202,-0.144753695826));
#4907 = CARTESIAN_POINT('',(6.597754323584E-02,0.202,-0.14166667873));
#4908 = ORIENTED_EDGE('',*,*,#4909,.F.);
#4909 = EDGE_CURVE('',#4818,#4882,#4910,.T.);
#4910 = B_SPLINE_CURVE_WITH_KNOTS('',3,(#4911,#4912,#4913,#4914,#4915,
    #4916,#4917,#4918,#4919,#4920,#4921,#4922,#4923,#4924,#4925,#4926,
    #4927,#4928,#4929,#4930,#4931,#4932,#4933,#4934,#4935,#4936,#4937),
  .UNSPECIFIED.,.F.,.F.,(4,1,1,1,1,1,1,1,1,1,1,1,1,1,1,1,1,1,1,1,1,1,1,1
    ,4),(0.,7.450630011454E-02,0.145899604363,0.213485915351,
    0.277293604963,0.338041673145,0.395063922884,0.448741026482,
    0.499113145316,0.546571100751,0.59109431188,0.632897743261,
    0.672214769502,0.70856337312,0.743032622937,0.774640169589,
    0.804496490856,0.832141518463,0.85851193,0.883406944232,
    0.907257568986,0.930301741039,0.953206098268,0.976284435161,1.),
  .UNSPECIFIED.);
#4911 = CARTESIAN_POINT('',(-1.963307959402E-02,0.202,-0.14166667873));
#4912 = CARTESIAN_POINT('',(-1.963360022099E-02,0.202,-0.145336920758));
#4913 = CARTESIAN_POINT('',(-1.963461972228E-02,0.202,-0.15252405606));
#4914 = CARTESIAN_POINT('',(-1.933867117427E-02,0.202,-0.163036587208));
#4915 = CARTESIAN_POINT('',(-1.900775489684E-02,0.202,-0.173020239287));
#4916 = CARTESIAN_POINT('',(-1.848782389649E-02,0.202,-0.182471280081));
#4917 = CARTESIAN_POINT('',(-1.783102465328E-02,0.202,-0.191391928233));
#4918 = CARTESIAN_POINT('',(-1.701049966734E-02,0.202,-0.199798120673));
#4919 = CARTESIAN_POINT('',(-1.60381465877E-02,0.202,-0.207673148077));
#4920 = CARTESIAN_POINT('',(-1.491576978213E-02,0.202,-0.215053000057));
#4921 = CARTESIAN_POINT('',(-1.360966353286E-02,0.202,-0.221942574202));
#4922 = CARTESIAN_POINT('',(-1.226960744117E-02,0.202,-0.22839763521));
#4923 = CARTESIAN_POINT('',(-1.063166643619E-02,0.202,-0.234368012293));
#4924 = CARTESIAN_POINT('',(-8.985002668513E-03,0.202,-0.239916989686));
#4925 = CARTESIAN_POINT('',(-7.101042681619E-03,0.202,-0.245008278979));
#4926 = CARTESIAN_POINT('',(-5.125272281607E-03,0.202,-0.249651995329));
#4927 = CARTESIAN_POINT('',(-3.016408570688E-03,0.202,-0.253887416753));
#4928 = CARTESIAN_POINT('',(-6.97609789441E-04,0.202,-0.257618657354));
#4929 = CARTESIAN_POINT('',(1.717570301136E-03,0.202,-0.260980348714));
#4930 = CARTESIAN_POINT('',(4.362166959923E-03,0.202,-0.263835084545));
#4931 = CARTESIAN_POINT('',(7.063972533112E-03,0.202,-0.266380116983));
#4932 = CARTESIAN_POINT('',(1.004224203152E-02,0.202,-0.268311931051));
#4933 = CARTESIAN_POINT('',(1.310229603994E-02,0.202,-0.269892557944));
#4934 = CARTESIAN_POINT('',(1.631550404744E-02,0.202,-0.271035492322));
#4935 = CARTESIAN_POINT('',(1.969528636053E-02,0.202,-0.271729092277));
#4936 = CARTESIAN_POINT('',(2.200277572492E-02,0.202,-0.271797300139));
#4937 = CARTESIAN_POINT('',(2.317223182091E-02,0.202,-0.27183186849));
#4938 = FACE_BOUND('',#4939,.T.);
#4939 = EDGE_LOOP('',(#4940,#4966,#4982,#4998,#5022));
#4940 = ORIENTED_EDGE('',*,*,#4941,.F.);
#4941 = EDGE_CURVE('',#4942,#4944,#4946,.T.);
#4942 = VERTEX_POINT('',#4943);
#4943 = CARTESIAN_POINT('',(-3.169498280582E-03,0.202,-0.141769576113));
#4944 = VERTEX_POINT('',#4945);
#4945 = CARTESIAN_POINT('',(2.317223182091E-02,0.202,-4.13417301015E-02)
  );
#4946 = B_SPLINE_CURVE_WITH_KNOTS('',3,(#4947,#4948,#4949,#4950,#4951,
    #4952,#4953,#4954,#4955,#4956,#4957,#4958,#4959,#4960,#4961,#4962,
    #4963,#4964,#4965),.UNSPECIFIED.,.F.,.F.,(4,1,1,1,1,1,1,1,1,1,1,1,1,
    1,1,1,4),(0.,0.134263073174,0.25691182911,0.367072438303,
    0.465718811024,0.552001157842,0.626648205291,0.690207875895,
    0.742102733723,0.786360379614,0.826397614705,0.862341875248,
    0.894454198914,0.923529781456,0.950073400113,0.975134639533,1.),
  .UNSPECIFIED.);
#4947 = CARTESIAN_POINT('',(-3.169498280582E-03,0.202,-0.141769576113));
#4948 = CARTESIAN_POINT('',(-3.155072819782E-03,0.202,-0.136830282714));
#4949 = CARTESIAN_POINT('',(-3.127469760858E-03,0.202,-0.127378965447));
#4950 = CARTESIAN_POINT('',(-2.776126113917E-03,0.202,-0.113878477591));
#4951 = CARTESIAN_POINT('',(-2.162817275907E-03,0.202,-0.101699054291));
#4952 = CARTESIAN_POINT('',(-1.350556876157E-03,0.202,
    -9.087366943313E-02));
#4953 = CARTESIAN_POINT('',(-3.863102518688E-04,0.202,
    -8.136929685639E-02));
#4954 = CARTESIAN_POINT('',(9.627939588462E-04,0.202,-7.321733261621E-02
    ));
#4955 = CARTESIAN_POINT('',(2.441510108286E-03,0.202,-6.637830197277E-02
    ));
#4956 = CARTESIAN_POINT('',(4.19486555283E-03,0.202,-6.075579331747E-02)
  );
#4957 = CARTESIAN_POINT('',(6.247958243E-03,0.202,-5.618095372742E-02));
#4958 = CARTESIAN_POINT('',(8.251675316231E-03,0.202,-5.222922983216E-02
    ));
#4959 = CARTESIAN_POINT('',(1.049657816382E-02,0.202,-4.89392219149E-02)
  );
#4960 = CARTESIAN_POINT('',(1.273174512163E-02,0.202,-4.613966170305E-02
    ));
#4961 = CARTESIAN_POINT('',(1.517156197841E-02,0.202,-4.399794631139E-02
    ));
#4962 = CARTESIAN_POINT('',(1.772637244248E-02,0.202,-4.245792581211E-02
    ));
#4963 = CARTESIAN_POINT('',(2.041813580656E-02,0.202,-4.153271183255E-02
    ));
#4964 = CARTESIAN_POINT('',(2.225660412732E-02,0.202,-4.140522395248E-02
    ));
#4965 = CARTESIAN_POINT('',(2.317223182091E-02,0.202,-4.13417301015E-02)
  );
#4966 = ORIENTED_EDGE('',*,*,#4967,.F.);
#4967 = EDGE_CURVE('',#4968,#4942,#4970,.T.);
#4968 = VERTEX_POINT('',#4969);
#4969 = CARTESIAN_POINT('',(4.393459385277E-03,0.202,-0.224601969597));
#4970 = B_SPLINE_CURVE_WITH_KNOTS('',3,(#4971,#4972,#4973,#4974,#4975,
    #4976,#4977,#4978,#4979,#4980,#4981),.UNSPECIFIED.,.F.,.F.,(4,1,1,1,
    1,1,1,1,4),(0.,7.749443414545E-02,0.167583476623,0.271791298041,
    0.388973885957,0.520673542117,0.666372319412,0.826122561869,1.),
  .UNSPECIFIED.);
#4971 = CARTESIAN_POINT('',(4.393459385277E-03,0.202,-0.224601969597));
#4972 = CARTESIAN_POINT('',(3.78098041931E-03,0.202,-0.222534349987));
#4973 = CARTESIAN_POINT('',(2.456480723213E-03,0.202,-0.218063075548));
#4974 = CARTESIAN_POINT('',(9.771820171107E-04,0.202,-0.210641303348));
#4975 = CARTESIAN_POINT('',(-3.697811423683E-04,0.202,-0.202081127285));
#4976 = CARTESIAN_POINT('',(-1.344197406804E-03,0.202,-0.192304543475));
#4977 = CARTESIAN_POINT('',(-2.159650567102E-03,0.202,-0.181359675168));
#4978 = CARTESIAN_POINT('',(-2.771927051014E-03,0.202,-0.169214683162));
#4979 = CARTESIAN_POINT('',(-3.127491465827E-03,0.202,-0.155885848135));
#4980 = CARTESIAN_POINT('',(-3.155106233952E-03,0.202,-0.146605982929));
#4981 = CARTESIAN_POINT('',(-3.169498280582E-03,0.202,-0.141769576113));
#4982 = ORIENTED_EDGE('',*,*,#4983,.F.);
#4983 = EDGE_CURVE('',#4984,#4968,#4986,.T.);
#4984 = VERTEX_POINT('',#4985);
#4985 = CARTESIAN_POINT('',(2.30178857461E-02,0.202,-0.242197422125));
#4986 = B_SPLINE_CURVE_WITH_KNOTS('',3,(#4987,#4988,#4989,#4990,#4991,
    #4992,#4993,#4994,#4995,#4996,#4997),.UNSPECIFIED.,.F.,.F.,(4,1,1,1,
    1,1,1,1,4),(0.,0.10084415503,0.20209669549,0.308076466598,
    0.419904889368,0.544656315619,0.680307883162,0.833031952295,1.),
  .UNSPECIFIED.);
#4987 = CARTESIAN_POINT('',(2.30178857461E-02,0.202,-0.242197422125));
#4988 = CARTESIAN_POINT('',(2.21026497084E-02,0.202,-0.24215201295));
#4989 = CARTESIAN_POINT('',(2.026847123014E-02,0.202,-0.242061010707));
#4990 = CARTESIAN_POINT('',(1.758832718343E-02,0.202,-0.241181388084));
#4991 = CARTESIAN_POINT('',(1.505621532711E-02,0.202,-0.239768087358));
#4992 = CARTESIAN_POINT('',(1.262728015739E-02,0.202,-0.237811531694));
#4993 = CARTESIAN_POINT('',(1.041528853349E-02,0.202,-0.235255534751));
#4994 = CARTESIAN_POINT('',(8.20768020329E-03,0.202,-0.232231492463));
#4995 = CARTESIAN_POINT('',(6.174796389533E-03,0.202,-0.228633060841));
#4996 = CARTESIAN_POINT('',(5.004617609382E-03,0.202,-0.225984995133));
#4997 = CARTESIAN_POINT('',(4.393459385277E-03,0.202,-0.224601969597));
#4998 = ORIENTED_EDGE('',*,*,#4999,.F.);
#4999 = EDGE_CURVE('',#5000,#4984,#5002,.T.);
#5000 = VERTEX_POINT('',#5001);
#5001 = CARTESIAN_POINT('',(4.951396192241E-02,0.202,-0.141769576113));
#5002 = B_SPLINE_CURVE_WITH_KNOTS('',3,(#5003,#5004,#5005,#5006,#5007,
    #5008,#5009,#5010,#5011,#5012,#5013,#5014,#5015,#5016,#5017,#5018,
    #5019,#5020,#5021),.UNSPECIFIED.,.F.,.F.,(4,1,1,1,1,1,1,1,1,1,1,1,1,
    1,1,1,4),(0.,0.131104227359,0.251091770705,0.359069021009,
    0.456018700075,0.542063571507,0.61635985873,0.680001512757,
    0.732946720057,0.778442530811,0.819194663635,0.855956811654,
    0.888635460529,0.918943031446,0.94645063271,0.973354470683,1.),
  .UNSPECIFIED.);
#5003 = CARTESIAN_POINT('',(4.951396192241E-02,0.202,-0.141769576113));
#5004 = CARTESIAN_POINT('',(4.950087838094E-02,0.202,-0.146606023088));
#5005 = CARTESIAN_POINT('',(4.947582068706E-02,0.202,-0.155868821544));
#5006 = CARTESIAN_POINT('',(4.910613591798E-02,0.202,-0.169110662483));
#5007 = CARTESIAN_POINT('',(4.855117902759E-02,0.202,-0.181084137227));
#5008 = CARTESIAN_POINT('',(4.781200548783E-02,0.202,-0.191793743895));
#5009 = CARTESIAN_POINT('',(4.680251094367E-02,0.202,-0.201234543764));
#5010 = CARTESIAN_POINT('',(4.557381283073E-02,0.202,-0.209405715408));
#5011 = CARTESIAN_POINT('',(4.421258706468E-02,0.202,-0.216323276481));
#5012 = CARTESIAN_POINT('',(4.246255381799E-02,0.202,-0.222047620593));
#5013 = CARTESIAN_POINT('',(4.061272248209E-02,0.202,-0.226846565338));
#5014 = CARTESIAN_POINT('',(3.851312435099E-02,0.202,-0.230874839461));
#5015 = CARTESIAN_POINT('',(3.640611407695E-02,0.202,-0.234360490577));
#5016 = CARTESIAN_POINT('',(3.404864244735E-02,0.202,-0.237203158926));
#5017 = CARTESIAN_POINT('',(3.154910443291E-02,0.202,-0.239441386564));
#5018 = CARTESIAN_POINT('',(2.884783817127E-02,0.202,-0.241049154675));
#5019 = CARTESIAN_POINT('',(2.598094523055E-02,0.202,-0.24201644677));
#5020 = CARTESIAN_POINT('',(2.40023908917E-02,0.202,-0.242137291315));
#5021 = CARTESIAN_POINT('',(2.30178857461E-02,0.202,-0.242197422125));
#5022 = ORIENTED_EDGE('',*,*,#5023,.F.);
#5023 = EDGE_CURVE('',#4944,#5000,#5024,.T.);
#5024 = B_SPLINE_CURVE_WITH_KNOTS('',3,(#5025,#5026,#5027,#5028,#5029,
    #5030,#5031,#5032,#5033,#5034,#5035,#5036,#5037,#5038,#5039,#5040,
    #5041,#5042,#5043),.UNSPECIFIED.,.F.,.F.,(4,1,1,1,1,1,1,1,1,1,1,1,1,
    1,1,1,4),(0.,2.48730133429E-02,4.994196592378E-02,7.673426790876E-02
    ,0.105818799118,0.13758360881,0.173280966874,0.213330524327,
    0.258029519538,0.310527683976,0.373652105177,0.448708456434,
    0.53506899344,0.633280744621,0.743475258226,0.865695604337,1.),
  .UNSPECIFIED.);
#5025 = CARTESIAN_POINT('',(2.317223182091E-02,0.202,-4.13417301015E-02)
  );
#5026 = CARTESIAN_POINT('',(2.408731590436E-02,0.202,-4.140616470408E-02
    ));
#5027 = CARTESIAN_POINT('',(2.592469272247E-02,0.202,-4.153554149822E-02
    ));
#5028 = CARTESIAN_POINT('',(2.863334454055E-02,0.202,-4.244908468795E-02
    ));
#5029 = CARTESIAN_POINT('',(3.115923262168E-02,0.202,-4.405725165956E-02
    ));
#5030 = CARTESIAN_POINT('',(3.359509724369E-02,0.202,-4.618594082958E-02
    ));
#5031 = CARTESIAN_POINT('',(3.587126169706E-02,0.202,-4.892724419884E-02
    ));
#5032 = CARTESIAN_POINT('',(3.8026135083E-02,0.202,-5.225054934107E-02)
  );
#5033 = CARTESIAN_POINT('',(4.00654794344E-02,0.202,-5.618800110037E-02)
  );
#5034 = CARTESIAN_POINT('',(4.208289315931E-02,0.202,-6.082006205848E-02
    ));
#5035 = CARTESIAN_POINT('',(4.390371277376E-02,0.202,-6.643913385719E-02
    ));
#5036 = CARTESIAN_POINT('',(4.540722021317E-02,0.202,-7.329701177681E-02
    ));
#5037 = CARTESIAN_POINT('',(4.663721572269E-02,0.202,-8.146546935855E-02
    ));
#5038 = CARTESIAN_POINT('',(4.772200272738E-02,0.202,-9.095408399656E-02
    ));
#5039 = CARTESIAN_POINT('',(4.850041185127E-02,0.202,-0.101768615532));
#5040 = CARTESIAN_POINT('',(4.912185496906E-02,0.202,-0.113912486886));
#5041 = CARTESIAN_POINT('',(4.94719241256E-02,0.202,-0.127396187136));
#5042 = CARTESIAN_POINT('',(4.94995160678E-02,0.202,-0.136830309474));
#5043 = CARTESIAN_POINT('',(4.951396192241E-02,0.202,-0.141769576113));
#5044 = PLANE('',#5045);
#5045 = AXIS2_PLACEMENT_3D('',#5046,#5047,#5048);
#5046 = CARTESIAN_POINT('',(-1.739273237996E-02,0.202,
    -8.847289229566E-02));
#5047 = DIRECTION('',(-2.365918087572E-14,1.,8.4521996664E-15));
#5048 = DIRECTION('',(-1.,-2.365918087572E-14,0.));
#5049 = ADVANCED_FACE('',(#5050),#5066,.T.);
#5050 = FACE_BOUND('',#5051,.T.);
#5051 = EDGE_LOOP('',(#5052,#5053,#5059,#5060));
#5052 = ORIENTED_EDGE('',*,*,#3199,.F.);
#5053 = ORIENTED_EDGE('',*,*,#5054,.F.);
#5054 = EDGE_CURVE('',#4816,#3200,#5055,.T.);
#5055 = LINE('',#5056,#5057);
#5056 = CARTESIAN_POINT('',(-6.668009309687E-03,0.202,
    -3.645410439907E-02));
#5057 = VECTOR('',#5058,1.);
#5058 = DIRECTION('',(-0.,-1.,-0.));
#5059 = ORIENTED_EDGE('',*,*,#4815,.T.);
#5060 = ORIENTED_EDGE('',*,*,#5061,.T.);
#5061 = EDGE_CURVE('',#4818,#3202,#5062,.T.);
#5062 = LINE('',#5063,#5064);
#5063 = CARTESIAN_POINT('',(-1.963307959402E-02,0.202,-0.14166667873));
#5064 = VECTOR('',#5065,1.);
#5065 = DIRECTION('',(-0.,-1.,-0.));
#5066 = B_SPLINE_SURFACE_WITH_KNOTS('',3,1,(
    (#5067,#5068)
    ,(#5069,#5070)
    ,(#5071,#5072)
    ,(#5073,#5074)
    ,(#5075,#5076)
    ,(#5077,#5078)
    ,(#5079,#5080)
    ,(#5081,#5082)
    ,(#5083,#5084)
    ,(#5085,#5086)
    ,(#5087,#5088
  )),.UNSPECIFIED.,.F.,.F.,.F.,(4,1,1,1,1,1,1,1,4),(2,2),(0.,
    8.874248781343E-02,0.18749855617,0.295863554394,0.414922527979,
    0.545071851417,0.685442978585,0.837216579864,1.),(0.,1.),
  .UNSPECIFIED.);
#5067 = CARTESIAN_POINT('',(-6.668009309687E-03,0.202,
    -3.645410439907E-02));
#5068 = CARTESIAN_POINT('',(-6.668009309687E-03,0.2,-3.645410439907E-02)
  );
#5069 = CARTESIAN_POINT('',(-7.72868304737E-03,0.202,-3.942311516555E-02
    ));
#5070 = CARTESIAN_POINT('',(-7.72868304737E-03,0.2,-3.942311516555E-02)
  );
#5071 = CARTESIAN_POINT('',(-9.969715491732E-03,0.202,
    -4.569615579902E-02));
#5072 = CARTESIAN_POINT('',(-9.969715491732E-03,0.2,-4.569615579902E-02)
  );
#5073 = CARTESIAN_POINT('',(-1.24736518448E-02,0.202,-5.591197426034E-02
    ));
#5074 = CARTESIAN_POINT('',(-1.24736518448E-02,0.2,-5.591197426034E-02)
  );
#5075 = CARTESIAN_POINT('',(-1.47841414487E-02,0.202,-6.726344921029E-02
    ));
#5076 = CARTESIAN_POINT('',(-1.47841414487E-02,0.2,-6.726344921029E-02)
  );
#5077 = CARTESIAN_POINT('',(-1.650481270486E-02,0.202,
    -7.984902738091E-02));
#5078 = CARTESIAN_POINT('',(-1.650481270486E-02,0.2,-7.984902738091E-02)
  );
#5079 = CARTESIAN_POINT('',(-1.79710667163E-02,0.202,-9.360587304361E-02
    ));
#5080 = CARTESIAN_POINT('',(-1.79710667163E-02,0.2,-9.360587304361E-02)
  );
#5081 = CARTESIAN_POINT('',(-1.888454542454E-02,0.202,-0.108575532398));
#5082 = CARTESIAN_POINT('',(-1.888454542454E-02,0.2,-0.108575532398));
#5083 = CARTESIAN_POINT('',(-1.953149962645E-02,0.202,-0.124717181004));
#5084 = CARTESIAN_POINT('',(-1.953149962645E-02,0.2,-0.124717181004));
#5085 = CARTESIAN_POINT('',(-1.95984386269E-02,0.202,-0.135886533221));
#5086 = CARTESIAN_POINT('',(-1.95984386269E-02,0.2,-0.135886533221));
#5087 = CARTESIAN_POINT('',(-1.963307959402E-02,0.202,-0.14166667873));
#5088 = CARTESIAN_POINT('',(-1.963307959402E-02,0.2,-0.14166667873));
#5089 = ADVANCED_FACE('',(#5090),#5101,.T.);
#5090 = FACE_BOUND('',#5091,.T.);
#5091 = EDGE_LOOP('',(#5092,#5093,#5099,#5100));
#5092 = ORIENTED_EDGE('',*,*,#3309,.F.);
#5093 = ORIENTED_EDGE('',*,*,#5094,.F.);
#5094 = EDGE_CURVE('',#4834,#3278,#5095,.T.);
#5095 = LINE('',#5096,#5097);
#5096 = CARTESIAN_POINT('',(2.317223182091E-02,0.202,-1.170728373731E-02
    ));
#5097 = VECTOR('',#5098,1.);
#5098 = DIRECTION('',(-0.,-1.,-0.));
#5099 = ORIENTED_EDGE('',*,*,#4833,.T.);
#5100 = ORIENTED_EDGE('',*,*,#5054,.T.);
#5101 = B_SPLINE_SURFACE_WITH_KNOTS('',3,1,(
    (#5102,#5103)
    ,(#5104,#5105)
    ,(#5106,#5107)
    ,(#5108,#5109)
    ,(#5110,#5111)
    ,(#5112,#5113)
    ,(#5114,#5115)
    ,(#5116,#5117)
    ,(#5118,#5119)
    ,(#5120,#5121)
    ,(#5122,#5123
  )),.UNSPECIFIED.,.F.,.F.,.F.,(4,1,1,1,1,1,1,1,4),(2,2),(0.,
    0.112854647064,0.222519376563,0.333140162926,0.446105343461,
    0.568897005585,0.700571950429,0.84303095511,1.),(0.,1.),
  .UNSPECIFIED.);
#5102 = CARTESIAN_POINT('',(2.317223182091E-02,0.202,-1.170728373731E-02
    ));
#5103 = CARTESIAN_POINT('',(2.317223182091E-02,0.2,-1.170728373731E-02)
  );
#5104 = CARTESIAN_POINT('',(2.162230948923E-02,0.202,-1.17927506929E-02)
  );
#5105 = CARTESIAN_POINT('',(2.162230948923E-02,0.2,-1.17927506929E-02));
#5106 = CARTESIAN_POINT('',(1.856627449252E-02,0.202,-1.196126881925E-02
    ));
#5107 = CARTESIAN_POINT('',(1.856627449252E-02,0.2,-1.196126881925E-02)
  );
#5108 = CARTESIAN_POINT('',(1.41038243527E-02,0.202,-1.311682872093E-02)
  );
#5109 = CARTESIAN_POINT('',(1.41038243527E-02,0.2,-1.311682872093E-02));
#5110 = CARTESIAN_POINT('',(9.957795856105E-03,0.202,-1.511045280708E-02
    ));
#5111 = CARTESIAN_POINT('',(9.957795856105E-03,0.2,-1.511045280708E-02)
  );
#5112 = CARTESIAN_POINT('',(6.06522043719E-03,0.202,-1.787476771453E-02)
  );
#5113 = CARTESIAN_POINT('',(6.06522043719E-03,0.2,-1.787476771453E-02));
#5114 = CARTESIAN_POINT('',(2.410954475236E-03,0.202,-2.138261236295E-02
    ));
#5115 = CARTESIAN_POINT('',(2.410954475236E-03,0.2,-2.138261236295E-02)
  );
#5116 = CARTESIAN_POINT('',(-9.106120123595E-04,0.202,
    -2.572022484956E-02));
#5117 = CARTESIAN_POINT('',(-9.106120123595E-04,0.2,-2.572022484956E-02)
  );
#5118 = CARTESIAN_POINT('',(-4.04815170646E-03,0.202,-3.075511344898E-02
    ));
#5119 = CARTESIAN_POINT('',(-4.04815170646E-03,0.2,-3.075511344898E-02)
  );
#5120 = CARTESIAN_POINT('',(-5.766959432909E-03,0.202,
    -3.449404554434E-02));
#5121 = CARTESIAN_POINT('',(-5.766959432909E-03,0.2,-3.449404554434E-02)
  );
#5122 = CARTESIAN_POINT('',(-6.668009309687E-03,0.202,
    -3.645410439907E-02));
#5123 = CARTESIAN_POINT('',(-6.668009309687E-03,0.2,-3.645410439907E-02)
  );
#5124 = ADVANCED_FACE('',(#5125),#5136,.T.);
#5125 = FACE_BOUND('',#5126,.T.);
#5126 = EDGE_LOOP('',(#5127,#5128,#5134,#5135));
#5127 = ORIENTED_EDGE('',*,*,#3277,.F.);
#5128 = ORIENTED_EDGE('',*,*,#5129,.F.);
#5129 = EDGE_CURVE('',#4850,#3250,#5130,.T.);
#5130 = LINE('',#5131,#5132);
#5131 = CARTESIAN_POINT('',(6.597754323584E-02,0.202,-0.14166667873));
#5132 = VECTOR('',#5133,1.);
#5133 = DIRECTION('',(-0.,-1.,-0.));
#5134 = ORIENTED_EDGE('',*,*,#4849,.T.);
#5135 = ORIENTED_EDGE('',*,*,#5094,.T.);
#5136 = B_SPLINE_SURFACE_WITH_KNOTS('',3,1,(
    (#5137,#5138)
    ,(#5139,#5140)
    ,(#5141,#5142)
    ,(#5143,#5144)
    ,(#5145,#5146)
    ,(#5147,#5148)
    ,(#5149,#5150)
    ,(#5151,#5152)
    ,(#5153,#5154)
    ,(#5155,#5156)
    ,(#5157,#5158)
    ,(#5159,#5160)
    ,(#5161,#5162)
    ,(#5163,#5164)
    ,(#5165,#5166)
    ,(#5167,#5168)
    ,(#5169,#5170)
    ,(#5171,#5172)
    ,(#5173,#5174)
    ,(#5175,#5176)
    ,(#5177,#5178)
    ,(#5179,#5180)
    ,(#5181,#5182)
    ,(#5183,#5184)
    ,(#5185,#5186)
    ,(#5187,#5188)
    ,(#5189,#5190
    )),.UNSPECIFIED.,.F.,.F.,.F.,(4,1,1,1,1,1,1,1,1,1,1,1,1,1,1,1,1,1,1,
    1,1,1,1,1,4),(2,2),(0.,7.425127519617E-02,0.145037257032,
    0.212011713592,0.275899532849,0.336376269156,0.393470127391,
    0.447214638654,0.497650014754,0.544761778702,0.589415800961,
    0.631520666925,0.670553822249,0.707275483502,0.741788019776,
    0.773746666861,0.803640481672,0.831601955261,0.858005482741,
    0.882699108133,0.906487914208,0.929872290123,0.952805410626,
    0.976254653174,1.),(0.,1.),.UNSPECIFIED.);
#5137 = CARTESIAN_POINT('',(6.597754323584E-02,0.202,-0.14166667873));
#5138 = CARTESIAN_POINT('',(6.597754323584E-02,0.2,-0.14166667873));
#5139 = CARTESIAN_POINT('',(6.59781590966E-02,0.202,-0.13801358504));
#5140 = CARTESIAN_POINT('',(6.59781590966E-02,0.2,-0.13801358504));
#5141 = CARTESIAN_POINT('',(6.5979362076E-02,0.202,-0.13087788687));
#5142 = CARTESIAN_POINT('',(6.5979362076E-02,0.2,-0.13087788687));
#5143 = CARTESIAN_POINT('',(6.568386605353E-02,0.202,-0.120451066329));
#5144 = CARTESIAN_POINT('',(6.568386605353E-02,0.2,-0.120451066329));
#5145 = CARTESIAN_POINT('',(6.534902312739E-02,0.202,-0.110536192324));
#5146 = CARTESIAN_POINT('',(6.534902312739E-02,0.2,-0.110536192324));
#5147 = CARTESIAN_POINT('',(6.483487836148E-02,0.202,-0.101136305097));
#5148 = CARTESIAN_POINT('',(6.483487836148E-02,0.2,-0.101136305097));
#5149 = CARTESIAN_POINT('',(6.417318371142E-02,0.202,-9.223306878761E-02
    ));
#5150 = CARTESIAN_POINT('',(6.417318371142E-02,0.2,-9.223306878761E-02)
  );
#5151 = CARTESIAN_POINT('',(6.335321090005E-02,0.202,-8.384431887529E-02
    ));
#5152 = CARTESIAN_POINT('',(6.335321090005E-02,0.2,-8.384431887529E-02)
  );
#5153 = CARTESIAN_POINT('',(6.238954210199E-02,0.202,-7.596750341227E-02
    ));
#5154 = CARTESIAN_POINT('',(6.238954210199E-02,0.2,-7.596750341227E-02)
  );
#5155 = CARTESIAN_POINT('',(6.123951687959E-02,0.202,-6.861354441172E-02
    ));
#5156 = CARTESIAN_POINT('',(6.123951687959E-02,0.2,-6.861354441172E-02)
  );
#5157 = CARTESIAN_POINT('',(6.004168775988E-02,0.202,-6.171890302916E-02
    ));
#5158 = CARTESIAN_POINT('',(6.004168775988E-02,0.2,-6.171890302916E-02)
  );
#5159 = CARTESIAN_POINT('',(5.856567304436E-02,0.202,-5.529887812021E-02
    ));
#5160 = CARTESIAN_POINT('',(5.856567304436E-02,0.2,-5.529887812021E-02)
  );
#5161 = CARTESIAN_POINT('',(5.706880600585E-02,0.202,-4.929254856317E-02
    ));
#5162 = CARTESIAN_POINT('',(5.706880600585E-02,0.2,-4.929254856317E-02)
  );
#5163 = CARTESIAN_POINT('',(5.535221745542E-02,0.202,-4.375155584245E-02
    ));
#5164 = CARTESIAN_POINT('',(5.535221745542E-02,0.2,-4.375155584245E-02)
  );
#5165 = CARTESIAN_POINT('',(5.351409616657E-02,0.202,-3.864446330822E-02
    ));
#5166 = CARTESIAN_POINT('',(5.351409616657E-02,0.2,-3.864446330822E-02)
  );
#5167 = CARTESIAN_POINT('',(5.150385476805E-02,0.202,-3.39814372612E-02)
  );
#5168 = CARTESIAN_POINT('',(5.150385476805E-02,0.2,-3.39814372612E-02));
#5169 = CARTESIAN_POINT('',(4.943011845709E-02,0.202,-2.971103287235E-02
    ));
#5170 = CARTESIAN_POINT('',(4.943011845709E-02,0.2,-2.971103287235E-02)
  );
#5171 = CARTESIAN_POINT('',(4.707573905087E-02,0.202,-2.596670538104E-02
    ));
#5172 = CARTESIAN_POINT('',(4.707573905087E-02,0.2,-2.596670538104E-02)
  );
#5173 = CARTESIAN_POINT('',(4.469182805396E-02,0.202,-2.256839536119E-02
    ));
#5174 = CARTESIAN_POINT('',(4.469182805396E-02,0.2,-2.256839536119E-02)
  );
#5175 = CARTESIAN_POINT('',(4.205450112872E-02,0.202,-1.969534669371E-02
    ));
#5176 = CARTESIAN_POINT('',(4.205450112872E-02,0.2,-1.969534669371E-02)
  );
#5177 = CARTESIAN_POINT('',(3.930138538622E-02,0.202,-1.724081704812E-02
    ));
#5178 = CARTESIAN_POINT('',(3.930138538622E-02,0.2,-1.724081704812E-02)
  );
#5179 = CARTESIAN_POINT('',(3.640843752915E-02,0.202,-1.518570449081E-02
    ));
#5180 = CARTESIAN_POINT('',(3.640843752915E-02,0.2,-1.518570449081E-02)
  );
#5181 = CARTESIAN_POINT('',(3.329964953704E-02,0.202,-1.366659229598E-02
    ));
#5182 = CARTESIAN_POINT('',(3.329964953704E-02,0.2,-1.366659229598E-02)
  );
#5183 = CARTESIAN_POINT('',(3.0067263023E-02,0.202,-1.249148670626E-02)
  );
#5184 = CARTESIAN_POINT('',(3.0067263023E-02,0.2,-1.249148670626E-02));
#5185 = CARTESIAN_POINT('',(2.666465408093E-02,0.202,-1.181578354923E-02
    ));
#5186 = CARTESIAN_POINT('',(2.666465408093E-02,0.2,-1.181578354923E-02)
  );
#5187 = CARTESIAN_POINT('',(2.434123171392E-02,0.202,-1.174360130119E-02
    ));
#5188 = CARTESIAN_POINT('',(2.434123171392E-02,0.2,-1.174360130119E-02)
  );
#5189 = CARTESIAN_POINT('',(2.317223182091E-02,0.202,-1.170728373731E-02
    ));
#5190 = CARTESIAN_POINT('',(2.317223182091E-02,0.2,-1.170728373731E-02)
  );
#5191 = ADVANCED_FACE('',(#5192),#5203,.T.);
#5192 = FACE_BOUND('',#5193,.T.);
#5193 = EDGE_LOOP('',(#5194,#5195,#5201,#5202));
#5194 = ORIENTED_EDGE('',*,*,#3249,.F.);
#5195 = ORIENTED_EDGE('',*,*,#5196,.F.);
#5196 = EDGE_CURVE('',#4882,#3218,#5197,.T.);
#5197 = LINE('',#5198,#5199);
#5198 = CARTESIAN_POINT('',(2.317223182091E-02,0.202,-0.27183186849));
#5199 = VECTOR('',#5200,1.);
#5200 = DIRECTION('',(-0.,-1.,-0.));
#5201 = ORIENTED_EDGE('',*,*,#4881,.T.);
#5202 = ORIENTED_EDGE('',*,*,#5129,.T.);
#5203 = B_SPLINE_SURFACE_WITH_KNOTS('',3,1,(
    (#5204,#5205)
    ,(#5206,#5207)
    ,(#5208,#5209)
    ,(#5210,#5211)
    ,(#5212,#5213)
    ,(#5214,#5215)
    ,(#5216,#5217)
    ,(#5218,#5219)
    ,(#5220,#5221)
    ,(#5222,#5223)
    ,(#5224,#5225)
    ,(#5226,#5227)
    ,(#5228,#5229)
    ,(#5230,#5231)
    ,(#5232,#5233)
    ,(#5234,#5235)
    ,(#5236,#5237)
    ,(#5238,#5239)
    ,(#5240,#5241)
    ,(#5242,#5243)
    ,(#5244,#5245)
    ,(#5246,#5247)
    ,(#5248,#5249
    )),.UNSPECIFIED.,.F.,.F.,.F.,(4,1,1,1,1,1,1,1,1,1,1,1,1,1,1,1,1,1,1,
    1,4),(2,2),(0.,3.49368870829E-02,7.023339896965E-02,0.106497580507,
    0.145587588832,0.187189203945,0.231348430884,0.279252738402,
    0.331360897076,0.388442948375,0.450964118434,0.518748490246,
    0.592148889515,0.631731987362,0.674661745447,0.720681059568,
    0.7701442824,0.822678593948,0.878317576116,0.937424730831,1.),(0.,1.
    ),.UNSPECIFIED.);
#5204 = CARTESIAN_POINT('',(2.317223182091E-02,0.202,-0.27183186849));
#5205 = CARTESIAN_POINT('',(2.317223182091E-02,0.2,-0.27183186849));
#5206 = CARTESIAN_POINT('',(2.489741982901E-02,0.202,-0.271730260817));
#5207 = CARTESIAN_POINT('',(2.489741982901E-02,0.2,-0.271730260817));
#5208 = CARTESIAN_POINT('',(2.836555416458E-02,0.202,-0.271525999567));
#5209 = CARTESIAN_POINT('',(2.836555416458E-02,0.2,-0.271525999567));
#5210 = CARTESIAN_POINT('',(3.343632197499E-02,0.202,-0.269931461148));
#5211 = CARTESIAN_POINT('',(3.343632197499E-02,0.2,-0.269931461148));
#5212 = CARTESIAN_POINT('',(3.817970480349E-02,0.202,-0.267181372234));
#5213 = CARTESIAN_POINT('',(3.817970480349E-02,0.2,-0.267181372234));
#5214 = CARTESIAN_POINT('',(4.27302194525E-02,0.202,-0.263593923));
#5215 = CARTESIAN_POINT('',(4.27302194525E-02,0.2,-0.263593923));
#5216 = CARTESIAN_POINT('',(4.682603091564E-02,0.202,-0.258957748406));
#5217 = CARTESIAN_POINT('',(4.682603091564E-02,0.2,-0.258957748406));
#5218 = CARTESIAN_POINT('',(5.048710903561E-02,0.202,-0.253444341624));
#5219 = CARTESIAN_POINT('',(5.048710903561E-02,0.2,-0.253444341624));
#5220 = CARTESIAN_POINT('',(5.341302350196E-02,0.202,-0.246934771821));
#5221 = CARTESIAN_POINT('',(5.341302350196E-02,0.2,-0.246934771821));
#5222 = CARTESIAN_POINT('',(5.585192511915E-02,0.202,-0.239571047505));
#5223 = CARTESIAN_POINT('',(5.585192511915E-02,0.2,-0.239571047505));
#5224 = CARTESIAN_POINT('',(5.791769774606E-02,0.202,-0.231350486514));
#5225 = CARTESIAN_POINT('',(5.791769774606E-02,0.2,-0.231350486514));
#5226 = CARTESIAN_POINT('',(5.979333253746E-02,0.202,-0.222297662332));
#5227 = CARTESIAN_POINT('',(5.979333253746E-02,0.2,-0.222297662332));
#5228 = CARTESIAN_POINT('',(6.156170775209E-02,0.202,-0.21240277796));
#5229 = CARTESIAN_POINT('',(6.156170775209E-02,0.2,-0.21240277796));
#5230 = CARTESIAN_POINT('',(6.278159431962E-02,0.202,-0.203568217913));
#5231 = CARTESIAN_POINT('',(6.278159431962E-02,0.2,-0.203568217913));
#5232 = CARTESIAN_POINT('',(6.378050185591E-02,0.202,-0.195940552837));
#5233 = CARTESIAN_POINT('',(6.378050185591E-02,0.2,-0.195940552837));
#5234 = CARTESIAN_POINT('',(6.429762897648E-02,0.202,-0.189619370572));
#5235 = CARTESIAN_POINT('',(6.429762897648E-02,0.2,-0.189619370572));
#5236 = CARTESIAN_POINT('',(6.481801724058E-02,0.202,-0.182811558967));
#5237 = CARTESIAN_POINT('',(6.481801724058E-02,0.2,-0.182811558967));
#5238 = CARTESIAN_POINT('',(6.530213568091E-02,0.202,-0.175524876557));
#5239 = CARTESIAN_POINT('',(6.530213568091E-02,0.2,-0.175524876557));
#5240 = CARTESIAN_POINT('',(6.55888258911E-02,0.202,-0.16775281078));
#5241 = CARTESIAN_POINT('',(6.55888258911E-02,0.2,-0.16775281078));
#5242 = CARTESIAN_POINT('',(6.57801125893E-02,0.202,-0.159502830022));
#5243 = CARTESIAN_POINT('',(6.57801125893E-02,0.2,-0.159502830022));
#5244 = CARTESIAN_POINT('',(6.595397313915E-02,0.202,-0.150756638007));
#5245 = CARTESIAN_POINT('',(6.595397313915E-02,0.2,-0.150756638007));
#5246 = CARTESIAN_POINT('',(6.596953865747E-02,0.202,-0.144753695826));
#5247 = CARTESIAN_POINT('',(6.596953865747E-02,0.2,-0.144753695826));
#5248 = CARTESIAN_POINT('',(6.597754323584E-02,0.202,-0.14166667873));
#5249 = CARTESIAN_POINT('',(6.597754323584E-02,0.2,-0.14166667873));
#5250 = ADVANCED_FACE('',(#5251),#5257,.T.);
#5251 = FACE_BOUND('',#5252,.T.);
#5252 = EDGE_LOOP('',(#5253,#5254,#5255,#5256));
#5253 = ORIENTED_EDGE('',*,*,#3217,.F.);
#5254 = ORIENTED_EDGE('',*,*,#5061,.F.);
#5255 = ORIENTED_EDGE('',*,*,#4909,.T.);
#5256 = ORIENTED_EDGE('',*,*,#5196,.T.);
#5257 = B_SPLINE_SURFACE_WITH_KNOTS('',3,1,(
    (#5258,#5259)
    ,(#5260,#5261)
    ,(#5262,#5263)
    ,(#5264,#5265)
    ,(#5266,#5267)
    ,(#5268,#5269)
    ,(#5270,#5271)
    ,(#5272,#5273)
    ,(#5274,#5275)
    ,(#5276,#5277)
    ,(#5278,#5279)
    ,(#5280,#5281)
    ,(#5282,#5283)
    ,(#5284,#5285)
    ,(#5286,#5287)
    ,(#5288,#5289)
    ,(#5290,#5291)
    ,(#5292,#5293)
    ,(#5294,#5295)
    ,(#5296,#5297)
    ,(#5298,#5299)
    ,(#5300,#5301)
    ,(#5302,#5303)
    ,(#5304,#5305)
    ,(#5306,#5307)
    ,(#5308,#5309)
    ,(#5310,#5311
    )),.UNSPECIFIED.,.F.,.F.,.F.,(4,1,1,1,1,1,1,1,1,1,1,1,1,1,1,1,1,1,1,
    1,1,1,1,1,4),(2,2),(0.,7.450630011454E-02,0.145899604363,
    0.213485915351,0.277293604963,0.338041673145,0.395063922884,
    0.448741026482,0.499113145316,0.546571100751,0.59109431188,
    0.632897743261,0.672214769502,0.70856337312,0.743032622937,
    0.774640169589,0.804496490856,0.832141518463,0.85851193,
    0.883406944232,0.907257568986,0.930301741039,0.953206098268,
    0.976284435161,1.),(0.,1.),.UNSPECIFIED.);
#5258 = CARTESIAN_POINT('',(-1.963307959402E-02,0.202,-0.14166667873));
#5259 = CARTESIAN_POINT('',(-1.963307959402E-02,0.2,-0.14166667873));
#5260 = CARTESIAN_POINT('',(-1.963360022099E-02,0.202,-0.145336920758));
#5261 = CARTESIAN_POINT('',(-1.963360022099E-02,0.2,-0.145336920758));
#5262 = CARTESIAN_POINT('',(-1.963461972228E-02,0.202,-0.15252405606));
#5263 = CARTESIAN_POINT('',(-1.963461972228E-02,0.2,-0.15252405606));
#5264 = CARTESIAN_POINT('',(-1.933867117427E-02,0.202,-0.163036587208));
#5265 = CARTESIAN_POINT('',(-1.933867117427E-02,0.2,-0.163036587208));
#5266 = CARTESIAN_POINT('',(-1.900775489684E-02,0.202,-0.173020239287));
#5267 = CARTESIAN_POINT('',(-1.900775489684E-02,0.2,-0.173020239287));
#5268 = CARTESIAN_POINT('',(-1.848782389649E-02,0.202,-0.182471280081));
#5269 = CARTESIAN_POINT('',(-1.848782389649E-02,0.2,-0.182471280081));
#5270 = CARTESIAN_POINT('',(-1.783102465328E-02,0.202,-0.191391928233));
#5271 = CARTESIAN_POINT('',(-1.783102465328E-02,0.2,-0.191391928233));
#5272 = CARTESIAN_POINT('',(-1.701049966734E-02,0.202,-0.199798120673));
#5273 = CARTESIAN_POINT('',(-1.701049966734E-02,0.2,-0.199798120673));
#5274 = CARTESIAN_POINT('',(-1.60381465877E-02,0.202,-0.207673148077));
#5275 = CARTESIAN_POINT('',(-1.60381465877E-02,0.2,-0.207673148077));
#5276 = CARTESIAN_POINT('',(-1.491576978213E-02,0.202,-0.215053000057));
#5277 = CARTESIAN_POINT('',(-1.491576978213E-02,0.2,-0.215053000057));
#5278 = CARTESIAN_POINT('',(-1.360966353286E-02,0.202,-0.221942574202));
#5279 = CARTESIAN_POINT('',(-1.360966353286E-02,0.2,-0.221942574202));
#5280 = CARTESIAN_POINT('',(-1.226960744117E-02,0.202,-0.22839763521));
#5281 = CARTESIAN_POINT('',(-1.226960744117E-02,0.2,-0.22839763521));
#5282 = CARTESIAN_POINT('',(-1.063166643619E-02,0.202,-0.234368012293));
#5283 = CARTESIAN_POINT('',(-1.063166643619E-02,0.2,-0.234368012293));
#5284 = CARTESIAN_POINT('',(-8.985002668513E-03,0.202,-0.239916989686));
#5285 = CARTESIAN_POINT('',(-8.985002668513E-03,0.2,-0.239916989686));
#5286 = CARTESIAN_POINT('',(-7.101042681619E-03,0.202,-0.245008278979));
#5287 = CARTESIAN_POINT('',(-7.101042681619E-03,0.2,-0.245008278979));
#5288 = CARTESIAN_POINT('',(-5.125272281607E-03,0.202,-0.249651995329));
#5289 = CARTESIAN_POINT('',(-5.125272281607E-03,0.2,-0.249651995329));
#5290 = CARTESIAN_POINT('',(-3.016408570688E-03,0.202,-0.253887416753));
#5291 = CARTESIAN_POINT('',(-3.016408570688E-03,0.2,-0.253887416753));
#5292 = CARTESIAN_POINT('',(-6.97609789441E-04,0.202,-0.257618657354));
#5293 = CARTESIAN_POINT('',(-6.97609789441E-04,0.2,-0.257618657354));
#5294 = CARTESIAN_POINT('',(1.717570301136E-03,0.202,-0.260980348714));
#5295 = CARTESIAN_POINT('',(1.717570301136E-03,0.2,-0.260980348714));
#5296 = CARTESIAN_POINT('',(4.362166959923E-03,0.202,-0.263835084545));
#5297 = CARTESIAN_POINT('',(4.362166959923E-03,0.2,-0.263835084545));
#5298 = CARTESIAN_POINT('',(7.063972533112E-03,0.202,-0.266380116983));
#5299 = CARTESIAN_POINT('',(7.063972533112E-03,0.2,-0.266380116983));
#5300 = CARTESIAN_POINT('',(1.004224203152E-02,0.202,-0.268311931051));
#5301 = CARTESIAN_POINT('',(1.004224203152E-02,0.2,-0.268311931051));
#5302 = CARTESIAN_POINT('',(1.310229603994E-02,0.202,-0.269892557944));
#5303 = CARTESIAN_POINT('',(1.310229603994E-02,0.2,-0.269892557944));
#5304 = CARTESIAN_POINT('',(1.631550404744E-02,0.202,-0.271035492322));
#5305 = CARTESIAN_POINT('',(1.631550404744E-02,0.2,-0.271035492322));
#5306 = CARTESIAN_POINT('',(1.969528636053E-02,0.202,-0.271729092277));
#5307 = CARTESIAN_POINT('',(1.969528636053E-02,0.2,-0.271729092277));
#5308 = CARTESIAN_POINT('',(2.200277572492E-02,0.202,-0.271797300139));
#5309 = CARTESIAN_POINT('',(2.200277572492E-02,0.2,-0.271797300139));
#5310 = CARTESIAN_POINT('',(2.317223182091E-02,0.202,-0.27183186849));
#5311 = CARTESIAN_POINT('',(2.317223182091E-02,0.2,-0.27183186849));
#5312 = ADVANCED_FACE('',(#5313),#5346,.T.);
#5313 = FACE_BOUND('',#5314,.T.);
#5314 = EDGE_LOOP('',(#5315,#5333,#5339,#5340));
#5315 = ORIENTED_EDGE('',*,*,#5316,.F.);
#5316 = EDGE_CURVE('',#5317,#5319,#5321,.T.);
#5317 = VERTEX_POINT('',#5318);
#5318 = CARTESIAN_POINT('',(4.393459385277E-03,0.2,-0.224601969597));
#5319 = VERTEX_POINT('',#5320);
#5320 = CARTESIAN_POINT('',(-3.169498280582E-03,0.2,-0.141769576113));
#5321 = B_SPLINE_CURVE_WITH_KNOTS('',3,(#5322,#5323,#5324,#5325,#5326,
    #5327,#5328,#5329,#5330,#5331,#5332),.UNSPECIFIED.,.F.,.F.,(4,1,1,1,
    1,1,1,1,4),(0.,7.749443414545E-02,0.167583476623,0.271791298041,
    0.388973885957,0.520673542117,0.666372319412,0.826122561869,1.),
  .UNSPECIFIED.);
#5322 = CARTESIAN_POINT('',(4.393459385277E-03,0.2,-0.224601969597));
#5323 = CARTESIAN_POINT('',(3.78098041931E-03,0.2,-0.222534349987));
#5324 = CARTESIAN_POINT('',(2.456480723213E-03,0.2,-0.218063075548));
#5325 = CARTESIAN_POINT('',(9.771820171107E-04,0.2,-0.210641303348));
#5326 = CARTESIAN_POINT('',(-3.697811423683E-04,0.2,-0.202081127285));
#5327 = CARTESIAN_POINT('',(-1.344197406804E-03,0.2,-0.192304543475));
#5328 = CARTESIAN_POINT('',(-2.159650567102E-03,0.2,-0.181359675168));
#5329 = CARTESIAN_POINT('',(-2.771927051014E-03,0.2,-0.169214683162));
#5330 = CARTESIAN_POINT('',(-3.127491465827E-03,0.2,-0.155885848135));
#5331 = CARTESIAN_POINT('',(-3.155106233952E-03,0.2,-0.146605982929));
#5332 = CARTESIAN_POINT('',(-3.169498280582E-03,0.2,-0.141769576113));
#5333 = ORIENTED_EDGE('',*,*,#5334,.F.);
#5334 = EDGE_CURVE('',#4968,#5317,#5335,.T.);
#5335 = LINE('',#5336,#5337);
#5336 = CARTESIAN_POINT('',(4.393459385277E-03,0.202,-0.224601969597));
#5337 = VECTOR('',#5338,1.);
#5338 = DIRECTION('',(-0.,-1.,-0.));
#5339 = ORIENTED_EDGE('',*,*,#4967,.T.);
#5340 = ORIENTED_EDGE('',*,*,#5341,.T.);
#5341 = EDGE_CURVE('',#4942,#5319,#5342,.T.);
#5342 = LINE('',#5343,#5344);
#5343 = CARTESIAN_POINT('',(-3.169498280582E-03,0.202,-0.141769576113));
#5344 = VECTOR('',#5345,1.);
#5345 = DIRECTION('',(-0.,-1.,-0.));
#5346 = B_SPLINE_SURFACE_WITH_KNOTS('',3,1,(
    (#5347,#5348)
    ,(#5349,#5350)
    ,(#5351,#5352)
    ,(#5353,#5354)
    ,(#5355,#5356)
    ,(#5357,#5358)
    ,(#5359,#5360)
    ,(#5361,#5362)
    ,(#5363,#5364)
    ,(#5365,#5366)
    ,(#5367,#5368
  )),.UNSPECIFIED.,.F.,.F.,.F.,(4,1,1,1,1,1,1,1,4),(2,2),(0.,
    7.749443414545E-02,0.167583476623,0.271791298041,0.388973885957,
    0.520673542117,0.666372319412,0.826122561869,1.),(0.,1.),
  .UNSPECIFIED.);
#5347 = CARTESIAN_POINT('',(4.393459385277E-03,0.202,-0.224601969597));
#5348 = CARTESIAN_POINT('',(4.393459385277E-03,0.2,-0.224601969597));
#5349 = CARTESIAN_POINT('',(3.78098041931E-03,0.202,-0.222534349987));
#5350 = CARTESIAN_POINT('',(3.78098041931E-03,0.2,-0.222534349987));
#5351 = CARTESIAN_POINT('',(2.456480723213E-03,0.202,-0.218063075548));
#5352 = CARTESIAN_POINT('',(2.456480723213E-03,0.2,-0.218063075548));
#5353 = CARTESIAN_POINT('',(9.771820171107E-04,0.202,-0.210641303348));
#5354 = CARTESIAN_POINT('',(9.771820171107E-04,0.2,-0.210641303348));
#5355 = CARTESIAN_POINT('',(-3.697811423683E-04,0.202,-0.202081127285));
#5356 = CARTESIAN_POINT('',(-3.697811423683E-04,0.2,-0.202081127285));
#5357 = CARTESIAN_POINT('',(-1.344197406804E-03,0.202,-0.192304543475));
#5358 = CARTESIAN_POINT('',(-1.344197406804E-03,0.2,-0.192304543475));
#5359 = CARTESIAN_POINT('',(-2.159650567102E-03,0.202,-0.181359675168));
#5360 = CARTESIAN_POINT('',(-2.159650567102E-03,0.2,-0.181359675168));
#5361 = CARTESIAN_POINT('',(-2.771927051014E-03,0.202,-0.169214683162));
#5362 = CARTESIAN_POINT('',(-2.771927051014E-03,0.2,-0.169214683162));
#5363 = CARTESIAN_POINT('',(-3.127491465827E-03,0.202,-0.155885848135));
#5364 = CARTESIAN_POINT('',(-3.127491465827E-03,0.2,-0.155885848135));
#5365 = CARTESIAN_POINT('',(-3.155106233952E-03,0.202,-0.146605982929));
#5366 = CARTESIAN_POINT('',(-3.155106233952E-03,0.2,-0.146605982929));
#5367 = CARTESIAN_POINT('',(-3.169498280582E-03,0.202,-0.141769576113));
#5368 = CARTESIAN_POINT('',(-3.169498280582E-03,0.2,-0.141769576113));
#5369 = ADVANCED_FACE('',(#5370),#5404,.T.);
#5370 = FACE_BOUND('',#5371,.T.);
#5371 = EDGE_LOOP('',(#5372,#5396,#5397,#5398));
#5372 = ORIENTED_EDGE('',*,*,#5373,.F.);
#5373 = EDGE_CURVE('',#5319,#5374,#5376,.T.);
#5374 = VERTEX_POINT('',#5375);
#5375 = CARTESIAN_POINT('',(2.317223182091E-02,0.2,-4.13417301015E-02));
#5376 = B_SPLINE_CURVE_WITH_KNOTS('',3,(#5377,#5378,#5379,#5380,#5381,
    #5382,#5383,#5384,#5385,#5386,#5387,#5388,#5389,#5390,#5391,#5392,
    #5393,#5394,#5395),.UNSPECIFIED.,.F.,.F.,(4,1,1,1,1,1,1,1,1,1,1,1,1,
    1,1,1,4),(0.,0.134263073174,0.25691182911,0.367072438303,
    0.465718811024,0.552001157842,0.626648205291,0.690207875895,
    0.742102733723,0.786360379614,0.826397614705,0.862341875248,
    0.894454198914,0.923529781456,0.950073400113,0.975134639533,1.),
  .UNSPECIFIED.);
#5377 = CARTESIAN_POINT('',(-3.169498280582E-03,0.2,-0.141769576113));
#5378 = CARTESIAN_POINT('',(-3.155072819782E-03,0.2,-0.136830282714));
#5379 = CARTESIAN_POINT('',(-3.127469760858E-03,0.2,-0.127378965447));
#5380 = CARTESIAN_POINT('',(-2.776126113917E-03,0.2,-0.113878477591));
#5381 = CARTESIAN_POINT('',(-2.162817275907E-03,0.2,-0.101699054291));
#5382 = CARTESIAN_POINT('',(-1.350556876157E-03,0.2,-9.087366943313E-02)
  );
#5383 = CARTESIAN_POINT('',(-3.863102518688E-04,0.2,-8.136929685639E-02)
  );
#5384 = CARTESIAN_POINT('',(9.627939588462E-04,0.2,-7.321733261621E-02)
  );
#5385 = CARTESIAN_POINT('',(2.441510108286E-03,0.2,-6.637830197277E-02)
  );
#5386 = CARTESIAN_POINT('',(4.19486555283E-03,0.2,-6.075579331747E-02));
#5387 = CARTESIAN_POINT('',(6.247958243E-03,0.2,-5.618095372742E-02));
#5388 = CARTESIAN_POINT('',(8.251675316231E-03,0.2,-5.222922983216E-02)
  );
#5389 = CARTESIAN_POINT('',(1.049657816382E-02,0.2,-4.89392219149E-02));
#5390 = CARTESIAN_POINT('',(1.273174512163E-02,0.2,-4.613966170305E-02)
  );
#5391 = CARTESIAN_POINT('',(1.517156197841E-02,0.2,-4.399794631139E-02)
  );
#5392 = CARTESIAN_POINT('',(1.772637244248E-02,0.2,-4.245792581211E-02)
  );
#5393 = CARTESIAN_POINT('',(2.041813580656E-02,0.2,-4.153271183255E-02)
  );
#5394 = CARTESIAN_POINT('',(2.225660412732E-02,0.2,-4.140522395248E-02)
  );
#5395 = CARTESIAN_POINT('',(2.317223182091E-02,0.2,-4.13417301015E-02));
#5396 = ORIENTED_EDGE('',*,*,#5341,.F.);
#5397 = ORIENTED_EDGE('',*,*,#4941,.T.);
#5398 = ORIENTED_EDGE('',*,*,#5399,.T.);
#5399 = EDGE_CURVE('',#4944,#5374,#5400,.T.);
#5400 = LINE('',#5401,#5402);
#5401 = CARTESIAN_POINT('',(2.317223182091E-02,0.202,-4.13417301015E-02)
  );
#5402 = VECTOR('',#5403,1.);
#5403 = DIRECTION('',(-0.,-1.,-0.));
#5404 = B_SPLINE_SURFACE_WITH_KNOTS('',3,1,(
    (#5405,#5406)
    ,(#5407,#5408)
    ,(#5409,#5410)
    ,(#5411,#5412)
    ,(#5413,#5414)
    ,(#5415,#5416)
    ,(#5417,#5418)
    ,(#5419,#5420)
    ,(#5421,#5422)
    ,(#5423,#5424)
    ,(#5425,#5426)
    ,(#5427,#5428)
    ,(#5429,#5430)
    ,(#5431,#5432)
    ,(#5433,#5434)
    ,(#5435,#5436)
    ,(#5437,#5438)
    ,(#5439,#5440)
    ,(#5441,#5442
    )),.UNSPECIFIED.,.F.,.F.,.F.,(4,1,1,1,1,1,1,1,1,1,1,1,1,1,1,1,4),(2,
    2),(0.,0.134263073174,0.25691182911,0.367072438303,0.465718811024,
    0.552001157842,0.626648205291,0.690207875895,0.742102733723,
    0.786360379614,0.826397614705,0.862341875248,0.894454198914,
    0.923529781456,0.950073400113,0.975134639533,1.),(0.,1.),
  .UNSPECIFIED.);
#5405 = CARTESIAN_POINT('',(-3.169498280582E-03,0.202,-0.141769576113));
#5406 = CARTESIAN_POINT('',(-3.169498280582E-03,0.2,-0.141769576113));
#5407 = CARTESIAN_POINT('',(-3.155072819782E-03,0.202,-0.136830282714));
#5408 = CARTESIAN_POINT('',(-3.155072819782E-03,0.2,-0.136830282714));
#5409 = CARTESIAN_POINT('',(-3.127469760858E-03,0.202,-0.127378965447));
#5410 = CARTESIAN_POINT('',(-3.127469760858E-03,0.2,-0.127378965447));
#5411 = CARTESIAN_POINT('',(-2.776126113917E-03,0.202,-0.113878477591));
#5412 = CARTESIAN_POINT('',(-2.776126113917E-03,0.2,-0.113878477591));
#5413 = CARTESIAN_POINT('',(-2.162817275907E-03,0.202,-0.101699054291));
#5414 = CARTESIAN_POINT('',(-2.162817275907E-03,0.2,-0.101699054291));
#5415 = CARTESIAN_POINT('',(-1.350556876157E-03,0.202,
    -9.087366943313E-02));
#5416 = CARTESIAN_POINT('',(-1.350556876157E-03,0.2,-9.087366943313E-02)
  );
#5417 = CARTESIAN_POINT('',(-3.863102518688E-04,0.202,
    -8.136929685639E-02));
#5418 = CARTESIAN_POINT('',(-3.863102518688E-04,0.2,-8.136929685639E-02)
  );
#5419 = CARTESIAN_POINT('',(9.627939588462E-04,0.202,-7.321733261621E-02
    ));
#5420 = CARTESIAN_POINT('',(9.627939588462E-04,0.2,-7.321733261621E-02)
  );
#5421 = CARTESIAN_POINT('',(2.441510108286E-03,0.202,-6.637830197277E-02
    ));
#5422 = CARTESIAN_POINT('',(2.441510108286E-03,0.2,-6.637830197277E-02)
  );
#5423 = CARTESIAN_POINT('',(4.19486555283E-03,0.202,-6.075579331747E-02)
  );
#5424 = CARTESIAN_POINT('',(4.19486555283E-03,0.2,-6.075579331747E-02));
#5425 = CARTESIAN_POINT('',(6.247958243E-03,0.202,-5.618095372742E-02));
#5426 = CARTESIAN_POINT('',(6.247958243E-03,0.2,-5.618095372742E-02));
#5427 = CARTESIAN_POINT('',(8.251675316231E-03,0.202,-5.222922983216E-02
    ));
#5428 = CARTESIAN_POINT('',(8.251675316231E-03,0.2,-5.222922983216E-02)
  );
#5429 = CARTESIAN_POINT('',(1.049657816382E-02,0.202,-4.89392219149E-02)
  );
#5430 = CARTESIAN_POINT('',(1.049657816382E-02,0.2,-4.89392219149E-02));
#5431 = CARTESIAN_POINT('',(1.273174512163E-02,0.202,-4.613966170305E-02
    ));
#5432 = CARTESIAN_POINT('',(1.273174512163E-02,0.2,-4.613966170305E-02)
  );
#5433 = CARTESIAN_POINT('',(1.517156197841E-02,0.202,-4.399794631139E-02
    ));
#5434 = CARTESIAN_POINT('',(1.517156197841E-02,0.2,-4.399794631139E-02)
  );
#5435 = CARTESIAN_POINT('',(1.772637244248E-02,0.202,-4.245792581211E-02
    ));
#5436 = CARTESIAN_POINT('',(1.772637244248E-02,0.2,-4.245792581211E-02)
  );
#5437 = CARTESIAN_POINT('',(2.041813580656E-02,0.202,-4.153271183255E-02
    ));
#5438 = CARTESIAN_POINT('',(2.041813580656E-02,0.2,-4.153271183255E-02)
  );
#5439 = CARTESIAN_POINT('',(2.225660412732E-02,0.202,-4.140522395248E-02
    ));
#5440 = CARTESIAN_POINT('',(2.225660412732E-02,0.2,-4.140522395248E-02)
  );
#5441 = CARTESIAN_POINT('',(2.317223182091E-02,0.202,-4.13417301015E-02)
  );
#5442 = CARTESIAN_POINT('',(2.317223182091E-02,0.2,-4.13417301015E-02));
#5443 = ADVANCED_FACE('',(#5444),#5478,.T.);
#5444 = FACE_BOUND('',#5445,.T.);
#5445 = EDGE_LOOP('',(#5446,#5470,#5471,#5472));
#5446 = ORIENTED_EDGE('',*,*,#5447,.F.);
#5447 = EDGE_CURVE('',#5374,#5448,#5450,.T.);
#5448 = VERTEX_POINT('',#5449);
#5449 = CARTESIAN_POINT('',(4.951396192241E-02,0.2,-0.141769576113));
#5450 = B_SPLINE_CURVE_WITH_KNOTS('',3,(#5451,#5452,#5453,#5454,#5455,
    #5456,#5457,#5458,#5459,#5460,#5461,#5462,#5463,#5464,#5465,#5466,
    #5467,#5468,#5469),.UNSPECIFIED.,.F.,.F.,(4,1,1,1,1,1,1,1,1,1,1,1,1,
    1,1,1,4),(0.,2.48730133429E-02,4.994196592378E-02,7.673426790876E-02
    ,0.105818799118,0.13758360881,0.173280966874,0.213330524327,
    0.258029519538,0.310527683976,0.373652105177,0.448708456434,
    0.53506899344,0.633280744621,0.743475258226,0.865695604337,1.),
  .UNSPECIFIED.);
#5451 = CARTESIAN_POINT('',(2.317223182091E-02,0.2,-4.13417301015E-02));
#5452 = CARTESIAN_POINT('',(2.408731590436E-02,0.2,-4.140616470408E-02)
  );
#5453 = CARTESIAN_POINT('',(2.592469272247E-02,0.2,-4.153554149822E-02)
  );
#5454 = CARTESIAN_POINT('',(2.863334454055E-02,0.2,-4.244908468795E-02)
  );
#5455 = CARTESIAN_POINT('',(3.115923262168E-02,0.2,-4.405725165956E-02)
  );
#5456 = CARTESIAN_POINT('',(3.359509724369E-02,0.2,-4.618594082958E-02)
  );
#5457 = CARTESIAN_POINT('',(3.587126169706E-02,0.2,-4.892724419884E-02)
  );
#5458 = CARTESIAN_POINT('',(3.8026135083E-02,0.2,-5.225054934107E-02));
#5459 = CARTESIAN_POINT('',(4.00654794344E-02,0.2,-5.618800110037E-02));
#5460 = CARTESIAN_POINT('',(4.208289315931E-02,0.2,-6.082006205848E-02)
  );
#5461 = CARTESIAN_POINT('',(4.390371277376E-02,0.2,-6.643913385719E-02)
  );
#5462 = CARTESIAN_POINT('',(4.540722021317E-02,0.2,-7.329701177681E-02)
  );
#5463 = CARTESIAN_POINT('',(4.663721572269E-02,0.2,-8.146546935855E-02)
  );
#5464 = CARTESIAN_POINT('',(4.772200272738E-02,0.2,-9.095408399656E-02)
  );
#5465 = CARTESIAN_POINT('',(4.850041185127E-02,0.2,-0.101768615532));
#5466 = CARTESIAN_POINT('',(4.912185496906E-02,0.2,-0.113912486886));
#5467 = CARTESIAN_POINT('',(4.94719241256E-02,0.2,-0.127396187136));
#5468 = CARTESIAN_POINT('',(4.94995160678E-02,0.2,-0.136830309474));
#5469 = CARTESIAN_POINT('',(4.951396192241E-02,0.2,-0.141769576113));
#5470 = ORIENTED_EDGE('',*,*,#5399,.F.);
#5471 = ORIENTED_EDGE('',*,*,#5023,.T.);
#5472 = ORIENTED_EDGE('',*,*,#5473,.T.);
#5473 = EDGE_CURVE('',#5000,#5448,#5474,.T.);
#5474 = LINE('',#5475,#5476);
#5475 = CARTESIAN_POINT('',(4.951396192241E-02,0.202,-0.141769576113));
#5476 = VECTOR('',#5477,1.);
#5477 = DIRECTION('',(-0.,-1.,-0.));
#5478 = B_SPLINE_SURFACE_WITH_KNOTS('',3,1,(
    (#5479,#5480)
    ,(#5481,#5482)
    ,(#5483,#5484)
    ,(#5485,#5486)
    ,(#5487,#5488)
    ,(#5489,#5490)
    ,(#5491,#5492)
    ,(#5493,#5494)
    ,(#5495,#5496)
    ,(#5497,#5498)
    ,(#5499,#5500)
    ,(#5501,#5502)
    ,(#5503,#5504)
    ,(#5505,#5506)
    ,(#5507,#5508)
    ,(#5509,#5510)
    ,(#5511,#5512)
    ,(#5513,#5514)
    ,(#5515,#5516
    )),.UNSPECIFIED.,.F.,.F.,.F.,(4,1,1,1,1,1,1,1,1,1,1,1,1,1,1,1,4),(2,
    2),(0.,2.48730133429E-02,4.994196592378E-02,7.673426790876E-02,
    0.105818799118,0.13758360881,0.173280966874,0.213330524327,
    0.258029519538,0.310527683976,0.373652105177,0.448708456434,
    0.53506899344,0.633280744621,0.743475258226,0.865695604337,1.),(0.,
    1.),.UNSPECIFIED.);
#5479 = CARTESIAN_POINT('',(2.317223182091E-02,0.202,-4.13417301015E-02)
  );
#5480 = CARTESIAN_POINT('',(2.317223182091E-02,0.2,-4.13417301015E-02));
#5481 = CARTESIAN_POINT('',(2.408731590436E-02,0.202,-4.140616470408E-02
    ));
#5482 = CARTESIAN_POINT('',(2.408731590436E-02,0.2,-4.140616470408E-02)
  );
#5483 = CARTESIAN_POINT('',(2.592469272247E-02,0.202,-4.153554149822E-02
    ));
#5484 = CARTESIAN_POINT('',(2.592469272247E-02,0.2,-4.153554149822E-02)
  );
#5485 = CARTESIAN_POINT('',(2.863334454055E-02,0.202,-4.244908468795E-02
    ));
#5486 = CARTESIAN_POINT('',(2.863334454055E-02,0.2,-4.244908468795E-02)
  );
#5487 = CARTESIAN_POINT('',(3.115923262168E-02,0.202,-4.405725165956E-02
    ));
#5488 = CARTESIAN_POINT('',(3.115923262168E-02,0.2,-4.405725165956E-02)
  );
#5489 = CARTESIAN_POINT('',(3.359509724369E-02,0.202,-4.618594082958E-02
    ));
#5490 = CARTESIAN_POINT('',(3.359509724369E-02,0.2,-4.618594082958E-02)
  );
#5491 = CARTESIAN_POINT('',(3.587126169706E-02,0.202,-4.892724419884E-02
    ));
#5492 = CARTESIAN_POINT('',(3.587126169706E-02,0.2,-4.892724419884E-02)
  );
#5493 = CARTESIAN_POINT('',(3.8026135083E-02,0.202,-5.225054934107E-02)
  );
#5494 = CARTESIAN_POINT('',(3.8026135083E-02,0.2,-5.225054934107E-02));
#5495 = CARTESIAN_POINT('',(4.00654794344E-02,0.202,-5.618800110037E-02)
  );
#5496 = CARTESIAN_POINT('',(4.00654794344E-02,0.2,-5.618800110037E-02));
#5497 = CARTESIAN_POINT('',(4.208289315931E-02,0.202,-6.082006205848E-02
    ));
#5498 = CARTESIAN_POINT('',(4.208289315931E-02,0.2,-6.082006205848E-02)
  );
#5499 = CARTESIAN_POINT('',(4.390371277376E-02,0.202,-6.643913385719E-02
    ));
#5500 = CARTESIAN_POINT('',(4.390371277376E-02,0.2,-6.643913385719E-02)
  );
#5501 = CARTESIAN_POINT('',(4.540722021317E-02,0.202,-7.329701177681E-02
    ));
#5502 = CARTESIAN_POINT('',(4.540722021317E-02,0.2,-7.329701177681E-02)
  );
#5503 = CARTESIAN_POINT('',(4.663721572269E-02,0.202,-8.146546935855E-02
    ));
#5504 = CARTESIAN_POINT('',(4.663721572269E-02,0.2,-8.146546935855E-02)
  );
#5505 = CARTESIAN_POINT('',(4.772200272738E-02,0.202,-9.095408399656E-02
    ));
#5506 = CARTESIAN_POINT('',(4.772200272738E-02,0.2,-9.095408399656E-02)
  );
#5507 = CARTESIAN_POINT('',(4.850041185127E-02,0.202,-0.101768615532));
#5508 = CARTESIAN_POINT('',(4.850041185127E-02,0.2,-0.101768615532));
#5509 = CARTESIAN_POINT('',(4.912185496906E-02,0.202,-0.113912486886));
#5510 = CARTESIAN_POINT('',(4.912185496906E-02,0.2,-0.113912486886));
#5511 = CARTESIAN_POINT('',(4.94719241256E-02,0.202,-0.127396187136));
#5512 = CARTESIAN_POINT('',(4.94719241256E-02,0.2,-0.127396187136));
#5513 = CARTESIAN_POINT('',(4.94995160678E-02,0.202,-0.136830309474));
#5514 = CARTESIAN_POINT('',(4.94995160678E-02,0.2,-0.136830309474));
#5515 = CARTESIAN_POINT('',(4.951396192241E-02,0.202,-0.141769576113));
#5516 = CARTESIAN_POINT('',(4.951396192241E-02,0.2,-0.141769576113));
#5517 = ADVANCED_FACE('',(#5518),#5552,.T.);
#5518 = FACE_BOUND('',#5519,.T.);
#5519 = EDGE_LOOP('',(#5520,#5544,#5545,#5546));
#5520 = ORIENTED_EDGE('',*,*,#5521,.F.);
#5521 = EDGE_CURVE('',#5448,#5522,#5524,.T.);
#5522 = VERTEX_POINT('',#5523);
#5523 = CARTESIAN_POINT('',(2.30178857461E-02,0.2,-0.242197422125));
#5524 = B_SPLINE_CURVE_WITH_KNOTS('',3,(#5525,#5526,#5527,#5528,#5529,
    #5530,#5531,#5532,#5533,#5534,#5535,#5536,#5537,#5538,#5539,#5540,
    #5541,#5542,#5543),.UNSPECIFIED.,.F.,.F.,(4,1,1,1,1,1,1,1,1,1,1,1,1,
    1,1,1,4),(0.,0.131104227359,0.251091770705,0.359069021009,
    0.456018700075,0.542063571507,0.61635985873,0.680001512757,
    0.732946720057,0.778442530811,0.819194663635,0.855956811654,
    0.888635460529,0.918943031446,0.94645063271,0.973354470683,1.),
  .UNSPECIFIED.);
#5525 = CARTESIAN_POINT('',(4.951396192241E-02,0.2,-0.141769576113));
#5526 = CARTESIAN_POINT('',(4.950087838094E-02,0.2,-0.146606023088));
#5527 = CARTESIAN_POINT('',(4.947582068706E-02,0.2,-0.155868821544));
#5528 = CARTESIAN_POINT('',(4.910613591798E-02,0.2,-0.169110662483));
#5529 = CARTESIAN_POINT('',(4.855117902759E-02,0.2,-0.181084137227));
#5530 = CARTESIAN_POINT('',(4.781200548783E-02,0.2,-0.191793743895));
#5531 = CARTESIAN_POINT('',(4.680251094367E-02,0.2,-0.201234543764));
#5532 = CARTESIAN_POINT('',(4.557381283073E-02,0.2,-0.209405715408));
#5533 = CARTESIAN_POINT('',(4.421258706468E-02,0.2,-0.216323276481));
#5534 = CARTESIAN_POINT('',(4.246255381799E-02,0.2,-0.222047620593));
#5535 = CARTESIAN_POINT('',(4.061272248209E-02,0.2,-0.226846565338));
#5536 = CARTESIAN_POINT('',(3.851312435099E-02,0.2,-0.230874839461));
#5537 = CARTESIAN_POINT('',(3.640611407695E-02,0.2,-0.234360490577));
#5538 = CARTESIAN_POINT('',(3.404864244735E-02,0.2,-0.237203158926));
#5539 = CARTESIAN_POINT('',(3.154910443291E-02,0.2,-0.239441386564));
#5540 = CARTESIAN_POINT('',(2.884783817127E-02,0.2,-0.241049154675));
#5541 = CARTESIAN_POINT('',(2.598094523055E-02,0.2,-0.24201644677));
#5542 = CARTESIAN_POINT('',(2.40023908917E-02,0.2,-0.242137291315));
#5543 = CARTESIAN_POINT('',(2.30178857461E-02,0.2,-0.242197422125));
#5544 = ORIENTED_EDGE('',*,*,#5473,.F.);
#5545 = ORIENTED_EDGE('',*,*,#4999,.T.);
#5546 = ORIENTED_EDGE('',*,*,#5547,.T.);
#5547 = EDGE_CURVE('',#4984,#5522,#5548,.T.);
#5548 = LINE('',#5549,#5550);
#5549 = CARTESIAN_POINT('',(2.30178857461E-02,0.202,-0.242197422125));
#5550 = VECTOR('',#5551,1.);
#5551 = DIRECTION('',(-0.,-1.,-0.));
#5552 = B_SPLINE_SURFACE_WITH_KNOTS('',3,1,(
    (#5553,#5554)
    ,(#5555,#5556)
    ,(#5557,#5558)
    ,(#5559,#5560)
    ,(#5561,#5562)
    ,(#5563,#5564)
    ,(#5565,#5566)
    ,(#5567,#5568)
    ,(#5569,#5570)
    ,(#5571,#5572)
    ,(#5573,#5574)
    ,(#5575,#5576)
    ,(#5577,#5578)
    ,(#5579,#5580)
    ,(#5581,#5582)
    ,(#5583,#5584)
    ,(#5585,#5586)
    ,(#5587,#5588)
    ,(#5589,#5590
    )),.UNSPECIFIED.,.F.,.F.,.F.,(4,1,1,1,1,1,1,1,1,1,1,1,1,1,1,1,4),(2,
    2),(0.,0.131104227359,0.251091770705,0.359069021009,0.456018700075,
    0.542063571507,0.61635985873,0.680001512757,0.732946720057,
    0.778442530811,0.819194663635,0.855956811654,0.888635460529,
    0.918943031446,0.94645063271,0.973354470683,1.),(0.,1.),
  .UNSPECIFIED.);
#5553 = CARTESIAN_POINT('',(4.951396192241E-02,0.202,-0.141769576113));
#5554 = CARTESIAN_POINT('',(4.951396192241E-02,0.2,-0.141769576113));
#5555 = CARTESIAN_POINT('',(4.950087838094E-02,0.202,-0.146606023088));
#5556 = CARTESIAN_POINT('',(4.950087838094E-02,0.2,-0.146606023088));
#5557 = CARTESIAN_POINT('',(4.947582068706E-02,0.202,-0.155868821544));
#5558 = CARTESIAN_POINT('',(4.947582068706E-02,0.2,-0.155868821544));
#5559 = CARTESIAN_POINT('',(4.910613591798E-02,0.202,-0.169110662483));
#5560 = CARTESIAN_POINT('',(4.910613591798E-02,0.2,-0.169110662483));
#5561 = CARTESIAN_POINT('',(4.855117902759E-02,0.202,-0.181084137227));
#5562 = CARTESIAN_POINT('',(4.855117902759E-02,0.2,-0.181084137227));
#5563 = CARTESIAN_POINT('',(4.781200548783E-02,0.202,-0.191793743895));
#5564 = CARTESIAN_POINT('',(4.781200548783E-02,0.2,-0.191793743895));
#5565 = CARTESIAN_POINT('',(4.680251094367E-02,0.202,-0.201234543764));
#5566 = CARTESIAN_POINT('',(4.680251094367E-02,0.2,-0.201234543764));
#5567 = CARTESIAN_POINT('',(4.557381283073E-02,0.202,-0.209405715408));
#5568 = CARTESIAN_POINT('',(4.557381283073E-02,0.2,-0.209405715408));
#5569 = CARTESIAN_POINT('',(4.421258706468E-02,0.202,-0.216323276481));
#5570 = CARTESIAN_POINT('',(4.421258706468E-02,0.2,-0.216323276481));
#5571 = CARTESIAN_POINT('',(4.246255381799E-02,0.202,-0.222047620593));
#5572 = CARTESIAN_POINT('',(4.246255381799E-02,0.2,-0.222047620593));
#5573 = CARTESIAN_POINT('',(4.061272248209E-02,0.202,-0.226846565338));
#5574 = CARTESIAN_POINT('',(4.061272248209E-02,0.2,-0.226846565338));
#5575 = CARTESIAN_POINT('',(3.851312435099E-02,0.202,-0.230874839461));
#5576 = CARTESIAN_POINT('',(3.851312435099E-02,0.2,-0.230874839461));
#5577 = CARTESIAN_POINT('',(3.640611407695E-02,0.202,-0.234360490577));
#5578 = CARTESIAN_POINT('',(3.640611407695E-02,0.2,-0.234360490577));
#5579 = CARTESIAN_POINT('',(3.404864244735E-02,0.202,-0.237203158926));
#5580 = CARTESIAN_POINT('',(3.404864244735E-02,0.2,-0.237203158926));
#5581 = CARTESIAN_POINT('',(3.154910443291E-02,0.202,-0.239441386564));
#5582 = CARTESIAN_POINT('',(3.154910443291E-02,0.2,-0.239441386564));
#5583 = CARTESIAN_POINT('',(2.884783817127E-02,0.202,-0.241049154675));
#5584 = CARTESIAN_POINT('',(2.884783817127E-02,0.2,-0.241049154675));
#5585 = CARTESIAN_POINT('',(2.598094523055E-02,0.202,-0.24201644677));
#5586 = CARTESIAN_POINT('',(2.598094523055E-02,0.2,-0.24201644677));
#5587 = CARTESIAN_POINT('',(2.40023908917E-02,0.202,-0.242137291315));
#5588 = CARTESIAN_POINT('',(2.40023908917E-02,0.2,-0.242137291315));
#5589 = CARTESIAN_POINT('',(2.30178857461E-02,0.202,-0.242197422125));
#5590 = CARTESIAN_POINT('',(2.30178857461E-02,0.2,-0.242197422125));
#5591 = ADVANCED_FACE('',(#5592),#5611,.T.);
#5592 = FACE_BOUND('',#5593,.T.);
#5593 = EDGE_LOOP('',(#5594,#5608,#5609,#5610));
#5594 = ORIENTED_EDGE('',*,*,#5595,.F.);
#5595 = EDGE_CURVE('',#5522,#5317,#5596,.T.);
#5596 = B_SPLINE_CURVE_WITH_KNOTS('',3,(#5597,#5598,#5599,#5600,#5601,
    #5602,#5603,#5604,#5605,#5606,#5607),.UNSPECIFIED.,.F.,.F.,(4,1,1,1,
    1,1,1,1,4),(0.,0.10084415503,0.20209669549,0.308076466598,
    0.419904889368,0.544656315619,0.680307883162,0.833031952295,1.),
  .UNSPECIFIED.);
#5597 = CARTESIAN_POINT('',(2.30178857461E-02,0.2,-0.242197422125));
#5598 = CARTESIAN_POINT('',(2.21026497084E-02,0.2,-0.24215201295));
#5599 = CARTESIAN_POINT('',(2.026847123014E-02,0.2,-0.242061010707));
#5600 = CARTESIAN_POINT('',(1.758832718343E-02,0.2,-0.241181388084));
#5601 = CARTESIAN_POINT('',(1.505621532711E-02,0.2,-0.239768087358));
#5602 = CARTESIAN_POINT('',(1.262728015739E-02,0.2,-0.237811531694));
#5603 = CARTESIAN_POINT('',(1.041528853349E-02,0.2,-0.235255534751));
#5604 = CARTESIAN_POINT('',(8.20768020329E-03,0.2,-0.232231492463));
#5605 = CARTESIAN_POINT('',(6.174796389533E-03,0.2,-0.228633060841));
#5606 = CARTESIAN_POINT('',(5.004617609382E-03,0.2,-0.225984995133));
#5607 = CARTESIAN_POINT('',(4.393459385277E-03,0.2,-0.224601969597));
#5608 = ORIENTED_EDGE('',*,*,#5547,.F.);
#5609 = ORIENTED_EDGE('',*,*,#4983,.T.);
#5610 = ORIENTED_EDGE('',*,*,#5334,.T.);
#5611 = B_SPLINE_SURFACE_WITH_KNOTS('',3,1,(
    (#5612,#5613)
    ,(#5614,#5615)
    ,(#5616,#5617)
    ,(#5618,#5619)
    ,(#5620,#5621)
    ,(#5622,#5623)
    ,(#5624,#5625)
    ,(#5626,#5627)
    ,(#5628,#5629)
    ,(#5630,#5631)
    ,(#5632,#5633
  )),.UNSPECIFIED.,.F.,.F.,.F.,(4,1,1,1,1,1,1,1,4),(2,2),(0.,
    0.10084415503,0.20209669549,0.308076466598,0.419904889368,
    0.544656315619,0.680307883162,0.833031952295,1.),(0.,1.),
  .UNSPECIFIED.);
#5612 = CARTESIAN_POINT('',(2.30178857461E-02,0.202,-0.242197422125));
#5613 = CARTESIAN_POINT('',(2.30178857461E-02,0.2,-0.242197422125));
#5614 = CARTESIAN_POINT('',(2.21026497084E-02,0.202,-0.24215201295));
#5615 = CARTESIAN_POINT('',(2.21026497084E-02,0.2,-0.24215201295));
#5616 = CARTESIAN_POINT('',(2.026847123014E-02,0.202,-0.242061010707));
#5617 = CARTESIAN_POINT('',(2.026847123014E-02,0.2,-0.242061010707));
#5618 = CARTESIAN_POINT('',(1.758832718343E-02,0.202,-0.241181388084));
#5619 = CARTESIAN_POINT('',(1.758832718343E-02,0.2,-0.241181388084));
#5620 = CARTESIAN_POINT('',(1.505621532711E-02,0.202,-0.239768087358));
#5621 = CARTESIAN_POINT('',(1.505621532711E-02,0.2,-0.239768087358));
#5622 = CARTESIAN_POINT('',(1.262728015739E-02,0.202,-0.237811531694));
#5623 = CARTESIAN_POINT('',(1.262728015739E-02,0.2,-0.237811531694));
#5624 = CARTESIAN_POINT('',(1.041528853349E-02,0.202,-0.235255534751));
#5625 = CARTESIAN_POINT('',(1.041528853349E-02,0.2,-0.235255534751));
#5626 = CARTESIAN_POINT('',(8.20768020329E-03,0.202,-0.232231492463));
#5627 = CARTESIAN_POINT('',(8.20768020329E-03,0.2,-0.232231492463));
#5628 = CARTESIAN_POINT('',(6.174796389533E-03,0.202,-0.228633060841));
#5629 = CARTESIAN_POINT('',(6.174796389533E-03,0.2,-0.228633060841));
#5630 = CARTESIAN_POINT('',(5.004617609382E-03,0.202,-0.225984995133));
#5631 = CARTESIAN_POINT('',(5.004617609382E-03,0.2,-0.225984995133));
#5632 = CARTESIAN_POINT('',(4.393459385277E-03,0.202,-0.224601969597));
#5633 = CARTESIAN_POINT('',(4.393459385277E-03,0.2,-0.224601969597));
#5634 = ADVANCED_FACE('',(#5635),#5642,.T.);
#5635 = FACE_BOUND('',#5636,.T.);
#5636 = EDGE_LOOP('',(#5637,#5638,#5639,#5640,#5641));
#5637 = ORIENTED_EDGE('',*,*,#5316,.T.);
#5638 = ORIENTED_EDGE('',*,*,#5373,.T.);
#5639 = ORIENTED_EDGE('',*,*,#5447,.T.);
#5640 = ORIENTED_EDGE('',*,*,#5521,.T.);
#5641 = ORIENTED_EDGE('',*,*,#5595,.T.);
#5642 = PLANE('',#5643);
#5643 = AXIS2_PLACEMENT_3D('',#5644,#5645,#5646);
#5644 = CARTESIAN_POINT('',(-0.5,0.2,0.3));
#5645 = DIRECTION('',(0.,1.,0.));
#5646 = DIRECTION('',(0.,-0.,1.));
#5647 = ADVANCED_FACE('',(#5648),#5673,.T.);
#5648 = FACE_BOUND('',#5649,.T.);
#5649 = EDGE_LOOP('',(#5650,#5651,#5659,#5667));
#5650 = ORIENTED_EDGE('',*,*,#2989,.F.);
#5651 = ORIENTED_EDGE('',*,*,#5652,.F.);
#5652 = EDGE_CURVE('',#5653,#2990,#5655,.T.);
#5653 = VERTEX_POINT('',#5654);
#5654 = CARTESIAN_POINT('',(0.102248870817,0.202,-4.792716262687E-02));
#5655 = LINE('',#5656,#5657);
#5656 = CARTESIAN_POINT('',(0.102248870817,0.202,-4.792716262687E-02));
#5657 = VECTOR('',#5658,1.);
#5658 = DIRECTION('',(-0.,-1.,-0.));
#5659 = ORIENTED_EDGE('',*,*,#5660,.T.);
#5660 = EDGE_CURVE('',#5653,#5661,#5663,.T.);
#5661 = VERTEX_POINT('',#5662);
#5662 = CARTESIAN_POINT('',(0.161466314854,0.202,-4.792716262687E-02));
#5663 = LINE('',#5664,#5665);
#5664 = CARTESIAN_POINT('',(0.102248870817,0.202,-4.792716262687E-02));
#5665 = VECTOR('',#5666,1.);
#5666 = DIRECTION('',(1.,0.,0.));
#5667 = ORIENTED_EDGE('',*,*,#5668,.T.);
#5668 = EDGE_CURVE('',#5661,#2992,#5669,.T.);
#5669 = LINE('',#5670,#5671);
#5670 = CARTESIAN_POINT('',(0.161466314854,0.202,-4.792716262687E-02));
#5671 = VECTOR('',#5672,1.);
#5672 = DIRECTION('',(-0.,-1.,-0.));
#5673 = PLANE('',#5674);
#5674 = AXIS2_PLACEMENT_3D('',#5675,#5676,#5677);
#5675 = CARTESIAN_POINT('',(0.102248870817,0.202,-4.792716262687E-02));
#5676 = DIRECTION('',(0.,0.,-1.));
#5677 = DIRECTION('',(-1.,0.,-0.));
#5678 = ADVANCED_FACE('',(#5679),#5707,.T.);
#5679 = FACE_BOUND('',#5680,.T.);
#5680 = EDGE_LOOP('',(#5681,#5682,#5690,#5706));
#5681 = ORIENTED_EDGE('',*,*,#3181,.F.);
#5682 = ORIENTED_EDGE('',*,*,#5683,.F.);
#5683 = EDGE_CURVE('',#5684,#3158,#5686,.T.);
#5684 = VERTEX_POINT('',#5685);
#5685 = CARTESIAN_POINT('',(0.125349333347,0.202,-9.556865105262E-02));
#5686 = LINE('',#5687,#5688);
#5687 = CARTESIAN_POINT('',(0.125349333347,0.202,-9.556865105262E-02));
#5688 = VECTOR('',#5689,1.);
#5689 = DIRECTION('',(-0.,-1.,-0.));
#5690 = ORIENTED_EDGE('',*,*,#5691,.T.);
#5691 = EDGE_CURVE('',#5684,#5653,#5692,.T.);
#5692 = B_SPLINE_CURVE_WITH_KNOTS('',3,(#5693,#5694,#5695,#5696,#5697,
    #5698,#5699,#5700,#5701,#5702,#5703,#5704,#5705),.UNSPECIFIED.,.F.,
  .F.,(4,1,1,1,1,1,1,1,1,1,4),(0.,0.120718915728,0.230488549845,
    0.331128925833,0.420000918438,0.498433782832,0.565988432736,
    0.624444383586,0.671241207869,0.836480349345,1.),.UNSPECIFIED.);
#5693 = CARTESIAN_POINT('',(0.125349333347,0.202,-9.556865105262E-02));
#5694 = CARTESIAN_POINT('',(0.124245411599,0.202,-9.37373868827E-02));
#5695 = CARTESIAN_POINT('',(0.122137694499,0.202,-9.024095535528E-02));
#5696 = CARTESIAN_POINT('',(0.119209427691,0.202,-8.515909635893E-02));
#5697 = CARTESIAN_POINT('',(0.116538472756,0.202,-8.058000192625E-02));
#5698 = CARTESIAN_POINT('',(0.114223711786,0.202,-7.643697430008E-02));
#5699 = CARTESIAN_POINT('',(0.112194725068,0.202,-7.280467705038E-02));
#5700 = CARTESIAN_POINT('',(0.110555975861,0.202,-6.957534177994E-02));
#5701 = CARTESIAN_POINT('',(0.109159443066,0.202,-6.685094401054E-02));
#5702 = CARTESIAN_POINT('',(0.107192819833,0.202,-6.248114215687E-02));
#5703 = CARTESIAN_POINT('',(0.104775519088,0.202,-5.627454811275E-02));
#5704 = CARTESIAN_POINT('',(0.103088145111,0.202,-5.069990552987E-02));
#5705 = CARTESIAN_POINT('',(0.102248870817,0.202,-4.792716262687E-02));
#5706 = ORIENTED_EDGE('',*,*,#5652,.T.);
#5707 = B_SPLINE_SURFACE_WITH_KNOTS('',3,1,(
    (#5708,#5709)
    ,(#5710,#5711)
    ,(#5712,#5713)
    ,(#5714,#5715)
    ,(#5716,#5717)
    ,(#5718,#5719)
    ,(#5720,#5721)
    ,(#5722,#5723)
    ,(#5724,#5725)
    ,(#5726,#5727)
    ,(#5728,#5729)
    ,(#5730,#5731)
    ,(#5732,#5733
    )),.UNSPECIFIED.,.F.,.F.,.F.,(4,1,1,1,1,1,1,1,1,1,4),(2,2),(0.,
    0.120718915728,0.230488549845,0.331128925833,0.420000918438,
    0.498433782832,0.565988432736,0.624444383586,0.671241207869,
    0.836480349345,1.),(0.,1.),.UNSPECIFIED.);
#5708 = CARTESIAN_POINT('',(0.125349333347,0.202,-9.556865105262E-02));
#5709 = CARTESIAN_POINT('',(0.125349333347,0.2,-9.556865105262E-02));
#5710 = CARTESIAN_POINT('',(0.124245411599,0.202,-9.37373868827E-02));
#5711 = CARTESIAN_POINT('',(0.124245411599,0.2,-9.37373868827E-02));
#5712 = CARTESIAN_POINT('',(0.122137694499,0.202,-9.024095535528E-02));
#5713 = CARTESIAN_POINT('',(0.122137694499,0.2,-9.024095535528E-02));
#5714 = CARTESIAN_POINT('',(0.119209427691,0.202,-8.515909635893E-02));
#5715 = CARTESIAN_POINT('',(0.119209427691,0.2,-8.515909635893E-02));
#5716 = CARTESIAN_POINT('',(0.116538472756,0.202,-8.058000192625E-02));
#5717 = CARTESIAN_POINT('',(0.116538472756,0.2,-8.058000192625E-02));
#5718 = CARTESIAN_POINT('',(0.114223711786,0.202,-7.643697430008E-02));
#5719 = CARTESIAN_POINT('',(0.114223711786,0.2,-7.643697430008E-02));
#5720 = CARTESIAN_POINT('',(0.112194725068,0.202,-7.280467705038E-02));
#5721 = CARTESIAN_POINT('',(0.112194725068,0.2,-7.280467705038E-02));
#5722 = CARTESIAN_POINT('',(0.110555975861,0.202,-6.957534177994E-02));
#5723 = CARTESIAN_POINT('',(0.110555975861,0.2,-6.957534177994E-02));
#5724 = CARTESIAN_POINT('',(0.109159443066,0.202,-6.685094401054E-02));
#5725 = CARTESIAN_POINT('',(0.109159443066,0.2,-6.685094401054E-02));
#5726 = CARTESIAN_POINT('',(0.107192819833,0.202,-6.248114215687E-02));
#5727 = CARTESIAN_POINT('',(0.107192819833,0.2,-6.248114215687E-02));
#5728 = CARTESIAN_POINT('',(0.104775519088,0.202,-5.627454811275E-02));
#5729 = CARTESIAN_POINT('',(0.104775519088,0.2,-5.627454811275E-02));
#5730 = CARTESIAN_POINT('',(0.103088145111,0.202,-5.069990552987E-02));
#5731 = CARTESIAN_POINT('',(0.103088145111,0.2,-5.069990552987E-02));
#5732 = CARTESIAN_POINT('',(0.102248870817,0.202,-4.792716262687E-02));
#5733 = CARTESIAN_POINT('',(0.102248870817,0.2,-4.792716262687E-02));
#5734 = ADVANCED_FACE('',(#5735),#5769,.T.);
#5735 = FACE_BOUND('',#5736,.T.);
#5736 = EDGE_LOOP('',(#5737,#5738,#5746,#5768));
#5737 = ORIENTED_EDGE('',*,*,#3157,.F.);
#5738 = ORIENTED_EDGE('',*,*,#5739,.F.);
#5739 = EDGE_CURVE('',#5740,#3134,#5742,.T.);
#5740 = VERTEX_POINT('',#5741);
#5741 = CARTESIAN_POINT('',(0.161466314854,0.202,-0.200935571459));
#5742 = LINE('',#5743,#5744);
#5743 = CARTESIAN_POINT('',(0.161466314854,0.202,-0.200935571459));
#5744 = VECTOR('',#5745,1.);
#5745 = DIRECTION('',(-0.,-1.,-0.));
#5746 = ORIENTED_EDGE('',*,*,#5747,.T.);
#5747 = EDGE_CURVE('',#5740,#5684,#5748,.T.);
#5748 = B_SPLINE_CURVE_WITH_KNOTS('',3,(#5749,#5750,#5751,#5752,#5753,
    #5754,#5755,#5756,#5757,#5758,#5759,#5760,#5761,#5762,#5763,#5764,
    #5765,#5766,#5767),.UNSPECIFIED.,.F.,.F.,(4,1,1,1,1,1,1,1,1,1,1,1,1,
    1,1,1,4),(0.,6.750908234015E-02,0.134724947484,0.201858792017,
    0.269029790366,0.337045140385,0.408453069392,0.482435078242,
    0.560337603885,0.601773751253,0.64725492301,0.695993184542,
    0.749217512339,0.805920096285,0.866913590022,0.931618809511,1.),
  .UNSPECIFIED.);
#5749 = CARTESIAN_POINT('',(0.161466314854,0.202,-0.200935571459));
#5750 = CARTESIAN_POINT('',(0.161421936131,0.202,-0.198396563957));
#5751 = CARTESIAN_POINT('',(0.161333371438,0.202,-0.193329576813));
#5752 = CARTESIAN_POINT('',(0.160767105624,0.202,-0.185753305913));
#5753 = CARTESIAN_POINT('',(0.159768579299,0.202,-0.178237544618));
#5754 = CARTESIAN_POINT('',(0.158454365956,0.202,-0.170738801002));
#5755 = CARTESIAN_POINT('',(0.156614362533,0.202,-0.163184040182));
#5756 = CARTESIAN_POINT('',(0.154289919232,0.202,-0.155499055818));
#5757 = CARTESIAN_POINT('',(0.151511061581,0.202,-0.147569583564));
#5758 = CARTESIAN_POINT('',(0.148705088084,0.202,-0.140859049446));
#5759 = CARTESIAN_POINT('',(0.146200362922,0.202,-0.13518807096));
#5760 = CARTESIAN_POINT('',(0.143971744887,0.202,-0.130597746444));
#5761 = CARTESIAN_POINT('',(0.141549158495,0.202,-0.125609521821));
#5762 = CARTESIAN_POINT('',(0.138834950196,0.202,-0.120294384856));
#5763 = CARTESIAN_POINT('',(0.135817500988,0.202,-0.114618226325));
#5764 = CARTESIAN_POINT('',(0.132617811225,0.202,-0.108549365528));
#5765 = CARTESIAN_POINT('',(0.129030462805,0.202,-0.102191643622));
#5766 = CARTESIAN_POINT('',(0.126598765087,0.202,-9.781659620822E-02));
#5767 = CARTESIAN_POINT('',(0.125349333347,0.202,-9.556865105262E-02));
#5768 = ORIENTED_EDGE('',*,*,#5683,.T.);
#5769 = B_SPLINE_SURFACE_WITH_KNOTS('',3,1,(
    (#5770,#5771)
    ,(#5772,#5773)
    ,(#5774,#5775)
    ,(#5776,#5777)
    ,(#5778,#5779)
    ,(#5780,#5781)
    ,(#5782,#5783)
    ,(#5784,#5785)
    ,(#5786,#5787)
    ,(#5788,#5789)
    ,(#5790,#5791)
    ,(#5792,#5793)
    ,(#5794,#5795)
    ,(#5796,#5797)
    ,(#5798,#5799)
    ,(#5800,#5801)
    ,(#5802,#5803)
    ,(#5804,#5805)
    ,(#5806,#5807
    )),.UNSPECIFIED.,.F.,.F.,.F.,(4,1,1,1,1,1,1,1,1,1,1,1,1,1,1,1,4),(2,
    2),(0.,6.750908234015E-02,0.134724947484,0.201858792017,
    0.269029790366,0.337045140385,0.408453069392,0.482435078242,
    0.560337603885,0.601773751253,0.64725492301,0.695993184542,
    0.749217512339,0.805920096285,0.866913590022,0.931618809511,1.),(0.,
    1.),.UNSPECIFIED.);
#5770 = CARTESIAN_POINT('',(0.161466314854,0.202,-0.200935571459));
#5771 = CARTESIAN_POINT('',(0.161466314854,0.2,-0.200935571459));
#5772 = CARTESIAN_POINT('',(0.161421936131,0.202,-0.198396563957));
#5773 = CARTESIAN_POINT('',(0.161421936131,0.2,-0.198396563957));
#5774 = CARTESIAN_POINT('',(0.161333371438,0.202,-0.193329576813));
#5775 = CARTESIAN_POINT('',(0.161333371438,0.2,-0.193329576813));
#5776 = CARTESIAN_POINT('',(0.160767105624,0.202,-0.185753305913));
#5777 = CARTESIAN_POINT('',(0.160767105624,0.2,-0.185753305913));
#5778 = CARTESIAN_POINT('',(0.159768579299,0.202,-0.178237544618));
#5779 = CARTESIAN_POINT('',(0.159768579299,0.2,-0.178237544618));
#5780 = CARTESIAN_POINT('',(0.158454365956,0.202,-0.170738801002));
#5781 = CARTESIAN_POINT('',(0.158454365956,0.2,-0.170738801002));
#5782 = CARTESIAN_POINT('',(0.156614362533,0.202,-0.163184040182));
#5783 = CARTESIAN_POINT('',(0.156614362533,0.2,-0.163184040182));
#5784 = CARTESIAN_POINT('',(0.154289919232,0.202,-0.155499055818));
#5785 = CARTESIAN_POINT('',(0.154289919232,0.2,-0.155499055818));
#5786 = CARTESIAN_POINT('',(0.151511061581,0.202,-0.147569583564));
#5787 = CARTESIAN_POINT('',(0.151511061581,0.2,-0.147569583564));
#5788 = CARTESIAN_POINT('',(0.148705088084,0.202,-0.140859049446));
#5789 = CARTESIAN_POINT('',(0.148705088084,0.2,-0.140859049446));
#5790 = CARTESIAN_POINT('',(0.146200362922,0.202,-0.13518807096));
#5791 = CARTESIAN_POINT('',(0.146200362922,0.2,-0.13518807096));
#5792 = CARTESIAN_POINT('',(0.143971744887,0.202,-0.130597746444));
#5793 = CARTESIAN_POINT('',(0.143971744887,0.2,-0.130597746444));
#5794 = CARTESIAN_POINT('',(0.141549158495,0.202,-0.125609521821));
#5795 = CARTESIAN_POINT('',(0.141549158495,0.2,-0.125609521821));
#5796 = CARTESIAN_POINT('',(0.138834950196,0.202,-0.120294384856));
#5797 = CARTESIAN_POINT('',(0.138834950196,0.2,-0.120294384856));
#5798 = CARTESIAN_POINT('',(0.135817500988,0.202,-0.114618226325));
#5799 = CARTESIAN_POINT('',(0.135817500988,0.2,-0.114618226325));
#5800 = CARTESIAN_POINT('',(0.132617811225,0.202,-0.108549365528));
#5801 = CARTESIAN_POINT('',(0.132617811225,0.2,-0.108549365528));
#5802 = CARTESIAN_POINT('',(0.129030462805,0.202,-0.102191643622));
#5803 = CARTESIAN_POINT('',(0.129030462805,0.2,-0.102191643622));
#5804 = CARTESIAN_POINT('',(0.126598765087,0.202,-9.781659620822E-02));
#5805 = CARTESIAN_POINT('',(0.126598765087,0.2,-9.781659620822E-02));
#5806 = CARTESIAN_POINT('',(0.125349333347,0.202,-9.556865105262E-02));
#5807 = CARTESIAN_POINT('',(0.125349333347,0.2,-9.556865105262E-02));
#5808 = ADVANCED_FACE('',(#5809),#5843,.T.);
#5809 = FACE_BOUND('',#5810,.T.);
#5810 = EDGE_LOOP('',(#5811,#5812,#5820,#5842));
#5811 = ORIENTED_EDGE('',*,*,#3133,.F.);
#5812 = ORIENTED_EDGE('',*,*,#5813,.F.);
#5813 = EDGE_CURVE('',#5814,#3110,#5816,.T.);
#5814 = VERTEX_POINT('',#5815);
#5815 = CARTESIAN_POINT('',(0.122776898767,0.202,-0.27183186849));
#5816 = LINE('',#5817,#5818);
#5817 = CARTESIAN_POINT('',(0.122776898767,0.202,-0.27183186849));
#5818 = VECTOR('',#5819,1.);
#5819 = DIRECTION('',(-0.,-1.,-0.));
#5820 = ORIENTED_EDGE('',*,*,#5821,.T.);
#5821 = EDGE_CURVE('',#5814,#5740,#5822,.T.);
#5822 = B_SPLINE_CURVE_WITH_KNOTS('',3,(#5823,#5824,#5825,#5826,#5827,
    #5828,#5829,#5830,#5831,#5832,#5833,#5834,#5835,#5836,#5837,#5838,
    #5839,#5840,#5841),.UNSPECIFIED.,.F.,.F.,(4,1,1,1,1,1,1,1,1,1,1,1,1,
    1,1,1,4),(0.,4.875205772486E-02,9.635283622945E-02,0.143869053699,
    0.191921798359,0.242029844884,0.295301846163,0.352167461222,
    0.414134821555,0.479394839778,0.546270468299,0.615306156064,
    0.686077354067,0.760123121272,0.837098124889,0.916619344078,1.),
  .UNSPECIFIED.);
#5823 = CARTESIAN_POINT('',(0.122776898767,0.202,-0.27183186849));
#5824 = CARTESIAN_POINT('',(0.124223549764,0.202,-0.271779248557));
#5825 = CARTESIAN_POINT('',(0.127082689113,0.202,-0.271675251311));
#5826 = CARTESIAN_POINT('',(0.131245291387,0.202,-0.27064025607));
#5827 = CARTESIAN_POINT('',(0.135187801642,0.202,-0.26904536368));
#5828 = CARTESIAN_POINT('',(0.138900645466,0.202,-0.266802219188));
#5829 = CARTESIAN_POINT('',(0.142304274399,0.202,-0.263856181789));
#5830 = CARTESIAN_POINT('',(0.145509411883,0.202,-0.26034009132));
#5831 = CARTESIAN_POINT('',(0.148453074236,0.202,-0.256162147568));
#5832 = CARTESIAN_POINT('',(0.151125752605,0.202,-0.251401744959));
#5833 = CARTESIAN_POINT('',(0.153585421152,0.202,-0.246197909529));
#5834 = CARTESIAN_POINT('',(0.155677900259,0.202,-0.240612313895));
#5835 = CARTESIAN_POINT('',(0.15748684778,0.202,-0.234758585617));
#5836 = CARTESIAN_POINT('',(0.158920737978,0.202,-0.228583036639));
#5837 = CARTESIAN_POINT('',(0.16004649477,0.202,-0.222106510255));
#5838 = CARTESIAN_POINT('',(0.160852646748,0.202,-0.21532262278));
#5839 = CARTESIAN_POINT('',(0.161398343792,0.202,-0.20823304513));
#5840 = CARTESIAN_POINT('',(0.16144330278,0.202,-0.203406181691));
#5841 = CARTESIAN_POINT('',(0.161466314854,0.202,-0.200935571459));
#5842 = ORIENTED_EDGE('',*,*,#5739,.T.);
#5843 = B_SPLINE_SURFACE_WITH_KNOTS('',3,1,(
    (#5844,#5845)
    ,(#5846,#5847)
    ,(#5848,#5849)
    ,(#5850,#5851)
    ,(#5852,#5853)
    ,(#5854,#5855)
    ,(#5856,#5857)
    ,(#5858,#5859)
    ,(#5860,#5861)
    ,(#5862,#5863)
    ,(#5864,#5865)
    ,(#5866,#5867)
    ,(#5868,#5869)
    ,(#5870,#5871)
    ,(#5872,#5873)
    ,(#5874,#5875)
    ,(#5876,#5877)
    ,(#5878,#5879)
    ,(#5880,#5881
    )),.UNSPECIFIED.,.F.,.F.,.F.,(4,1,1,1,1,1,1,1,1,1,1,1,1,1,1,1,4),(2,
    2),(0.,4.875205772486E-02,9.635283622945E-02,0.143869053699,
    0.191921798359,0.242029844884,0.295301846163,0.352167461222,
    0.414134821555,0.479394839778,0.546270468299,0.615306156064,
    0.686077354067,0.760123121272,0.837098124889,0.916619344078,1.),(0.,
    1.),.UNSPECIFIED.);
#5844 = CARTESIAN_POINT('',(0.122776898767,0.202,-0.27183186849));
#5845 = CARTESIAN_POINT('',(0.122776898767,0.2,-0.27183186849));
#5846 = CARTESIAN_POINT('',(0.124223549764,0.202,-0.271779248557));
#5847 = CARTESIAN_POINT('',(0.124223549764,0.2,-0.271779248557));
#5848 = CARTESIAN_POINT('',(0.127082689113,0.202,-0.271675251311));
#5849 = CARTESIAN_POINT('',(0.127082689113,0.2,-0.271675251311));
#5850 = CARTESIAN_POINT('',(0.131245291387,0.202,-0.27064025607));
#5851 = CARTESIAN_POINT('',(0.131245291387,0.2,-0.27064025607));
#5852 = CARTESIAN_POINT('',(0.135187801642,0.202,-0.26904536368));
#5853 = CARTESIAN_POINT('',(0.135187801642,0.2,-0.26904536368));
#5854 = CARTESIAN_POINT('',(0.138900645466,0.202,-0.266802219188));
#5855 = CARTESIAN_POINT('',(0.138900645466,0.2,-0.266802219188));
#5856 = CARTESIAN_POINT('',(0.142304274399,0.202,-0.263856181789));
#5857 = CARTESIAN_POINT('',(0.142304274399,0.2,-0.263856181789));
#5858 = CARTESIAN_POINT('',(0.145509411883,0.202,-0.26034009132));
#5859 = CARTESIAN_POINT('',(0.145509411883,0.2,-0.26034009132));
#5860 = CARTESIAN_POINT('',(0.148453074236,0.202,-0.256162147568));
#5861 = CARTESIAN_POINT('',(0.148453074236,0.2,-0.256162147568));
#5862 = CARTESIAN_POINT('',(0.151125752605,0.202,-0.251401744959));
#5863 = CARTESIAN_POINT('',(0.151125752605,0.2,-0.251401744959));
#5864 = CARTESIAN_POINT('',(0.153585421152,0.202,-0.246197909529));
#5865 = CARTESIAN_POINT('',(0.153585421152,0.2,-0.246197909529));
#5866 = CARTESIAN_POINT('',(0.155677900259,0.202,-0.240612313895));
#5867 = CARTESIAN_POINT('',(0.155677900259,0.2,-0.240612313895));
#5868 = CARTESIAN_POINT('',(0.15748684778,0.202,-0.234758585617));
#5869 = CARTESIAN_POINT('',(0.15748684778,0.2,-0.234758585617));
#5870 = CARTESIAN_POINT('',(0.158920737978,0.202,-0.228583036639));
#5871 = CARTESIAN_POINT('',(0.158920737978,0.2,-0.228583036639));
#5872 = CARTESIAN_POINT('',(0.16004649477,0.202,-0.222106510255));
#5873 = CARTESIAN_POINT('',(0.16004649477,0.2,-0.222106510255));
#5874 = CARTESIAN_POINT('',(0.160852646748,0.202,-0.21532262278));
#5875 = CARTESIAN_POINT('',(0.160852646748,0.2,-0.21532262278));
#5876 = CARTESIAN_POINT('',(0.161398343792,0.202,-0.20823304513));
#5877 = CARTESIAN_POINT('',(0.161398343792,0.2,-0.20823304513));
#5878 = CARTESIAN_POINT('',(0.16144330278,0.202,-0.203406181691));
#5879 = CARTESIAN_POINT('',(0.16144330278,0.2,-0.203406181691));
#5880 = CARTESIAN_POINT('',(0.161466314854,0.202,-0.200935571459));
#5881 = CARTESIAN_POINT('',(0.161466314854,0.2,-0.200935571459));
#5882 = ADVANCED_FACE('',(#5883),#5917,.T.);
#5883 = FACE_BOUND('',#5884,.T.);
#5884 = EDGE_LOOP('',(#5885,#5886,#5894,#5916));
#5885 = ORIENTED_EDGE('',*,*,#3109,.F.);
#5886 = ORIENTED_EDGE('',*,*,#5887,.F.);
#5887 = EDGE_CURVE('',#5888,#3102,#5890,.T.);
#5888 = VERTEX_POINT('',#5889);
#5889 = CARTESIAN_POINT('',(8.244112454928E-02,0.202,-0.19939211071));
#5890 = LINE('',#5891,#5892);
#5891 = CARTESIAN_POINT('',(8.244112454928E-02,0.202,-0.19939211071));
#5892 = VECTOR('',#5893,1.);
#5893 = DIRECTION('',(-0.,-1.,-0.));
#5894 = ORIENTED_EDGE('',*,*,#5895,.T.);
#5895 = EDGE_CURVE('',#5888,#5814,#5896,.T.);
#5896 = B_SPLINE_CURVE_WITH_KNOTS('',3,(#5897,#5898,#5899,#5900,#5901,
    #5902,#5903,#5904,#5905,#5906,#5907,#5908,#5909,#5910,#5911,#5912,
    #5913,#5914,#5915),.UNSPECIFIED.,.F.,.F.,(4,1,1,1,1,1,1,1,1,1,1,1,1,
    1,1,1,4),(0.,9.432902598762E-02,0.182748633766,0.265997802531,
    0.344068016413,0.417366503603,0.486191277482,0.550166000079,
    0.61017929166,0.666658513877,0.719228334946,0.768666045026,
    0.816142116676,0.861816192868,0.906954658765,0.95251723262,1.),
  .UNSPECIFIED.);
#5897 = CARTESIAN_POINT('',(8.244112454928E-02,0.202,-0.19939211071));
#5898 = CARTESIAN_POINT('',(8.2587774957E-02,0.202,-0.202257756081));
#5899 = CARTESIAN_POINT('',(8.287188858346E-02,0.202,-0.207809523111));
#5900 = CARTESIAN_POINT('',(8.369262524288E-02,0.202,-0.215862996864));
#5901 = CARTESIAN_POINT('',(8.484822228745E-02,0.202,-0.223372107621));
#5902 = CARTESIAN_POINT('',(8.614397177554E-02,0.202,-0.230392259923));
#5903 = CARTESIAN_POINT('',(8.778661697897E-02,0.202,-0.236890751221));
#5904 = CARTESIAN_POINT('',(8.973133998574E-02,0.202,-0.242855060497));
#5905 = CARTESIAN_POINT('',(9.194332065806E-02,0.202,-0.248292931599));
#5906 = CARTESIAN_POINT('',(9.441421124653E-02,0.202,-0.253200073856));
#5907 = CARTESIAN_POINT('',(9.710608943255E-02,0.202,-0.257593249898));
#5908 = CARTESIAN_POINT('',(0.100117258138,0.202,-0.261371320213));
#5909 = CARTESIAN_POINT('',(0.103319356749,0.202,-0.264613640147));
#5910 = CARTESIAN_POINT('',(0.10677411706,0.202,-0.26726207319));
#5911 = CARTESIAN_POINT('',(0.110476046677,0.202,-0.269293109317));
#5912 = CARTESIAN_POINT('',(0.114374461941,0.202,-0.270743989566));
#5913 = CARTESIAN_POINT('',(0.118499426288,0.202,-0.271654769584));
#5914 = CARTESIAN_POINT('',(0.121331591969,0.202,-0.271772028887));
#5915 = CARTESIAN_POINT('',(0.122776898767,0.202,-0.27183186849));
#5916 = ORIENTED_EDGE('',*,*,#5813,.T.);
#5917 = B_SPLINE_SURFACE_WITH_KNOTS('',3,1,(
    (#5918,#5919)
    ,(#5920,#5921)
    ,(#5922,#5923)
    ,(#5924,#5925)
    ,(#5926,#5927)
    ,(#5928,#5929)
    ,(#5930,#5931)
    ,(#5932,#5933)
    ,(#5934,#5935)
    ,(#5936,#5937)
    ,(#5938,#5939)
    ,(#5940,#5941)
    ,(#5942,#5943)
    ,(#5944,#5945)
    ,(#5946,#5947)
    ,(#5948,#5949)
    ,(#5950,#5951)
    ,(#5952,#5953)
    ,(#5954,#5955
    )),.UNSPECIFIED.,.F.,.F.,.F.,(4,1,1,1,1,1,1,1,1,1,1,1,1,1,1,1,4),(2,
    2),(0.,9.432902598762E-02,0.182748633766,0.265997802531,
    0.344068016413,0.417366503603,0.486191277482,0.550166000079,
    0.61017929166,0.666658513877,0.719228334946,0.768666045026,
    0.816142116676,0.861816192868,0.906954658765,0.95251723262,1.),(0.,
    1.),.UNSPECIFIED.);
#5918 = CARTESIAN_POINT('',(8.244112454928E-02,0.202,-0.19939211071));
#5919 = CARTESIAN_POINT('',(8.244112454928E-02,0.2,-0.19939211071));
#5920 = CARTESIAN_POINT('',(8.2587774957E-02,0.202,-0.202257756081));
#5921 = CARTESIAN_POINT('',(8.2587774957E-02,0.2,-0.202257756081));
#5922 = CARTESIAN_POINT('',(8.287188858346E-02,0.202,-0.207809523111));
#5923 = CARTESIAN_POINT('',(8.287188858346E-02,0.2,-0.207809523111));
#5924 = CARTESIAN_POINT('',(8.369262524288E-02,0.202,-0.215862996864));
#5925 = CARTESIAN_POINT('',(8.369262524288E-02,0.2,-0.215862996864));
#5926 = CARTESIAN_POINT('',(8.484822228745E-02,0.202,-0.223372107621));
#5927 = CARTESIAN_POINT('',(8.484822228745E-02,0.2,-0.223372107621));
#5928 = CARTESIAN_POINT('',(8.614397177554E-02,0.202,-0.230392259923));
#5929 = CARTESIAN_POINT('',(8.614397177554E-02,0.2,-0.230392259923));
#5930 = CARTESIAN_POINT('',(8.778661697897E-02,0.202,-0.236890751221));
#5931 = CARTESIAN_POINT('',(8.778661697897E-02,0.2,-0.236890751221));
#5932 = CARTESIAN_POINT('',(8.973133998574E-02,0.202,-0.242855060497));
#5933 = CARTESIAN_POINT('',(8.973133998574E-02,0.2,-0.242855060497));
#5934 = CARTESIAN_POINT('',(9.194332065806E-02,0.202,-0.248292931599));
#5935 = CARTESIAN_POINT('',(9.194332065806E-02,0.2,-0.248292931599));
#5936 = CARTESIAN_POINT('',(9.441421124653E-02,0.202,-0.253200073856));
#5937 = CARTESIAN_POINT('',(9.441421124653E-02,0.2,-0.253200073856));
#5938 = CARTESIAN_POINT('',(9.710608943255E-02,0.202,-0.257593249898));
#5939 = CARTESIAN_POINT('',(9.710608943255E-02,0.2,-0.257593249898));
#5940 = CARTESIAN_POINT('',(0.100117258138,0.202,-0.261371320213));
#5941 = CARTESIAN_POINT('',(0.100117258138,0.2,-0.261371320213));
#5942 = CARTESIAN_POINT('',(0.103319356749,0.202,-0.264613640147));
#5943 = CARTESIAN_POINT('',(0.103319356749,0.2,-0.264613640147));
#5944 = CARTESIAN_POINT('',(0.10677411706,0.202,-0.26726207319));
#5945 = CARTESIAN_POINT('',(0.10677411706,0.2,-0.26726207319));
#5946 = CARTESIAN_POINT('',(0.110476046677,0.202,-0.269293109317));
#5947 = CARTESIAN_POINT('',(0.110476046677,0.2,-0.269293109317));
#5948 = CARTESIAN_POINT('',(0.114374461941,0.202,-0.270743989566));
#5949 = CARTESIAN_POINT('',(0.114374461941,0.2,-0.270743989566));
#5950 = CARTESIAN_POINT('',(0.118499426288,0.202,-0.271654769584));
#5951 = CARTESIAN_POINT('',(0.118499426288,0.2,-0.271654769584));
#5952 = CARTESIAN_POINT('',(0.121331591969,0.202,-0.271772028887));
#5953 = CARTESIAN_POINT('',(0.121331591969,0.2,-0.271772028887));
#5954 = CARTESIAN_POINT('',(0.122776898767,0.202,-0.27183186849));
#5955 = CARTESIAN_POINT('',(0.122776898767,0.2,-0.27183186849));
#5956 = ADVANCED_FACE('',(#5957),#5975,.T.);
#5957 = FACE_BOUND('',#5958,.T.);
#5958 = EDGE_LOOP('',(#5959,#5960,#5968,#5974));
#5959 = ORIENTED_EDGE('',*,*,#3101,.F.);
#5960 = ORIENTED_EDGE('',*,*,#5961,.F.);
#5961 = EDGE_CURVE('',#5962,#3082,#5964,.T.);
#5962 = VERTEX_POINT('',#5963);
#5963 = CARTESIAN_POINT('',(9.890470586271E-02,0.202,-0.196099394448));
#5964 = LINE('',#5965,#5966);
#5965 = CARTESIAN_POINT('',(9.890470586271E-02,0.202,-0.196099394448));
#5966 = VECTOR('',#5967,1.);
#5967 = DIRECTION('',(-0.,-1.,-0.));
#5968 = ORIENTED_EDGE('',*,*,#5969,.T.);
#5969 = EDGE_CURVE('',#5962,#5888,#5970,.T.);
#5970 = LINE('',#5971,#5972);
#5971 = CARTESIAN_POINT('',(9.890470586271E-02,0.202,-0.196099394448));
#5972 = VECTOR('',#5973,1.);
#5973 = DIRECTION('',(-0.980580675691,0.,-0.196116135138));
#5974 = ORIENTED_EDGE('',*,*,#5887,.T.);
#5975 = PLANE('',#5976);
#5976 = AXIS2_PLACEMENT_3D('',#5977,#5978,#5979);
#5977 = CARTESIAN_POINT('',(9.890470586271E-02,0.202,-0.196099394448));
#5978 = DIRECTION('',(-0.196116135138,0.,0.980580675691));
#5979 = DIRECTION('',(0.980580675691,0.,0.196116135138));
#5980 = ADVANCED_FACE('',(#5981),#6011,.T.);
#5981 = FACE_BOUND('',#5982,.T.);
#5982 = EDGE_LOOP('',(#5983,#5984,#5992,#6010));
#5983 = ORIENTED_EDGE('',*,*,#3081,.F.);
#5984 = ORIENTED_EDGE('',*,*,#5985,.F.);
#5985 = EDGE_CURVE('',#5986,#3062,#5988,.T.);
#5986 = VERTEX_POINT('',#5987);
#5987 = CARTESIAN_POINT('',(0.122416757926,0.202,-0.242197422125));
#5988 = LINE('',#5989,#5990);
#5989 = CARTESIAN_POINT('',(0.122416757926,0.202,-0.242197422125));
#5990 = VECTOR('',#5991,1.);
#5991 = DIRECTION('',(-0.,-1.,-0.));
#5992 = ORIENTED_EDGE('',*,*,#5993,.T.);
#5993 = EDGE_CURVE('',#5986,#5962,#5994,.T.);
#5994 = B_SPLINE_CURVE_WITH_KNOTS('',3,(#5995,#5996,#5997,#5998,#5999,
    #6000,#6001,#6002,#6003,#6004,#6005,#6006,#6007,#6008,#6009),
  .UNSPECIFIED.,.F.,.F.,(4,1,1,1,1,1,1,1,1,1,1,1,4),(0.,
    4.53526604635E-02,8.987759828737E-02,0.134540029813,0.179202461339,
    0.226668944633,0.277213276612,0.330925518459,0.389242376261,
    0.516520993067,0.659281666995,0.81988734563,1.),.UNSPECIFIED.);
#5995 = CARTESIAN_POINT('',(0.122416757926,0.202,-0.242197422125));
#5996 = CARTESIAN_POINT('',(0.121555814769,0.202,-0.242155686936));
#5997 = CARTESIAN_POINT('',(0.119849641363,0.202,-0.242072978258));
#5998 = CARTESIAN_POINT('',(0.117356738335,0.202,-0.241475392235));
#5999 = CARTESIAN_POINT('',(0.114969961055,0.202,-0.240577916374));
#6000 = CARTESIAN_POINT('',(0.112764637316,0.202,-0.23918107875));
#6001 = CARTESIAN_POINT('',(0.110711314238,0.202,-0.237409444121));
#6002 = CARTESIAN_POINT('',(0.108750460105,0.202,-0.235294632904));
#6003 = CARTESIAN_POINT('',(0.106934006561,0.202,-0.232793112262));
#6004 = CARTESIAN_POINT('',(0.104707583671,0.202,-0.228830209794));
#6005 = CARTESIAN_POINT('',(0.102334790029,0.202,-0.223041933452));
#6006 = CARTESIAN_POINT('',(0.10038821932,0.202,-0.21508764361));
#6007 = CARTESIAN_POINT('',(9.916452654842E-02,0.202,-0.205980449052));
#6008 = CARTESIAN_POINT('',(9.899455649468E-02,0.202,-0.199516439547));
#6009 = CARTESIAN_POINT('',(9.890470586271E-02,0.202,-0.196099394448));
#6010 = ORIENTED_EDGE('',*,*,#5961,.T.);
#6011 = B_SPLINE_SURFACE_WITH_KNOTS('',3,1,(
    (#6012,#6013)
    ,(#6014,#6015)
    ,(#6016,#6017)
    ,(#6018,#6019)
    ,(#6020,#6021)
    ,(#6022,#6023)
    ,(#6024,#6025)
    ,(#6026,#6027)
    ,(#6028,#6029)
    ,(#6030,#6031)
    ,(#6032,#6033)
    ,(#6034,#6035)
    ,(#6036,#6037)
    ,(#6038,#6039)
    ,(#6040,#6041
    )),.UNSPECIFIED.,.F.,.F.,.F.,(4,1,1,1,1,1,1,1,1,1,1,1,4),(2,2),(0.,
    4.53526604635E-02,8.987759828737E-02,0.134540029813,0.179202461339,
    0.226668944633,0.277213276612,0.330925518459,0.389242376261,
    0.516520993067,0.659281666995,0.81988734563,1.),(0.,1.),
  .UNSPECIFIED.);
#6012 = CARTESIAN_POINT('',(0.122416757926,0.202,-0.242197422125));
#6013 = CARTESIAN_POINT('',(0.122416757926,0.2,-0.242197422125));
#6014 = CARTESIAN_POINT('',(0.121555814769,0.202,-0.242155686936));
#6015 = CARTESIAN_POINT('',(0.121555814769,0.2,-0.242155686936));
#6016 = CARTESIAN_POINT('',(0.119849641363,0.202,-0.242072978258));
#6017 = CARTESIAN_POINT('',(0.119849641363,0.2,-0.242072978258));
#6018 = CARTESIAN_POINT('',(0.117356738335,0.202,-0.241475392235));
#6019 = CARTESIAN_POINT('',(0.117356738335,0.2,-0.241475392235));
#6020 = CARTESIAN_POINT('',(0.114969961055,0.202,-0.240577916374));
#6021 = CARTESIAN_POINT('',(0.114969961055,0.2,-0.240577916374));
#6022 = CARTESIAN_POINT('',(0.112764637316,0.202,-0.23918107875));
#6023 = CARTESIAN_POINT('',(0.112764637316,0.2,-0.23918107875));
#6024 = CARTESIAN_POINT('',(0.110711314238,0.202,-0.237409444121));
#6025 = CARTESIAN_POINT('',(0.110711314238,0.2,-0.237409444121));
#6026 = CARTESIAN_POINT('',(0.108750460105,0.202,-0.235294632904));
#6027 = CARTESIAN_POINT('',(0.108750460105,0.2,-0.235294632904));
#6028 = CARTESIAN_POINT('',(0.106934006561,0.202,-0.232793112262));
#6029 = CARTESIAN_POINT('',(0.106934006561,0.2,-0.232793112262));
#6030 = CARTESIAN_POINT('',(0.104707583671,0.202,-0.228830209794));
#6031 = CARTESIAN_POINT('',(0.104707583671,0.2,-0.228830209794));
#6032 = CARTESIAN_POINT('',(0.102334790029,0.202,-0.223041933452));
#6033 = CARTESIAN_POINT('',(0.102334790029,0.2,-0.223041933452));
#6034 = CARTESIAN_POINT('',(0.10038821932,0.202,-0.21508764361));
#6035 = CARTESIAN_POINT('',(0.10038821932,0.2,-0.21508764361));
#6036 = CARTESIAN_POINT('',(9.916452654842E-02,0.202,-0.205980449052));
#6037 = CARTESIAN_POINT('',(9.916452654842E-02,0.2,-0.205980449052));
#6038 = CARTESIAN_POINT('',(9.899455649468E-02,0.202,-0.199516439547));
#6039 = CARTESIAN_POINT('',(9.899455649468E-02,0.2,-0.199516439547));
#6040 = CARTESIAN_POINT('',(9.890470586271E-02,0.202,-0.196099394448));
#6041 = CARTESIAN_POINT('',(9.890470586271E-02,0.2,-0.196099394448));
#6042 = ADVANCED_FACE('',(#6043),#6073,.T.);
#6043 = FACE_BOUND('',#6044,.T.);
#6044 = EDGE_LOOP('',(#6045,#6046,#6054,#6072));
#6045 = ORIENTED_EDGE('',*,*,#3061,.F.);
#6046 = ORIENTED_EDGE('',*,*,#6047,.F.);
#6047 = EDGE_CURVE('',#6048,#3042,#6050,.T.);
#6048 = VERTEX_POINT('',#6049);
#6049 = CARTESIAN_POINT('',(0.14500273354,0.202,-0.20000949501));
#6050 = LINE('',#6051,#6052);
#6051 = CARTESIAN_POINT('',(0.14500273354,0.202,-0.20000949501));
#6052 = VECTOR('',#6053,1.);
#6053 = DIRECTION('',(-0.,-1.,-0.));
#6054 = ORIENTED_EDGE('',*,*,#6055,.T.);
#6055 = EDGE_CURVE('',#6048,#5986,#6056,.T.);
#6056 = B_SPLINE_CURVE_WITH_KNOTS('',3,(#6057,#6058,#6059,#6060,#6061,
    #6062,#6063,#6064,#6065,#6066,#6067,#6068,#6069,#6070,#6071),
  .UNSPECIFIED.,.F.,.F.,(4,1,1,1,1,1,1,1,1,1,1,1,4),(0.,0.163102641181,
    0.314802263037,0.456485624639,0.589733087434,0.652550802982,
    0.710278895303,0.763092819215,0.813870556261,0.861516830701,
    0.907265558322,0.952729178574,1.),.UNSPECIFIED.);
#6057 = CARTESIAN_POINT('',(0.14500273354,0.202,-0.20000949501));
#6058 = CARTESIAN_POINT('',(0.144917829167,0.202,-0.202859401382));
#6059 = CARTESIAN_POINT('',(0.144753956353,0.202,-0.208359968196));
#6060 = CARTESIAN_POINT('',(0.143668905422,0.202,-0.216286287269));
#6061 = CARTESIAN_POINT('',(0.141644123784,0.202,-0.223484372234));
#6062 = CARTESIAN_POINT('',(0.139341241506,0.202,-0.228934415593));
#6063 = CARTESIAN_POINT('',(0.137232344342,0.202,-0.232842465906));
#6064 = CARTESIAN_POINT('',(0.135479522467,0.202,-0.235323265396));
#6065 = CARTESIAN_POINT('',(0.133591543467,0.202,-0.237423927112));
#6066 = CARTESIAN_POINT('',(0.131607903777,0.202,-0.239181283474));
#6067 = CARTESIAN_POINT('',(0.129476676224,0.202,-0.240549883202));
#6068 = CARTESIAN_POINT('',(0.12722494189,0.202,-0.241477971505));
#6069 = CARTESIAN_POINT('',(0.124865638743,0.202,-0.242076530434));
#6070 = CARTESIAN_POINT('',(0.123243588327,0.202,-0.242156604735));
#6071 = CARTESIAN_POINT('',(0.122416757926,0.202,-0.242197422125));
#6072 = ORIENTED_EDGE('',*,*,#5985,.T.);
#6073 = B_SPLINE_SURFACE_WITH_KNOTS('',3,1,(
    (#6074,#6075)
    ,(#6076,#6077)
    ,(#6078,#6079)
    ,(#6080,#6081)
    ,(#6082,#6083)
    ,(#6084,#6085)
    ,(#6086,#6087)
    ,(#6088,#6089)
    ,(#6090,#6091)
    ,(#6092,#6093)
    ,(#6094,#6095)
    ,(#6096,#6097)
    ,(#6098,#6099)
    ,(#6100,#6101)
    ,(#6102,#6103
    )),.UNSPECIFIED.,.F.,.F.,.F.,(4,1,1,1,1,1,1,1,1,1,1,1,4),(2,2),(0.,
    0.163102641181,0.314802263037,0.456485624639,0.589733087434,
    0.652550802982,0.710278895303,0.763092819215,0.813870556261,
    0.861516830701,0.907265558322,0.952729178574,1.),(0.,1.),
  .UNSPECIFIED.);
#6074 = CARTESIAN_POINT('',(0.14500273354,0.202,-0.20000949501));
#6075 = CARTESIAN_POINT('',(0.14500273354,0.2,-0.20000949501));
#6076 = CARTESIAN_POINT('',(0.144917829167,0.202,-0.202859401382));
#6077 = CARTESIAN_POINT('',(0.144917829167,0.2,-0.202859401382));
#6078 = CARTESIAN_POINT('',(0.144753956353,0.202,-0.208359968196));
#6079 = CARTESIAN_POINT('',(0.144753956353,0.2,-0.208359968196));
#6080 = CARTESIAN_POINT('',(0.143668905422,0.202,-0.216286287269));
#6081 = CARTESIAN_POINT('',(0.143668905422,0.2,-0.216286287269));
#6082 = CARTESIAN_POINT('',(0.141644123784,0.202,-0.223484372234));
#6083 = CARTESIAN_POINT('',(0.141644123784,0.2,-0.223484372234));
#6084 = CARTESIAN_POINT('',(0.139341241506,0.202,-0.228934415593));
#6085 = CARTESIAN_POINT('',(0.139341241506,0.2,-0.228934415593));
#6086 = CARTESIAN_POINT('',(0.137232344342,0.202,-0.232842465906));
#6087 = CARTESIAN_POINT('',(0.137232344342,0.2,-0.232842465906));
#6088 = CARTESIAN_POINT('',(0.135479522467,0.202,-0.235323265396));
#6089 = CARTESIAN_POINT('',(0.135479522467,0.2,-0.235323265396));
#6090 = CARTESIAN_POINT('',(0.133591543467,0.202,-0.237423927112));
#6091 = CARTESIAN_POINT('',(0.133591543467,0.2,-0.237423927112));
#6092 = CARTESIAN_POINT('',(0.131607903777,0.202,-0.239181283474));
#6093 = CARTESIAN_POINT('',(0.131607903777,0.2,-0.239181283474));
#6094 = CARTESIAN_POINT('',(0.129476676224,0.202,-0.240549883202));
#6095 = CARTESIAN_POINT('',(0.129476676224,0.2,-0.240549883202));
#6096 = CARTESIAN_POINT('',(0.12722494189,0.202,-0.241477971505));
#6097 = CARTESIAN_POINT('',(0.12722494189,0.2,-0.241477971505));
#6098 = CARTESIAN_POINT('',(0.124865638743,0.202,-0.242076530434));
#6099 = CARTESIAN_POINT('',(0.124865638743,0.2,-0.242076530434));
#6100 = CARTESIAN_POINT('',(0.123243588327,0.202,-0.242156604735));
#6101 = CARTESIAN_POINT('',(0.123243588327,0.2,-0.242156604735));
#6102 = CARTESIAN_POINT('',(0.122416757926,0.202,-0.242197422125));
#6103 = CARTESIAN_POINT('',(0.122416757926,0.2,-0.242197422125));
#6104 = ADVANCED_FACE('',(#6105),#6135,.T.);
#6105 = FACE_BOUND('',#6106,.T.);
#6106 = EDGE_LOOP('',(#6107,#6108,#6116,#6134));
#6107 = ORIENTED_EDGE('',*,*,#3041,.F.);
#6108 = ORIENTED_EDGE('',*,*,#6109,.F.);
#6109 = EDGE_CURVE('',#6110,#3026,#6112,.T.);
#6110 = VERTEX_POINT('',#6111);
#6111 = CARTESIAN_POINT('',(0.107959675585,0.202,-0.109099656945));
#6112 = LINE('',#6113,#6114);
#6113 = CARTESIAN_POINT('',(0.107959675585,0.202,-0.109099656945));
#6114 = VECTOR('',#6115,1.);
#6115 = DIRECTION('',(-0.,-1.,-0.));
#6116 = ORIENTED_EDGE('',*,*,#6117,.T.);
#6117 = EDGE_CURVE('',#6110,#6048,#6118,.T.);
#6118 = B_SPLINE_CURVE_WITH_KNOTS('',3,(#6119,#6120,#6121,#6122,#6123,
    #6124,#6125,#6126,#6127,#6128,#6129,#6130,#6131,#6132,#6133),
  .UNSPECIFIED.,.F.,.F.,(4,1,1,1,1,1,1,1,1,1,1,1,4),(0.,
    9.937562356432E-02,0.192194951782,0.278720479875,0.359412824618,
    0.433125241188,0.501030965923,0.562457979731,0.617655998674,
    0.719193071867,0.816644823789,0.9096794584,1.),.UNSPECIFIED.);
#6119 = CARTESIAN_POINT('',(0.107959675585,0.202,-0.109099656945));
#6120 = CARTESIAN_POINT('',(0.10961346931,0.202,-0.111942229078));
#6121 = CARTESIAN_POINT('',(0.11281194791,0.202,-0.117439834973));
#6122 = CARTESIAN_POINT('',(0.117329370194,0.202,-0.125481694768));
#6123 = CARTESIAN_POINT('',(0.121516136957,0.202,-0.132999902661));
#6124 = CARTESIAN_POINT('',(0.125306607534,0.202,-0.140014620879));
#6125 = CARTESIAN_POINT('',(0.128721698344,0.202,-0.146530833899));
#6126 = CARTESIAN_POINT('',(0.131764082176,0.202,-0.152522653329));
#6127 = CARTESIAN_POINT('',(0.134377459539,0.202,-0.158042173623));
#6128 = CARTESIAN_POINT('',(0.137400212339,0.202,-0.16459911878));
#6129 = CARTESIAN_POINT('',(0.140416517011,0.202,-0.17246501005));
#6130 = CARTESIAN_POINT('',(0.143069653329,0.202,-0.181768701339));
#6131 = CARTESIAN_POINT('',(0.144691548009,0.202,-0.190949214069));
#6132 = CARTESIAN_POINT('',(0.144900033725,0.202,-0.197019352193));
#6133 = CARTESIAN_POINT('',(0.14500273354,0.202,-0.20000949501));
#6134 = ORIENTED_EDGE('',*,*,#6047,.T.);
#6135 = B_SPLINE_SURFACE_WITH_KNOTS('',3,1,(
    (#6136,#6137)
    ,(#6138,#6139)
    ,(#6140,#6141)
    ,(#6142,#6143)
    ,(#6144,#6145)
    ,(#6146,#6147)
    ,(#6148,#6149)
    ,(#6150,#6151)
    ,(#6152,#6153)
    ,(#6154,#6155)
    ,(#6156,#6157)
    ,(#6158,#6159)
    ,(#6160,#6161)
    ,(#6162,#6163)
    ,(#6164,#6165
    )),.UNSPECIFIED.,.F.,.F.,.F.,(4,1,1,1,1,1,1,1,1,1,1,1,4),(2,2),(0.,
    9.937562356432E-02,0.192194951782,0.278720479875,0.359412824618,
    0.433125241188,0.501030965923,0.562457979731,0.617655998674,
    0.719193071867,0.816644823789,0.9096794584,1.),(0.,1.),
  .UNSPECIFIED.);
#6136 = CARTESIAN_POINT('',(0.107959675585,0.202,-0.109099656945));
#6137 = CARTESIAN_POINT('',(0.107959675585,0.2,-0.109099656945));
#6138 = CARTESIAN_POINT('',(0.10961346931,0.202,-0.111942229078));
#6139 = CARTESIAN_POINT('',(0.10961346931,0.2,-0.111942229078));
#6140 = CARTESIAN_POINT('',(0.11281194791,0.202,-0.117439834973));
#6141 = CARTESIAN_POINT('',(0.11281194791,0.2,-0.117439834973));
#6142 = CARTESIAN_POINT('',(0.117329370194,0.202,-0.125481694768));
#6143 = CARTESIAN_POINT('',(0.117329370194,0.2,-0.125481694768));
#6144 = CARTESIAN_POINT('',(0.121516136957,0.202,-0.132999902661));
#6145 = CARTESIAN_POINT('',(0.121516136957,0.2,-0.132999902661));
#6146 = CARTESIAN_POINT('',(0.125306607534,0.202,-0.140014620879));
#6147 = CARTESIAN_POINT('',(0.125306607534,0.2,-0.140014620879));
#6148 = CARTESIAN_POINT('',(0.128721698344,0.202,-0.146530833899));
#6149 = CARTESIAN_POINT('',(0.128721698344,0.2,-0.146530833899));
#6150 = CARTESIAN_POINT('',(0.131764082176,0.202,-0.152522653329));
#6151 = CARTESIAN_POINT('',(0.131764082176,0.2,-0.152522653329));
#6152 = CARTESIAN_POINT('',(0.134377459539,0.202,-0.158042173623));
#6153 = CARTESIAN_POINT('',(0.134377459539,0.2,-0.158042173623));
#6154 = CARTESIAN_POINT('',(0.137400212339,0.202,-0.16459911878));
#6155 = CARTESIAN_POINT('',(0.137400212339,0.2,-0.16459911878));
#6156 = CARTESIAN_POINT('',(0.140416517011,0.202,-0.17246501005));
#6157 = CARTESIAN_POINT('',(0.140416517011,0.2,-0.17246501005));
#6158 = CARTESIAN_POINT('',(0.143069653329,0.202,-0.181768701339));
#6159 = CARTESIAN_POINT('',(0.143069653329,0.2,-0.181768701339));
#6160 = CARTESIAN_POINT('',(0.144691548009,0.202,-0.190949214069));
#6161 = CARTESIAN_POINT('',(0.144691548009,0.2,-0.190949214069));
#6162 = CARTESIAN_POINT('',(0.144900033725,0.202,-0.197019352193));
#6163 = CARTESIAN_POINT('',(0.144900033725,0.2,-0.197019352193));
#6164 = CARTESIAN_POINT('',(0.14500273354,0.202,-0.20000949501));
#6165 = CARTESIAN_POINT('',(0.14500273354,0.2,-0.20000949501));
#6166 = ADVANCED_FACE('',(#6167),#6193,.T.);
#6167 = FACE_BOUND('',#6168,.T.);
#6168 = EDGE_LOOP('',(#6169,#6170,#6178,#6192));
#6169 = ORIENTED_EDGE('',*,*,#3025,.F.);
#6170 = ORIENTED_EDGE('',*,*,#6171,.F.);
#6171 = EDGE_CURVE('',#6172,#3016,#6174,.T.);
#6172 = VERTEX_POINT('',#6173);
#6173 = CARTESIAN_POINT('',(8.064042034312E-02,0.202,-3.712293738993E-02
    ));
#6174 = LINE('',#6175,#6176);
#6175 = CARTESIAN_POINT('',(8.064042034312E-02,0.202,-3.712293738993E-02
    ));
#6176 = VECTOR('',#6177,1.);
#6177 = DIRECTION('',(-0.,-1.,-0.));
#6178 = ORIENTED_EDGE('',*,*,#6179,.T.);
#6179 = EDGE_CURVE('',#6172,#6110,#6180,.T.);
#6180 = B_SPLINE_CURVE_WITH_KNOTS('',3,(#6181,#6182,#6183,#6184,#6185,
    #6186,#6187,#6188,#6189,#6190,#6191),.UNSPECIFIED.,.F.,.F.,(4,1,1,1,
    1,1,1,1,4),(0.,0.113685114584,0.227091493877,0.340309727168,
    0.453113714003,0.571926278165,0.702741225013,0.845132492803,1.),
  .UNSPECIFIED.);
#6181 = CARTESIAN_POINT('',(8.064042034312E-02,0.202,-3.712293738993E-02
    ));
#6182 = CARTESIAN_POINT('',(8.110723199884E-02,0.202,-4.002696274328E-02
    ));
#6183 = CARTESIAN_POINT('',(8.203971077271E-02,0.202,-4.582789330629E-02
    ));
#6184 = CARTESIAN_POINT('',(8.398467328365E-02,0.202,-5.441779273529E-02
    ));
#6185 = CARTESIAN_POINT('',(8.622536155055E-02,0.202,-6.290862987097E-02
    ));
#6186 = CARTESIAN_POINT('',(8.893758003787E-02,0.202,-7.14115126397E-02)
  );
#6187 = CARTESIAN_POINT('',(9.234754424196E-02,0.202,-8.015081682562E-02
    ));
#6188 = CARTESIAN_POINT('',(9.662272873004E-02,0.202,-8.935363574578E-02
    ));
#6189 = CARTESIAN_POINT('',(0.101926923613,0.202,-9.908021917757E-02));
#6190 = CARTESIAN_POINT('',(0.105893267822,0.202,-0.105667683596));
#6191 = CARTESIAN_POINT('',(0.107959675585,0.202,-0.109099656945));
#6192 = ORIENTED_EDGE('',*,*,#6109,.T.);
#6193 = B_SPLINE_SURFACE_WITH_KNOTS('',3,1,(
    (#6194,#6195)
    ,(#6196,#6197)
    ,(#6198,#6199)
    ,(#6200,#6201)
    ,(#6202,#6203)
    ,(#6204,#6205)
    ,(#6206,#6207)
    ,(#6208,#6209)
    ,(#6210,#6211)
    ,(#6212,#6213)
    ,(#6214,#6215
  )),.UNSPECIFIED.,.F.,.F.,.F.,(4,1,1,1,1,1,1,1,4),(2,2),(0.,
    0.113685114584,0.227091493877,0.340309727168,0.453113714003,
    0.571926278165,0.702741225013,0.845132492803,1.),(0.,1.),
  .UNSPECIFIED.);
#6194 = CARTESIAN_POINT('',(8.064042034312E-02,0.202,-3.712293738993E-02
    ));
#6195 = CARTESIAN_POINT('',(8.064042034312E-02,0.2,-3.712293738993E-02)
  );
#6196 = CARTESIAN_POINT('',(8.110723199884E-02,0.202,-4.002696274328E-02
    ));
#6197 = CARTESIAN_POINT('',(8.110723199884E-02,0.2,-4.002696274328E-02)
  );
#6198 = CARTESIAN_POINT('',(8.203971077271E-02,0.202,-4.582789330629E-02
    ));
#6199 = CARTESIAN_POINT('',(8.203971077271E-02,0.2,-4.582789330629E-02)
  );
#6200 = CARTESIAN_POINT('',(8.398467328365E-02,0.202,-5.441779273529E-02
    ));
#6201 = CARTESIAN_POINT('',(8.398467328365E-02,0.2,-5.441779273529E-02)
  );
#6202 = CARTESIAN_POINT('',(8.622536155055E-02,0.202,-6.290862987097E-02
    ));
#6203 = CARTESIAN_POINT('',(8.622536155055E-02,0.2,-6.290862987097E-02)
  );
#6204 = CARTESIAN_POINT('',(8.893758003787E-02,0.202,-7.14115126397E-02)
  );
#6205 = CARTESIAN_POINT('',(8.893758003787E-02,0.2,-7.14115126397E-02));
#6206 = CARTESIAN_POINT('',(9.234754424196E-02,0.202,-8.015081682562E-02
    ));
#6207 = CARTESIAN_POINT('',(9.234754424196E-02,0.2,-8.015081682562E-02)
  );
#6208 = CARTESIAN_POINT('',(9.662272873004E-02,0.202,-8.935363574578E-02
    ));
#6209 = CARTESIAN_POINT('',(9.662272873004E-02,0.2,-8.935363574578E-02)
  );
#6210 = CARTESIAN_POINT('',(0.101926923613,0.202,-9.908021917757E-02));
#6211 = CARTESIAN_POINT('',(0.101926923613,0.2,-9.908021917757E-02));
#6212 = CARTESIAN_POINT('',(0.105893267822,0.202,-0.105667683596));
#6213 = CARTESIAN_POINT('',(0.105893267822,0.2,-0.105667683596));
#6214 = CARTESIAN_POINT('',(0.107959675585,0.202,-0.109099656945));
#6215 = CARTESIAN_POINT('',(0.107959675585,0.2,-0.109099656945));
#6216 = ADVANCED_FACE('',(#6217),#6237,.T.);
#6217 = FACE_BOUND('',#6218,.T.);
#6218 = EDGE_LOOP('',(#6219,#6220,#6228,#6236));
#6219 = ORIENTED_EDGE('',*,*,#3015,.F.);
#6220 = ORIENTED_EDGE('',*,*,#6221,.F.);
#6221 = EDGE_CURVE('',#6222,#3008,#6224,.T.);
#6222 = VERTEX_POINT('',#6223);
#6223 = CARTESIAN_POINT('',(7.914840828659E-02,0.202,-1.5E-02));
#6224 = LINE('',#6225,#6226);
#6225 = CARTESIAN_POINT('',(7.914840828659E-02,0.202,-1.5E-02));
#6226 = VECTOR('',#6227,1.);
#6227 = DIRECTION('',(-0.,-1.,-0.));
#6228 = ORIENTED_EDGE('',*,*,#6229,.T.);
#6229 = EDGE_CURVE('',#6222,#6172,#6230,.T.);
#6230 = B_SPLINE_CURVE_WITH_KNOTS('',3,(#6231,#6232,#6233,#6234,#6235),
  .UNSPECIFIED.,.F.,.F.,(4,1,4),(0.,0.510071108266,1.),.UNSPECIFIED.);
#6231 = CARTESIAN_POINT('',(7.914840828659E-02,0.202,-1.5E-02));
#6232 = CARTESIAN_POINT('',(7.91467393031E-02,0.202,-1.877888020357E-02)
  );
#6233 = CARTESIAN_POINT('',(7.914346724265E-02,0.202,-2.618741627302E-02
    ));
#6234 = CARTESIAN_POINT('',(8.014818170169E-02,0.202,-3.352704246429E-02
    ));
#6235 = CARTESIAN_POINT('',(8.064042034312E-02,0.202,-3.712293738993E-02
    ));
#6236 = ORIENTED_EDGE('',*,*,#6171,.T.);
#6237 = B_SPLINE_SURFACE_WITH_KNOTS('',3,1,(
    (#6238,#6239)
    ,(#6240,#6241)
    ,(#6242,#6243)
    ,(#6244,#6245)
    ,(#6246,#6247
    )),.UNSPECIFIED.,.F.,.F.,.F.,(4,1,4),(2,2),(0.,0.510071108266,1.),(
    0.,1.),.UNSPECIFIED.);
#6238 = CARTESIAN_POINT('',(7.914840828659E-02,0.202,-1.5E-02));
#6239 = CARTESIAN_POINT('',(7.914840828659E-02,0.2,-1.5E-02));
#6240 = CARTESIAN_POINT('',(7.91467393031E-02,0.202,-1.877888020357E-02)
  );
#6241 = CARTESIAN_POINT('',(7.91467393031E-02,0.2,-1.877888020357E-02));
#6242 = CARTESIAN_POINT('',(7.914346724265E-02,0.202,-2.618741627302E-02
    ));
#6243 = CARTESIAN_POINT('',(7.914346724265E-02,0.2,-2.618741627302E-02)
  );
#6244 = CARTESIAN_POINT('',(8.014818170169E-02,0.202,-3.352704246429E-02
    ));
#6245 = CARTESIAN_POINT('',(8.014818170169E-02,0.2,-3.352704246429E-02)
  );
#6246 = CARTESIAN_POINT('',(8.064042034312E-02,0.202,-3.712293738993E-02
    ));
#6247 = CARTESIAN_POINT('',(8.064042034312E-02,0.2,-3.712293738993E-02)
  );
#6248 = ADVANCED_FACE('',(#6249),#6267,.T.);
#6249 = FACE_BOUND('',#6250,.T.);
#6250 = EDGE_LOOP('',(#6251,#6252,#6260,#6266));
#6251 = ORIENTED_EDGE('',*,*,#3007,.F.);
#6252 = ORIENTED_EDGE('',*,*,#6253,.F.);
#6253 = EDGE_CURVE('',#6254,#3000,#6256,.T.);
#6254 = VERTEX_POINT('',#6255);
#6255 = CARTESIAN_POINT('',(0.161466314854,0.202,-1.5E-02));
#6256 = LINE('',#6257,#6258);
#6257 = CARTESIAN_POINT('',(0.161466314854,0.202,-1.5E-02));
#6258 = VECTOR('',#6259,1.);
#6259 = DIRECTION('',(-0.,-1.,-0.));
#6260 = ORIENTED_EDGE('',*,*,#6261,.T.);
#6261 = EDGE_CURVE('',#6254,#6222,#6262,.T.);
#6262 = LINE('',#6263,#6264);
#6263 = CARTESIAN_POINT('',(0.161466314854,0.202,-1.5E-02));
#6264 = VECTOR('',#6265,1.);
#6265 = DIRECTION('',(-1.,0.,0.));
#6266 = ORIENTED_EDGE('',*,*,#6221,.T.);
#6267 = PLANE('',#6268);
#6268 = AXIS2_PLACEMENT_3D('',#6269,#6270,#6271);
#6269 = CARTESIAN_POINT('',(0.161466314854,0.202,-1.5E-02));
#6270 = DIRECTION('',(0.,-0.,1.));
#6271 = DIRECTION('',(1.,0.,0.));
#6272 = ADVANCED_FACE('',(#6273),#6284,.T.);
#6273 = FACE_BOUND('',#6274,.T.);
#6274 = EDGE_LOOP('',(#6275,#6276,#6277,#6283));
#6275 = ORIENTED_EDGE('',*,*,#2999,.F.);
#6276 = ORIENTED_EDGE('',*,*,#5668,.F.);
#6277 = ORIENTED_EDGE('',*,*,#6278,.T.);
#6278 = EDGE_CURVE('',#5661,#6254,#6279,.T.);
#6279 = LINE('',#6280,#6281);
#6280 = CARTESIAN_POINT('',(0.161466314854,0.202,-4.792716262687E-02));
#6281 = VECTOR('',#6282,1.);
#6282 = DIRECTION('',(0.,0.,1.));
#6283 = ORIENTED_EDGE('',*,*,#6253,.T.);
#6284 = PLANE('',#6285);
#6285 = AXIS2_PLACEMENT_3D('',#6286,#6287,#6288);
#6286 = CARTESIAN_POINT('',(0.161466314854,0.202,-4.792716262687E-02));
#6287 = DIRECTION('',(1.,0.,0.));
#6288 = DIRECTION('',(0.,0.,-1.));
#6289 = ADVANCED_FACE('',(#6290),#6305,.T.);
#6290 = FACE_BOUND('',#6291,.T.);
#6291 = EDGE_LOOP('',(#6292,#6293,#6294,#6295,#6296,#6297,#6298,#6299,
    #6300,#6301,#6302,#6303,#6304));
#6292 = ORIENTED_EDGE('',*,*,#5660,.F.);
#6293 = ORIENTED_EDGE('',*,*,#5691,.F.);
#6294 = ORIENTED_EDGE('',*,*,#5747,.F.);
#6295 = ORIENTED_EDGE('',*,*,#5821,.F.);
#6296 = ORIENTED_EDGE('',*,*,#5895,.F.);
#6297 = ORIENTED_EDGE('',*,*,#5969,.F.);
#6298 = ORIENTED_EDGE('',*,*,#5993,.F.);
#6299 = ORIENTED_EDGE('',*,*,#6055,.F.);
#6300 = ORIENTED_EDGE('',*,*,#6117,.F.);
#6301 = ORIENTED_EDGE('',*,*,#6179,.F.);
#6302 = ORIENTED_EDGE('',*,*,#6229,.F.);
#6303 = ORIENTED_EDGE('',*,*,#6261,.F.);
#6304 = ORIENTED_EDGE('',*,*,#6278,.F.);
#6305 = PLANE('',#6306);
#6306 = AXIS2_PLACEMENT_3D('',#6307,#6308,#6309);
#6307 = CARTESIAN_POINT('',(7.939052127376E-02,0.202,-2.609591678271E-02
    ));
#6308 = DIRECTION('',(-5.378221278465E-14,1.,2.375349857617E-17));
#6309 = DIRECTION('',(-1.,-5.378221278465E-14,0.));
#6310 = ( GEOMETRIC_REPRESENTATION_CONTEXT(3) 
GLOBAL_UNCERTAINTY_ASSIGNED_CONTEXT((#6314)) 
GLOBAL_UNIT_ASSIGNED_CONTEXT((#6311,#6312,#6313)) REPRESENTATION_CONTEXT
('Context #1','3D Context with UNIT and UNCERTAINTY') );
#6311 = ( LENGTH_UNIT() NAMED_UNIT(*) SI_UNIT(.MILLI.,.METRE.) );
#6312 = ( NAMED_UNIT(*) PLANE_ANGLE_UNIT() SI_UNIT($,.RADIAN.) );
#6313 = ( NAMED_UNIT(*) SI_UNIT($,.STERADIAN.) SOLID_ANGLE_UNIT() );
#6314 = UNCERTAINTY_MEASURE_WITH_UNIT(LENGTH_MEASURE(1.E-07),#6311,
  'distance_accuracy_value','confusion accuracy');
#6315 = SHAPE_DEFINITION_REPRESENTATION(#6316,#2982);
#6316 = PRODUCT_DEFINITION_SHAPE('','',#6317);
#6317 = PRODUCT_DEFINITION('design','',#6318,#6321);
#6318 = PRODUCT_DEFINITION_FORMATION('','',#6319);
#6319 = PRODUCT('0402 SMD Resistor','0402 SMD Resistor','',(#6320));
#6320 = PRODUCT_CONTEXT('',#2,'mechanical');
#6321 = PRODUCT_DEFINITION_CONTEXT('part definition',#2,'design');
#6322 = CONTEXT_DEPENDENT_SHAPE_REPRESENTATION(#6323,#6325);
#6323 = ( REPRESENTATION_RELATIONSHIP('','',#2982,#2972) 
REPRESENTATION_RELATIONSHIP_WITH_TRANSFORMATION(#6324) 
SHAPE_REPRESENTATION_RELATIONSHIP() );
#6324 = ITEM_DEFINED_TRANSFORMATION('','',#11,#2973);
#6325 = PRODUCT_DEFINITION_SHAPE('Placement','Placement of an item',
  #6326);
#6326 = NEXT_ASSEMBLY_USAGE_OCCURRENCE('30','','',#2967,#6317,$);
#6327 = PRODUCT_RELATED_PRODUCT_CATEGORY('part',$,(#6319));
#6328 = CONTEXT_DEPENDENT_SHAPE_REPRESENTATION(#6329,#6331);
#6329 = ( REPRESENTATION_RELATIONSHIP('','',#2972,#10) 
REPRESENTATION_RELATIONSHIP_WITH_TRANSFORMATION(#6330) 
SHAPE_REPRESENTATION_RELATIONSHIP() );
#6330 = ITEM_DEFINED_TRANSFORMATION('','',#11,#27);
#6331 = PRODUCT_DEFINITION_SHAPE('Placement','Placement of an item',
  #6332);
#6332 = NEXT_ASSEMBLY_USAGE_OCCURRENCE('31','','',#5,#2967,$);
#6333 = PRODUCT_RELATED_PRODUCT_CATEGORY('part',$,(#2969));
#6334 = SHAPE_DEFINITION_REPRESENTATION(#6335,#6341);
#6335 = PRODUCT_DEFINITION_SHAPE('','',#6336);
#6336 = PRODUCT_DEFINITION('design','',#6337,#6340);
#6337 = PRODUCT_DEFINITION_FORMATION('','',#6338);
#6338 = PRODUCT('R1','R1','',(#6339));
#6339 = PRODUCT_CONTEXT('',#2,'mechanical');
#6340 = PRODUCT_DEFINITION_CONTEXT('part definition',#2,'design');
#6341 = SHAPE_REPRESENTATION('',(#11,#6342),#6346);
#6342 = AXIS2_PLACEMENT_3D('',#6343,#6344,#6345);
#6343 = CARTESIAN_POINT('',(4.56400378418,-12.88700174157,0.));
#6344 = DIRECTION('',(-8.742277657348E-08,1.,-4.371138828674E-08));
#6345 = DIRECTION('',(-1.,-8.742277657348E-08,0.));
#6346 = ( GEOMETRIC_REPRESENTATION_CONTEXT(3) 
GLOBAL_UNCERTAINTY_ASSIGNED_CONTEXT((#6350)) 
GLOBAL_UNIT_ASSIGNED_CONTEXT((#6347,#6348,#6349)) REPRESENTATION_CONTEXT
('Context #1','3D Context with UNIT and UNCERTAINTY') );
#6347 = ( LENGTH_UNIT() NAMED_UNIT(*) SI_UNIT(.MILLI.,.METRE.) );
#6348 = ( NAMED_UNIT(*) PLANE_ANGLE_UNIT() SI_UNIT($,.RADIAN.) );
#6349 = ( NAMED_UNIT(*) SI_UNIT($,.STERADIAN.) SOLID_ANGLE_UNIT() );
#6350 = UNCERTAINTY_MEASURE_WITH_UNIT(LENGTH_MEASURE(1.E-07),#6347,
  'distance_accuracy_value','confusion accuracy');
#6351 = CONTEXT_DEPENDENT_SHAPE_REPRESENTATION(#6352,#6354);
#6352 = ( REPRESENTATION_RELATIONSHIP('','',#2982,#6341) 
REPRESENTATION_RELATIONSHIP_WITH_TRANSFORMATION(#6353) 
SHAPE_REPRESENTATION_RELATIONSHIP() );
#6353 = ITEM_DEFINED_TRANSFORMATION('','',#11,#6342);
#6354 = PRODUCT_DEFINITION_SHAPE('Placement','Placement of an item',
  #6355);
#6355 = NEXT_ASSEMBLY_USAGE_OCCURRENCE('32','','',#6336,#6317,$);
#6356 = CONTEXT_DEPENDENT_SHAPE_REPRESENTATION(#6357,#6359);
#6357 = ( REPRESENTATION_RELATIONSHIP('','',#6341,#10) 
REPRESENTATION_RELATIONSHIP_WITH_TRANSFORMATION(#6358) 
SHAPE_REPRESENTATION_RELATIONSHIP() );
#6358 = ITEM_DEFINED_TRANSFORMATION('','',#11,#31);
#6359 = PRODUCT_DEFINITION_SHAPE('Placement','Placement of an item',
  #6360);
#6360 = NEXT_ASSEMBLY_USAGE_OCCURRENCE('33','','',#5,#6336,$);
#6361 = PRODUCT_RELATED_PRODUCT_CATEGORY('part',$,(#6338));
#6362 = SHAPE_DEFINITION_REPRESENTATION(#6363,#6369);
#6363 = PRODUCT_DEFINITION_SHAPE('','',#6364);
#6364 = PRODUCT_DEFINITION('design','',#6365,#6368);
#6365 = PRODUCT_DEFINITION_FORMATION('','',#6366);
#6366 = PRODUCT('D1','D1','',(#6367));
#6367 = PRODUCT_CONTEXT('',#2,'mechanical');
#6368 = PRODUCT_DEFINITION_CONTEXT('part definition',#2,'design');
#6369 = SHAPE_REPRESENTATION('',(#11,#6370),#6374);
#6370 = AXIS2_PLACEMENT_3D('',#6371,#6372,#6373);
#6371 = CARTESIAN_POINT('',(8.762993652344,-9.330998171016,0.));
#6372 = DIRECTION('',(0.,0.,1.));
#6373 = DIRECTION('',(-4.371138828674E-08,1.,0.));
#6374 = ( GEOMETRIC_REPRESENTATION_CONTEXT(3) 
GLOBAL_UNCERTAINTY_ASSIGNED_CONTEXT((#6378)) 
GLOBAL_UNIT_ASSIGNED_CONTEXT((#6375,#6376,#6377)) REPRESENTATION_CONTEXT
('Context #1','3D Context with UNIT and UNCERTAINTY') );
#6375 = ( LENGTH_UNIT() NAMED_UNIT(*) SI_UNIT(.MILLI.,.METRE.) );
#6376 = ( NAMED_UNIT(*) PLANE_ANGLE_UNIT() SI_UNIT($,.RADIAN.) );
#6377 = ( NAMED_UNIT(*) SI_UNIT($,.STERADIAN.) SOLID_ANGLE_UNIT() );
#6378 = UNCERTAINTY_MEASURE_WITH_UNIT(LENGTH_MEASURE(1.E-04),#6375,
  'distance_accuracy_value','confusion accuracy');
#6379 = SHAPE_REPRESENTATION('',(#11,#6380,#6432,#6542,#6584,#6626,#6668
    ,#6710,#6752,#6794,#6836,#6878,#6920,#6962,#7004,#7046,#7088,#7130,
    #7172,#7214,#7256,#7298,#7340,#7382,#7424,#7466,#7510,#7554,#7598,
    #7642,#7752,#7862,#7904,#7946,#7988,#8030,#8072,#8114,#8156,#8198,
    #8242,#8286,#8330,#8374,#8484,#8594,#8636,#8678,#8720,#8762,#8804,
    #8846,#8888,#8930,#8974,#9018,#9062,#9106,#9216,#9326,#9368,#9410,
    #9452,#9494,#9536,#9578,#9620,#9662,#9706,#9750,#9794,#9838,#9948,
    #10058,#10100,#10142,#10184,#10226,#10268,#10310,#10352,#10394,
    #10438,#10482,#10526,#10570,#10680,#10790,#10832,#10874,#10916,
    #10958,#11000,#11042,#11084,#11126,#11170,#11214,#11258,#11302,
    #11412,#11522,#11564,#11606,#11648,#11690,#11732,#11774,#11816,
    #11858,#11902,#11946,#11990,#12034,#12144,#12254,#12296,#12338,
    #12380,#12422,#12464,#12506,#12548,#12590,#12634,#12678,#12722,
    #12766),#12876);
#6380 = MANIFOLD_SOLID_BREP('',#6381);
#6381 = CLOSED_SHELL('',(#6382,#6414,#6423));
#6382 = ADVANCED_FACE('',(#6383),#6409,.T.);
#6383 = FACE_BOUND('',#6384,.T.);
#6384 = EDGE_LOOP('',(#6385,#6394,#6401,#6408));
#6385 = ORIENTED_EDGE('',*,*,#6386,.F.);
#6386 = EDGE_CURVE('',#6387,#6387,#6389,.T.);
#6387 = VERTEX_POINT('',#6388);
#6388 = CARTESIAN_POINT('',(-1.443,1.905,1.704));
#6389 = CIRCLE('',#6390,9.9695E-02);
#6390 = AXIS2_PLACEMENT_3D('',#6391,#6392,#6393);
#6391 = CARTESIAN_POINT('',(-1.343,1.905,1.704));
#6392 = DIRECTION('',(0.,0.,1.));
#6393 = DIRECTION('',(1.,0.,-0.));
#6394 = ORIENTED_EDGE('',*,*,#6395,.F.);
#6395 = EDGE_CURVE('',#6396,#6387,#6398,.T.);
#6396 = VERTEX_POINT('',#6397);
#6397 = CARTESIAN_POINT('',(-1.443,1.905,1.702));
#6398 = B_SPLINE_CURVE_WITH_KNOTS('',1,(#6399,#6400),.UNSPECIFIED.,.F.,
  .F.,(2,2),(0.,2.E-03),.PIECEWISE_BEZIER_KNOTS.);
#6399 = CARTESIAN_POINT('',(-1.442695,1.905,1.702));
#6400 = CARTESIAN_POINT('',(-1.442695,1.905,1.704));
#6401 = ORIENTED_EDGE('',*,*,#6402,.F.);
#6402 = EDGE_CURVE('',#6396,#6396,#6403,.T.);
#6403 = CIRCLE('',#6404,9.9695E-02);
#6404 = AXIS2_PLACEMENT_3D('',#6405,#6406,#6407);
#6405 = CARTESIAN_POINT('',(-1.343,1.905,1.702));
#6406 = DIRECTION('',(0.,0.,-1.));
#6407 = DIRECTION('',(1.,0.,0.));
#6408 = ORIENTED_EDGE('',*,*,#6395,.T.);
#6409 = CYLINDRICAL_SURFACE('',#6410,9.9695E-02);
#6410 = AXIS2_PLACEMENT_3D('',#6411,#6412,#6413);
#6411 = CARTESIAN_POINT('',(-1.343,1.905,1.702));
#6412 = DIRECTION('',(0.,0.,1.));
#6413 = DIRECTION('',(1.,0.,-0.));
#6414 = ADVANCED_FACE('',(#6415),#6418,.F.);
#6415 = FACE_BOUND('',#6416,.T.);
#6416 = EDGE_LOOP('',(#6417));
#6417 = ORIENTED_EDGE('',*,*,#6402,.T.);
#6418 = PLANE('',#6419);
#6419 = AXIS2_PLACEMENT_3D('',#6420,#6421,#6422);
#6420 = CARTESIAN_POINT('',(-1.343,1.905,1.702));
#6421 = DIRECTION('',(0.,0.,1.));
#6422 = DIRECTION('',(0.,1.,0.));
#6423 = ADVANCED_FACE('',(#6424),#6427,.T.);
#6424 = FACE_BOUND('',#6425,.T.);
#6425 = EDGE_LOOP('',(#6426));
#6426 = ORIENTED_EDGE('',*,*,#6386,.T.);
#6427 = PLANE('',#6428);
#6428 = AXIS2_PLACEMENT_3D('',#6429,#6430,#6431);
#6429 = CARTESIAN_POINT('',(-1.343,1.905,1.704));
#6430 = DIRECTION('',(0.,0.,1.));
#6431 = DIRECTION('',(0.,1.,0.));
#6432 = SHELL_BASED_SURFACE_MODEL('',(#6433));
#6433 = OPEN_SHELL('',(#6434));
#6434 = ADVANCED_FACE('',(#6435),#6537,.T.);
#6435 = FACE_BOUND('',#6436,.T.);
#6436 = EDGE_LOOP('',(#6437,#6447,#6455,#6463,#6472,#6480,#6489,#6497,
    #6505,#6513,#6522,#6530));
#6437 = ORIENTED_EDGE('',*,*,#6438,.T.);
#6438 = EDGE_CURVE('',#6439,#6441,#6443,.T.);
#6439 = VERTEX_POINT('',#6440);
#6440 = CARTESIAN_POINT('',(2.14,2.159,0.851));
#6441 = VERTEX_POINT('',#6442);
#6442 = CARTESIAN_POINT('',(1.994,2.159,0.851));
#6443 = LINE('',#6444,#6445);
#6444 = CARTESIAN_POINT('',(2.14,2.159,0.851));
#6445 = VECTOR('',#6446,1.);
#6446 = DIRECTION('',(-1.,0.,0.));
#6447 = ORIENTED_EDGE('',*,*,#6448,.T.);
#6448 = EDGE_CURVE('',#6441,#6449,#6451,.T.);
#6449 = VERTEX_POINT('',#6450);
#6450 = CARTESIAN_POINT('',(1.994,2.159,1.105));
#6451 = LINE('',#6452,#6453);
#6452 = CARTESIAN_POINT('',(1.994,2.159,0.851));
#6453 = VECTOR('',#6454,1.);
#6454 = DIRECTION('',(0.,0.,1.));
#6455 = ORIENTED_EDGE('',*,*,#6456,.T.);
#6456 = EDGE_CURVE('',#6449,#6457,#6459,.T.);
#6457 = VERTEX_POINT('',#6458);
#6458 = CARTESIAN_POINT('',(2.14,2.159,1.105));
#6459 = LINE('',#6460,#6461);
#6460 = CARTESIAN_POINT('',(1.994,2.159,1.105));
#6461 = VECTOR('',#6462,1.);
#6462 = DIRECTION('',(1.,0.,0.));
#6463 = ORIENTED_EDGE('',*,*,#6464,.T.);
#6464 = EDGE_CURVE('',#6457,#6465,#6467,.T.);
#6465 = VERTEX_POINT('',#6466);
#6466 = CARTESIAN_POINT('',(2.631,2.159,0.728));
#6467 = CIRCLE('',#6468,0.508);
#6468 = AXIS2_PLACEMENT_3D('',#6469,#6470,#6471);
#6469 = CARTESIAN_POINT('',(2.14,2.159,0.597));
#6470 = DIRECTION('',(0.,1.,0.));
#6471 = DIRECTION('',(0.,-0.,1.));
#6472 = ORIENTED_EDGE('',*,*,#6473,.T.);
#6473 = EDGE_CURVE('',#6465,#6474,#6476,.T.);
#6474 = VERTEX_POINT('',#6475);
#6475 = CARTESIAN_POINT('',(2.707,2.159,0.442));
#6476 = LINE('',#6477,#6478);
#6477 = CARTESIAN_POINT('',(2.631,2.159,0.728));
#6478 = VECTOR('',#6479,1.);
#6479 = DIRECTION('',(0.258969313954,0.,-0.965885549343));
#6480 = ORIENTED_EDGE('',*,*,#6481,.T.);
#6481 = EDGE_CURVE('',#6474,#6482,#6484,.T.);
#6482 = VERTEX_POINT('',#6483);
#6483 = CARTESIAN_POINT('',(2.953,2.159,0.254));
#6484 = CIRCLE('',#6485,0.254);
#6485 = AXIS2_PLACEMENT_3D('',#6486,#6487,#6488);
#6486 = CARTESIAN_POINT('',(2.953,2.159,0.508));
#6487 = DIRECTION('',(0.,-1.,0.));
#6488 = DIRECTION('',(0.,0.,1.));
#6489 = ORIENTED_EDGE('',*,*,#6490,.T.);
#6490 = EDGE_CURVE('',#6482,#6491,#6493,.T.);
#6491 = VERTEX_POINT('',#6492);
#6492 = CARTESIAN_POINT('',(3.099,2.159,0.254));
#6493 = LINE('',#6494,#6495);
#6494 = CARTESIAN_POINT('',(2.953,2.159,0.254));
#6495 = VECTOR('',#6496,1.);
#6496 = DIRECTION('',(1.,0.,0.));
#6497 = ORIENTED_EDGE('',*,*,#6498,.T.);
#6498 = EDGE_CURVE('',#6491,#6499,#6501,.T.);
#6499 = VERTEX_POINT('',#6500);
#6500 = CARTESIAN_POINT('',(3.099,2.159,0.));
#6501 = LINE('',#6502,#6503);
#6502 = CARTESIAN_POINT('',(3.099,2.159,0.254));
#6503 = VECTOR('',#6504,1.);
#6504 = DIRECTION('',(0.,0.,-1.));
#6505 = ORIENTED_EDGE('',*,*,#6506,.T.);
#6506 = EDGE_CURVE('',#6499,#6507,#6509,.T.);
#6507 = VERTEX_POINT('',#6508);
#6508 = CARTESIAN_POINT('',(2.953,2.159,0.));
#6509 = LINE('',#6510,#6511);
#6510 = CARTESIAN_POINT('',(3.099,2.159,0.));
#6511 = VECTOR('',#6512,1.);
#6512 = DIRECTION('',(-1.,0.,0.));
#6513 = ORIENTED_EDGE('',*,*,#6514,.T.);
#6514 = EDGE_CURVE('',#6507,#6515,#6517,.T.);
#6515 = VERTEX_POINT('',#6516);
#6516 = CARTESIAN_POINT('',(2.462,2.159,0.377));
#6517 = CIRCLE('',#6518,0.508);
#6518 = AXIS2_PLACEMENT_3D('',#6519,#6520,#6521);
#6519 = CARTESIAN_POINT('',(2.953,2.159,0.508));
#6520 = DIRECTION('',(0.,1.,0.));
#6521 = DIRECTION('',(0.,-0.,1.));
#6522 = ORIENTED_EDGE('',*,*,#6523,.T.);
#6523 = EDGE_CURVE('',#6515,#6524,#6526,.T.);
#6524 = VERTEX_POINT('',#6525);
#6525 = CARTESIAN_POINT('',(2.385,2.159,0.663));
#6526 = LINE('',#6527,#6528);
#6527 = CARTESIAN_POINT('',(2.462,2.159,0.377));
#6528 = VECTOR('',#6529,1.);
#6529 = DIRECTION('',(-0.258969313954,0.,0.965885549343));
#6530 = ORIENTED_EDGE('',*,*,#6531,.T.);
#6531 = EDGE_CURVE('',#6524,#6439,#6532,.T.);
#6532 = CIRCLE('',#6533,0.254);
#6533 = AXIS2_PLACEMENT_3D('',#6534,#6535,#6536);
#6534 = CARTESIAN_POINT('',(2.14,2.159,0.597));
#6535 = DIRECTION('',(0.,-1.,0.));
#6536 = DIRECTION('',(0.,0.,1.));
#6537 = PLANE('',#6538);
#6538 = AXIS2_PLACEMENT_3D('',#6539,#6540,#6541);
#6539 = CARTESIAN_POINT('',(2.953,2.159,0.254));
#6540 = DIRECTION('',(0.,1.,0.));
#6541 = DIRECTION('',(1.,0.,0.));
#6542 = SHELL_BASED_SURFACE_MODEL('',(#6543));
#6543 = OPEN_SHELL('',(#6544));
#6544 = ADVANCED_FACE('',(#6545),#6579,.F.);
#6545 = FACE_BOUND('',#6546,.T.);
#6546 = EDGE_LOOP('',(#6547,#6557,#6565,#6573));
#6547 = ORIENTED_EDGE('',*,*,#6548,.F.);
#6548 = EDGE_CURVE('',#6549,#6551,#6553,.T.);
#6549 = VERTEX_POINT('',#6550);
#6550 = CARTESIAN_POINT('',(1.791,-2.451,1.702));
#6551 = VERTEX_POINT('',#6552);
#6552 = CARTESIAN_POINT('',(-1.791,-2.451,1.702));
#6553 = LINE('',#6554,#6555);
#6554 = CARTESIAN_POINT('',(1.791,-2.451,1.702));
#6555 = VECTOR('',#6556,1.);
#6556 = DIRECTION('',(-1.,0.,0.));
#6557 = ORIENTED_EDGE('',*,*,#6558,.F.);
#6558 = EDGE_CURVE('',#6559,#6549,#6561,.T.);
#6559 = VERTEX_POINT('',#6560);
#6560 = CARTESIAN_POINT('',(1.791,2.451,1.702));
#6561 = LINE('',#6562,#6563);
#6562 = CARTESIAN_POINT('',(1.791,2.451,1.702));
#6563 = VECTOR('',#6564,1.);
#6564 = DIRECTION('',(0.,-1.,0.));
#6565 = ORIENTED_EDGE('',*,*,#6566,.F.);
#6566 = EDGE_CURVE('',#6567,#6559,#6569,.T.);
#6567 = VERTEX_POINT('',#6568);
#6568 = CARTESIAN_POINT('',(-1.791,2.451,1.702));
#6569 = LINE('',#6570,#6571);
#6570 = CARTESIAN_POINT('',(-1.791,2.451,1.702));
#6571 = VECTOR('',#6572,1.);
#6572 = DIRECTION('',(1.,0.,0.));
#6573 = ORIENTED_EDGE('',*,*,#6574,.F.);
#6574 = EDGE_CURVE('',#6551,#6567,#6575,.T.);
#6575 = LINE('',#6576,#6577);
#6576 = CARTESIAN_POINT('',(-1.791,-2.451,1.702));
#6577 = VECTOR('',#6578,1.);
#6578 = DIRECTION('',(0.,1.,0.));
#6579 = PLANE('',#6580);
#6580 = AXIS2_PLACEMENT_3D('',#6581,#6582,#6583);
#6581 = CARTESIAN_POINT('',(-1.791,-2.451,1.702));
#6582 = DIRECTION('',(0.,0.,-1.));
#6583 = DIRECTION('',(0.,1.,0.));
#6584 = SHELL_BASED_SURFACE_MODEL('',(#6585));
#6585 = OPEN_SHELL('',(#6586));
#6586 = ADVANCED_FACE('',(#6587),#6621,.F.);
#6587 = FACE_BOUND('',#6588,.F.);
#6588 = EDGE_LOOP('',(#6589,#6599,#6607,#6615));
#6589 = ORIENTED_EDGE('',*,*,#6590,.T.);
#6590 = EDGE_CURVE('',#6591,#6593,#6595,.T.);
#6591 = VERTEX_POINT('',#6592);
#6592 = CARTESIAN_POINT('',(-1.994,-2.502,1.195));
#6593 = VERTEX_POINT('',#6594);
#6594 = CARTESIAN_POINT('',(-1.791,-2.451,1.702));
#6595 = LINE('',#6596,#6597);
#6596 = CARTESIAN_POINT('',(-1.994,-2.502,1.195));
#6597 = VECTOR('',#6598,1.);
#6598 = DIRECTION('',(0.370987757606,9.299693115191E-02,0.923969509509)
  );
#6599 = ORIENTED_EDGE('',*,*,#6600,.T.);
#6600 = EDGE_CURVE('',#6593,#6601,#6603,.T.);
#6601 = VERTEX_POINT('',#6602);
#6602 = CARTESIAN_POINT('',(1.791,-2.451,1.702));
#6603 = LINE('',#6604,#6605);
#6604 = CARTESIAN_POINT('',(-1.791,-2.451,1.702));
#6605 = VECTOR('',#6606,1.);
#6606 = DIRECTION('',(1.,0.,0.));
#6607 = ORIENTED_EDGE('',*,*,#6608,.T.);
#6608 = EDGE_CURVE('',#6601,#6609,#6611,.T.);
#6609 = VERTEX_POINT('',#6610);
#6610 = CARTESIAN_POINT('',(1.994,-2.502,1.195));
#6611 = LINE('',#6612,#6613);
#6612 = CARTESIAN_POINT('',(1.791,-2.451,1.702));
#6613 = VECTOR('',#6614,1.);
#6614 = DIRECTION('',(0.370987757606,-9.299693115191E-02,-0.923969509509
    ));
#6615 = ORIENTED_EDGE('',*,*,#6616,.T.);
#6616 = EDGE_CURVE('',#6609,#6591,#6617,.T.);
#6617 = LINE('',#6618,#6619);
#6618 = CARTESIAN_POINT('',(1.994,-2.502,1.195));
#6619 = VECTOR('',#6620,1.);
#6620 = DIRECTION('',(-1.,0.,0.));
#6621 = PLANE('',#6622);
#6622 = AXIS2_PLACEMENT_3D('',#6623,#6624,#6625);
#6623 = CARTESIAN_POINT('',(-1.994,-2.502,1.195));
#6624 = DIRECTION('',(0.,0.994987562733,-9.999875002344E-02));
#6625 = DIRECTION('',(0.,9.999875002344E-02,0.994987562733));
#6626 = SHELL_BASED_SURFACE_MODEL('',(#6627));
#6627 = OPEN_SHELL('',(#6628));
#6628 = ADVANCED_FACE('',(#6629),#6663,.F.);
#6629 = FACE_BOUND('',#6630,.F.);
#6630 = EDGE_LOOP('',(#6631,#6641,#6649,#6657));
#6631 = ORIENTED_EDGE('',*,*,#6632,.T.);
#6632 = EDGE_CURVE('',#6633,#6635,#6637,.T.);
#6633 = VERTEX_POINT('',#6634);
#6634 = CARTESIAN_POINT('',(1.994,-2.502,1.195));
#6635 = VERTEX_POINT('',#6636);
#6636 = CARTESIAN_POINT('',(1.791,-2.451,1.702));
#6637 = LINE('',#6638,#6639);
#6638 = CARTESIAN_POINT('',(1.994,-2.502,1.195));
#6639 = VECTOR('',#6640,1.);
#6640 = DIRECTION('',(-0.370987757606,9.299693115191E-02,0.923969509509)
  );
#6641 = ORIENTED_EDGE('',*,*,#6642,.T.);
#6642 = EDGE_CURVE('',#6635,#6643,#6645,.T.);
#6643 = VERTEX_POINT('',#6644);
#6644 = CARTESIAN_POINT('',(1.791,2.451,1.702));
#6645 = LINE('',#6646,#6647);
#6646 = CARTESIAN_POINT('',(1.791,-2.451,1.702));
#6647 = VECTOR('',#6648,1.);
#6648 = DIRECTION('',(0.,1.,0.));
#6649 = ORIENTED_EDGE('',*,*,#6650,.T.);
#6650 = EDGE_CURVE('',#6643,#6651,#6653,.T.);
#6651 = VERTEX_POINT('',#6652);
#6652 = CARTESIAN_POINT('',(1.994,2.502,1.195));
#6653 = LINE('',#6654,#6655);
#6654 = CARTESIAN_POINT('',(1.791,2.451,1.702));
#6655 = VECTOR('',#6656,1.);
#6656 = DIRECTION('',(0.370987757606,9.299693115191E-02,-0.923969509509)
  );
#6657 = ORIENTED_EDGE('',*,*,#6658,.T.);
#6658 = EDGE_CURVE('',#6651,#6633,#6659,.T.);
#6659 = LINE('',#6660,#6661);
#6660 = CARTESIAN_POINT('',(1.994,2.502,1.195));
#6661 = VECTOR('',#6662,1.);
#6662 = DIRECTION('',(0.,-1.,0.));
#6663 = PLANE('',#6664);
#6664 = AXIS2_PLACEMENT_3D('',#6665,#6666,#6667);
#6665 = CARTESIAN_POINT('',(1.994,-2.502,1.195));
#6666 = DIRECTION('',(-0.928200512969,0.,-0.372080378043));
#6667 = DIRECTION('',(-0.372080378043,0.,0.928200512969));
#6668 = SHELL_BASED_SURFACE_MODEL('',(#6669));
#6669 = OPEN_SHELL('',(#6670));
#6670 = ADVANCED_FACE('',(#6671),#6705,.F.);
#6671 = FACE_BOUND('',#6672,.F.);
#6672 = EDGE_LOOP('',(#6673,#6683,#6691,#6699));
#6673 = ORIENTED_EDGE('',*,*,#6674,.T.);
#6674 = EDGE_CURVE('',#6675,#6677,#6679,.T.);
#6675 = VERTEX_POINT('',#6676);
#6676 = CARTESIAN_POINT('',(1.994,2.502,1.195));
#6677 = VERTEX_POINT('',#6678);
#6678 = CARTESIAN_POINT('',(1.791,2.451,1.702));
#6679 = LINE('',#6680,#6681);
#6680 = CARTESIAN_POINT('',(1.994,2.502,1.195));
#6681 = VECTOR('',#6682,1.);
#6682 = DIRECTION('',(-0.370987757606,-9.299693115191E-02,0.923969509509
    ));
#6683 = ORIENTED_EDGE('',*,*,#6684,.T.);
#6684 = EDGE_CURVE('',#6677,#6685,#6687,.T.);
#6685 = VERTEX_POINT('',#6686);
#6686 = CARTESIAN_POINT('',(-1.791,2.451,1.702));
#6687 = LINE('',#6688,#6689);
#6688 = CARTESIAN_POINT('',(1.791,2.451,1.702));
#6689 = VECTOR('',#6690,1.);
#6690 = DIRECTION('',(-1.,0.,0.));
#6691 = ORIENTED_EDGE('',*,*,#6692,.T.);
#6692 = EDGE_CURVE('',#6685,#6693,#6695,.T.);
#6693 = VERTEX_POINT('',#6694);
#6694 = CARTESIAN_POINT('',(-1.994,2.502,1.195));
#6695 = LINE('',#6696,#6697);
#6696 = CARTESIAN_POINT('',(-1.791,2.451,1.702));
#6697 = VECTOR('',#6698,1.);
#6698 = DIRECTION('',(-0.370987757606,9.299693115191E-02,-0.923969509509
    ));
#6699 = ORIENTED_EDGE('',*,*,#6700,.T.);
#6700 = EDGE_CURVE('',#6693,#6675,#6701,.T.);
#6701 = LINE('',#6702,#6703);
#6702 = CARTESIAN_POINT('',(-1.994,2.502,1.195));
#6703 = VECTOR('',#6704,1.);
#6704 = DIRECTION('',(1.,0.,0.));
#6705 = PLANE('',#6706);
#6706 = AXIS2_PLACEMENT_3D('',#6707,#6708,#6709);
#6707 = CARTESIAN_POINT('',(1.994,2.502,1.195));
#6708 = DIRECTION('',(0.,-0.994987562733,-9.999875002344E-02));
#6709 = DIRECTION('',(0.,-9.999875002344E-02,0.994987562733));
#6710 = SHELL_BASED_SURFACE_MODEL('',(#6711));
#6711 = OPEN_SHELL('',(#6712));
#6712 = ADVANCED_FACE('',(#6713),#6747,.F.);
#6713 = FACE_BOUND('',#6714,.F.);
#6714 = EDGE_LOOP('',(#6715,#6725,#6733,#6741));
#6715 = ORIENTED_EDGE('',*,*,#6716,.T.);
#6716 = EDGE_CURVE('',#6717,#6719,#6721,.T.);
#6717 = VERTEX_POINT('',#6718);
#6718 = CARTESIAN_POINT('',(-1.994,2.502,1.195));
#6719 = VERTEX_POINT('',#6720);
#6720 = CARTESIAN_POINT('',(-1.791,2.451,1.702));
#6721 = LINE('',#6722,#6723);
#6722 = CARTESIAN_POINT('',(-1.994,2.502,1.195));
#6723 = VECTOR('',#6724,1.);
#6724 = DIRECTION('',(0.370987757606,-9.299693115191E-02,0.923969509509)
  );
#6725 = ORIENTED_EDGE('',*,*,#6726,.T.);
#6726 = EDGE_CURVE('',#6719,#6727,#6729,.T.);
#6727 = VERTEX_POINT('',#6728);
#6728 = CARTESIAN_POINT('',(-1.791,-2.451,1.702));
#6729 = LINE('',#6730,#6731);
#6730 = CARTESIAN_POINT('',(-1.791,2.451,1.702));
#6731 = VECTOR('',#6732,1.);
#6732 = DIRECTION('',(0.,-1.,0.));
#6733 = ORIENTED_EDGE('',*,*,#6734,.T.);
#6734 = EDGE_CURVE('',#6727,#6735,#6737,.T.);
#6735 = VERTEX_POINT('',#6736);
#6736 = CARTESIAN_POINT('',(-1.994,-2.502,1.195));
#6737 = LINE('',#6738,#6739);
#6738 = CARTESIAN_POINT('',(-1.791,-2.451,1.702));
#6739 = VECTOR('',#6740,1.);
#6740 = DIRECTION('',(-0.370987757606,-9.299693115191E-02,
    -0.923969509509));
#6741 = ORIENTED_EDGE('',*,*,#6742,.T.);
#6742 = EDGE_CURVE('',#6735,#6717,#6743,.T.);
#6743 = LINE('',#6744,#6745);
#6744 = CARTESIAN_POINT('',(-1.994,-2.502,1.195));
#6745 = VECTOR('',#6746,1.);
#6746 = DIRECTION('',(0.,1.,0.));
#6747 = PLANE('',#6748);
#6748 = AXIS2_PLACEMENT_3D('',#6749,#6750,#6751);
#6749 = CARTESIAN_POINT('',(-1.994,2.502,1.195));
#6750 = DIRECTION('',(0.928200512969,0.,-0.372080378043));
#6751 = DIRECTION('',(0.372080378043,0.,0.928200512969));
#6752 = SHELL_BASED_SURFACE_MODEL('',(#6753));
#6753 = OPEN_SHELL('',(#6754));
#6754 = ADVANCED_FACE('',(#6755),#6789,.F.);
#6755 = FACE_BOUND('',#6756,.T.);
#6756 = EDGE_LOOP('',(#6757,#6767,#6775,#6783));
#6757 = ORIENTED_EDGE('',*,*,#6758,.F.);
#6758 = EDGE_CURVE('',#6759,#6761,#6763,.T.);
#6759 = VERTEX_POINT('',#6760);
#6760 = CARTESIAN_POINT('',(1.994,-2.502,0.877));
#6761 = VERTEX_POINT('',#6762);
#6762 = CARTESIAN_POINT('',(-1.994,-2.502,0.877));
#6763 = LINE('',#6764,#6765);
#6764 = CARTESIAN_POINT('',(1.994,-2.502,0.877));
#6765 = VECTOR('',#6766,1.);
#6766 = DIRECTION('',(-1.,0.,0.));
#6767 = ORIENTED_EDGE('',*,*,#6768,.F.);
#6768 = EDGE_CURVE('',#6769,#6759,#6771,.T.);
#6769 = VERTEX_POINT('',#6770);
#6770 = CARTESIAN_POINT('',(1.994,-2.502,1.195));
#6771 = LINE('',#6772,#6773);
#6772 = CARTESIAN_POINT('',(1.994,-2.502,1.195));
#6773 = VECTOR('',#6774,1.);
#6774 = DIRECTION('',(0.,0.,-1.));
#6775 = ORIENTED_EDGE('',*,*,#6776,.F.);
#6776 = EDGE_CURVE('',#6777,#6769,#6779,.T.);
#6777 = VERTEX_POINT('',#6778);
#6778 = CARTESIAN_POINT('',(-1.994,-2.502,1.195));
#6779 = LINE('',#6780,#6781);
#6780 = CARTESIAN_POINT('',(-1.994,-2.502,1.195));
#6781 = VECTOR('',#6782,1.);
#6782 = DIRECTION('',(1.,0.,0.));
#6783 = ORIENTED_EDGE('',*,*,#6784,.F.);
#6784 = EDGE_CURVE('',#6761,#6777,#6785,.T.);
#6785 = LINE('',#6786,#6787);
#6786 = CARTESIAN_POINT('',(-1.994,-2.502,0.877));
#6787 = VECTOR('',#6788,1.);
#6788 = DIRECTION('',(0.,0.,1.));
#6789 = PLANE('',#6790);
#6790 = AXIS2_PLACEMENT_3D('',#6791,#6792,#6793);
#6791 = CARTESIAN_POINT('',(-1.994,-2.502,0.877));
#6792 = DIRECTION('',(0.,1.,0.));
#6793 = DIRECTION('',(0.,-0.,1.));
#6794 = SHELL_BASED_SURFACE_MODEL('',(#6795));
#6795 = OPEN_SHELL('',(#6796));
#6796 = ADVANCED_FACE('',(#6797),#6831,.F.);
#6797 = FACE_BOUND('',#6798,.T.);
#6798 = EDGE_LOOP('',(#6799,#6809,#6817,#6825));
#6799 = ORIENTED_EDGE('',*,*,#6800,.F.);
#6800 = EDGE_CURVE('',#6801,#6803,#6805,.T.);
#6801 = VERTEX_POINT('',#6802);
#6802 = CARTESIAN_POINT('',(1.994,2.502,0.877));
#6803 = VERTEX_POINT('',#6804);
#6804 = CARTESIAN_POINT('',(1.994,-2.502,0.877));
#6805 = LINE('',#6806,#6807);
#6806 = CARTESIAN_POINT('',(1.994,2.502,0.877));
#6807 = VECTOR('',#6808,1.);
#6808 = DIRECTION('',(0.,-1.,0.));
#6809 = ORIENTED_EDGE('',*,*,#6810,.F.);
#6810 = EDGE_CURVE('',#6811,#6801,#6813,.T.);
#6811 = VERTEX_POINT('',#6812);
#6812 = CARTESIAN_POINT('',(1.994,2.502,1.195));
#6813 = LINE('',#6814,#6815);
#6814 = CARTESIAN_POINT('',(1.994,2.502,1.195));
#6815 = VECTOR('',#6816,1.);
#6816 = DIRECTION('',(0.,0.,-1.));
#6817 = ORIENTED_EDGE('',*,*,#6818,.F.);
#6818 = EDGE_CURVE('',#6819,#6811,#6821,.T.);
#6819 = VERTEX_POINT('',#6820);
#6820 = CARTESIAN_POINT('',(1.994,-2.502,1.195));
#6821 = LINE('',#6822,#6823);
#6822 = CARTESIAN_POINT('',(1.994,-2.502,1.195));
#6823 = VECTOR('',#6824,1.);
#6824 = DIRECTION('',(0.,1.,0.));
#6825 = ORIENTED_EDGE('',*,*,#6826,.F.);
#6826 = EDGE_CURVE('',#6803,#6819,#6827,.T.);
#6827 = LINE('',#6828,#6829);
#6828 = CARTESIAN_POINT('',(1.994,-2.502,0.877));
#6829 = VECTOR('',#6830,1.);
#6830 = DIRECTION('',(0.,0.,1.));
#6831 = PLANE('',#6832);
#6832 = AXIS2_PLACEMENT_3D('',#6833,#6834,#6835);
#6833 = CARTESIAN_POINT('',(1.994,-2.502,0.877));
#6834 = DIRECTION('',(-1.,0.,0.));
#6835 = DIRECTION('',(0.,0.,1.));
#6836 = SHELL_BASED_SURFACE_MODEL('',(#6837));
#6837 = OPEN_SHELL('',(#6838));
#6838 = ADVANCED_FACE('',(#6839),#6873,.F.);
#6839 = FACE_BOUND('',#6840,.T.);
#6840 = EDGE_LOOP('',(#6841,#6851,#6859,#6867));
#6841 = ORIENTED_EDGE('',*,*,#6842,.F.);
#6842 = EDGE_CURVE('',#6843,#6845,#6847,.T.);
#6843 = VERTEX_POINT('',#6844);
#6844 = CARTESIAN_POINT('',(-1.994,2.502,0.877));
#6845 = VERTEX_POINT('',#6846);
#6846 = CARTESIAN_POINT('',(1.994,2.502,0.877));
#6847 = LINE('',#6848,#6849);
#6848 = CARTESIAN_POINT('',(-1.994,2.502,0.877));
#6849 = VECTOR('',#6850,1.);
#6850 = DIRECTION('',(1.,0.,0.));
#6851 = ORIENTED_EDGE('',*,*,#6852,.F.);
#6852 = EDGE_CURVE('',#6853,#6843,#6855,.T.);
#6853 = VERTEX_POINT('',#6854);
#6854 = CARTESIAN_POINT('',(-1.994,2.502,1.195));
#6855 = LINE('',#6856,#6857);
#6856 = CARTESIAN_POINT('',(-1.994,2.502,1.195));
#6857 = VECTOR('',#6858,1.);
#6858 = DIRECTION('',(0.,0.,-1.));
#6859 = ORIENTED_EDGE('',*,*,#6860,.F.);
#6860 = EDGE_CURVE('',#6861,#6853,#6863,.T.);
#6861 = VERTEX_POINT('',#6862);
#6862 = CARTESIAN_POINT('',(1.994,2.502,1.195));
#6863 = LINE('',#6864,#6865);
#6864 = CARTESIAN_POINT('',(1.994,2.502,1.195));
#6865 = VECTOR('',#6866,1.);
#6866 = DIRECTION('',(-1.,0.,0.));
#6867 = ORIENTED_EDGE('',*,*,#6868,.F.);
#6868 = EDGE_CURVE('',#6845,#6861,#6869,.T.);
#6869 = LINE('',#6870,#6871);
#6870 = CARTESIAN_POINT('',(1.994,2.502,0.877));
#6871 = VECTOR('',#6872,1.);
#6872 = DIRECTION('',(0.,0.,1.));
#6873 = PLANE('',#6874);
#6874 = AXIS2_PLACEMENT_3D('',#6875,#6876,#6877);
#6875 = CARTESIAN_POINT('',(1.994,2.502,0.877));
#6876 = DIRECTION('',(0.,-1.,0.));
#6877 = DIRECTION('',(0.,0.,1.));
#6878 = SHELL_BASED_SURFACE_MODEL('',(#6879));
#6879 = OPEN_SHELL('',(#6880));
#6880 = ADVANCED_FACE('',(#6881),#6915,.F.);
#6881 = FACE_BOUND('',#6882,.T.);
#6882 = EDGE_LOOP('',(#6883,#6893,#6901,#6909));
#6883 = ORIENTED_EDGE('',*,*,#6884,.F.);
#6884 = EDGE_CURVE('',#6885,#6887,#6889,.T.);
#6885 = VERTEX_POINT('',#6886);
#6886 = CARTESIAN_POINT('',(-1.994,-2.502,0.877));
#6887 = VERTEX_POINT('',#6888);
#6888 = CARTESIAN_POINT('',(-1.994,2.502,0.877));
#6889 = LINE('',#6890,#6891);
#6890 = CARTESIAN_POINT('',(-1.994,-2.502,0.877));
#6891 = VECTOR('',#6892,1.);
#6892 = DIRECTION('',(0.,1.,0.));
#6893 = ORIENTED_EDGE('',*,*,#6894,.F.);
#6894 = EDGE_CURVE('',#6895,#6885,#6897,.T.);
#6895 = VERTEX_POINT('',#6896);
#6896 = CARTESIAN_POINT('',(-1.994,-2.502,1.195));
#6897 = LINE('',#6898,#6899);
#6898 = CARTESIAN_POINT('',(-1.994,-2.502,1.195));
#6899 = VECTOR('',#6900,1.);
#6900 = DIRECTION('',(0.,0.,-1.));
#6901 = ORIENTED_EDGE('',*,*,#6902,.F.);
#6902 = EDGE_CURVE('',#6903,#6895,#6905,.T.);
#6903 = VERTEX_POINT('',#6904);
#6904 = CARTESIAN_POINT('',(-1.994,2.502,1.195));
#6905 = LINE('',#6906,#6907);
#6906 = CARTESIAN_POINT('',(-1.994,2.502,1.195));
#6907 = VECTOR('',#6908,1.);
#6908 = DIRECTION('',(0.,-1.,0.));
#6909 = ORIENTED_EDGE('',*,*,#6910,.F.);
#6910 = EDGE_CURVE('',#6887,#6903,#6911,.T.);
#6911 = LINE('',#6912,#6913);
#6912 = CARTESIAN_POINT('',(-1.994,2.502,0.877));
#6913 = VECTOR('',#6914,1.);
#6914 = DIRECTION('',(0.,0.,1.));
#6915 = PLANE('',#6916);
#6916 = AXIS2_PLACEMENT_3D('',#6917,#6918,#6919);
#6917 = CARTESIAN_POINT('',(-1.994,2.502,0.877));
#6918 = DIRECTION('',(1.,0.,0.));
#6919 = DIRECTION('',(0.,0.,1.));
#6920 = SHELL_BASED_SURFACE_MODEL('',(#6921));
#6921 = OPEN_SHELL('',(#6922));
#6922 = ADVANCED_FACE('',(#6923),#6957,.F.);
#6923 = FACE_BOUND('',#6924,.F.);
#6924 = EDGE_LOOP('',(#6925,#6935,#6943,#6951));
#6925 = ORIENTED_EDGE('',*,*,#6926,.T.);
#6926 = EDGE_CURVE('',#6927,#6929,#6931,.T.);
#6927 = VERTEX_POINT('',#6928);
#6928 = CARTESIAN_POINT('',(-1.892,-2.451,0.254));
#6929 = VERTEX_POINT('',#6930);
#6930 = CARTESIAN_POINT('',(-1.994,-2.502,0.877));
#6931 = LINE('',#6932,#6933);
#6932 = CARTESIAN_POINT('',(-1.892,-2.451,0.254));
#6933 = VECTOR('',#6934,1.);
#6934 = DIRECTION('',(-0.160953571591,-7.997692998307E-02,0.983716238792
    ));
#6935 = ORIENTED_EDGE('',*,*,#6936,.T.);
#6936 = EDGE_CURVE('',#6929,#6937,#6939,.T.);
#6937 = VERTEX_POINT('',#6938);
#6938 = CARTESIAN_POINT('',(1.994,-2.502,0.877));
#6939 = LINE('',#6940,#6941);
#6940 = CARTESIAN_POINT('',(-1.994,-2.502,0.877));
#6941 = VECTOR('',#6942,1.);
#6942 = DIRECTION('',(1.,0.,0.));
#6943 = ORIENTED_EDGE('',*,*,#6944,.T.);
#6944 = EDGE_CURVE('',#6937,#6945,#6947,.T.);
#6945 = VERTEX_POINT('',#6946);
#6946 = CARTESIAN_POINT('',(1.892,-2.451,0.254));
#6947 = LINE('',#6948,#6949);
#6948 = CARTESIAN_POINT('',(1.994,-2.502,0.877));
#6949 = VECTOR('',#6950,1.);
#6950 = DIRECTION('',(-0.160953571591,7.997692998307E-02,-0.983716238792
    ));
#6951 = ORIENTED_EDGE('',*,*,#6952,.T.);
#6952 = EDGE_CURVE('',#6945,#6927,#6953,.T.);
#6953 = LINE('',#6954,#6955);
#6954 = CARTESIAN_POINT('',(1.892,-2.451,0.254));
#6955 = VECTOR('',#6956,1.);
#6956 = DIRECTION('',(-1.,0.,0.));
#6957 = PLANE('',#6958);
#6958 = AXIS2_PLACEMENT_3D('',#6959,#6960,#6961);
#6959 = CARTESIAN_POINT('',(-1.892,-2.451,0.254));
#6960 = DIRECTION('',(0.,0.996715976414,8.097692486415E-02));
#6961 = DIRECTION('',(0.,-8.097692486415E-02,0.996715976414));
#6962 = SHELL_BASED_SURFACE_MODEL('',(#6963));
#6963 = OPEN_SHELL('',(#6964));
#6964 = ADVANCED_FACE('',(#6965),#6999,.F.);
#6965 = FACE_BOUND('',#6966,.F.);
#6966 = EDGE_LOOP('',(#6967,#6977,#6985,#6993));
#6967 = ORIENTED_EDGE('',*,*,#6968,.T.);
#6968 = EDGE_CURVE('',#6969,#6971,#6973,.T.);
#6969 = VERTEX_POINT('',#6970);
#6970 = CARTESIAN_POINT('',(1.892,-2.451,0.254));
#6971 = VERTEX_POINT('',#6972);
#6972 = CARTESIAN_POINT('',(1.994,-2.502,0.877));
#6973 = LINE('',#6974,#6975);
#6974 = CARTESIAN_POINT('',(1.892,-2.451,0.254));
#6975 = VECTOR('',#6976,1.);
#6976 = DIRECTION('',(0.160953571591,-7.997692998307E-02,0.983716238792)
  );
#6977 = ORIENTED_EDGE('',*,*,#6978,.T.);
#6978 = EDGE_CURVE('',#6971,#6979,#6981,.T.);
#6979 = VERTEX_POINT('',#6980);
#6980 = CARTESIAN_POINT('',(1.994,2.502,0.877));
#6981 = LINE('',#6982,#6983);
#6982 = CARTESIAN_POINT('',(1.994,-2.502,0.877));
#6983 = VECTOR('',#6984,1.);
#6984 = DIRECTION('',(0.,1.,0.));
#6985 = ORIENTED_EDGE('',*,*,#6986,.T.);
#6986 = EDGE_CURVE('',#6979,#6987,#6989,.T.);
#6987 = VERTEX_POINT('',#6988);
#6988 = CARTESIAN_POINT('',(1.892,2.451,0.254));
#6989 = LINE('',#6990,#6991);
#6990 = CARTESIAN_POINT('',(1.994,2.502,0.877));
#6991 = VECTOR('',#6992,1.);
#6992 = DIRECTION('',(-0.160953571591,-7.997692998307E-02,
    -0.983716238792));
#6993 = ORIENTED_EDGE('',*,*,#6994,.T.);
#6994 = EDGE_CURVE('',#6987,#6969,#6995,.T.);
#6995 = LINE('',#6996,#6997);
#6996 = CARTESIAN_POINT('',(1.892,2.451,0.254));
#6997 = VECTOR('',#6998,1.);
#6998 = DIRECTION('',(0.,-1.,0.));
#6999 = PLANE('',#7000);
#7000 = AXIS2_PLACEMENT_3D('',#7001,#7002,#7003);
#7001 = CARTESIAN_POINT('',(1.892,-2.451,0.254));
#7002 = DIRECTION('',(-0.986955587998,0.,0.160992755489));
#7003 = DIRECTION('',(0.160992755489,0.,0.986955587998));
#7004 = SHELL_BASED_SURFACE_MODEL('',(#7005));
#7005 = OPEN_SHELL('',(#7006));
#7006 = ADVANCED_FACE('',(#7007),#7041,.F.);
#7007 = FACE_BOUND('',#7008,.F.);
#7008 = EDGE_LOOP('',(#7009,#7019,#7027,#7035));
#7009 = ORIENTED_EDGE('',*,*,#7010,.T.);
#7010 = EDGE_CURVE('',#7011,#7013,#7015,.T.);
#7011 = VERTEX_POINT('',#7012);
#7012 = CARTESIAN_POINT('',(1.892,2.451,0.254));
#7013 = VERTEX_POINT('',#7014);
#7014 = CARTESIAN_POINT('',(1.994,2.502,0.877));
#7015 = LINE('',#7016,#7017);
#7016 = CARTESIAN_POINT('',(1.892,2.451,0.254));
#7017 = VECTOR('',#7018,1.);
#7018 = DIRECTION('',(0.160953571591,7.997692998307E-02,0.983716238792)
  );
#7019 = ORIENTED_EDGE('',*,*,#7020,.T.);
#7020 = EDGE_CURVE('',#7013,#7021,#7023,.T.);
#7021 = VERTEX_POINT('',#7022);
#7022 = CARTESIAN_POINT('',(-1.994,2.502,0.877));
#7023 = LINE('',#7024,#7025);
#7024 = CARTESIAN_POINT('',(1.994,2.502,0.877));
#7025 = VECTOR('',#7026,1.);
#7026 = DIRECTION('',(-1.,0.,0.));
#7027 = ORIENTED_EDGE('',*,*,#7028,.T.);
#7028 = EDGE_CURVE('',#7021,#7029,#7031,.T.);
#7029 = VERTEX_POINT('',#7030);
#7030 = CARTESIAN_POINT('',(-1.892,2.451,0.254));
#7031 = LINE('',#7032,#7033);
#7032 = CARTESIAN_POINT('',(-1.994,2.502,0.877));
#7033 = VECTOR('',#7034,1.);
#7034 = DIRECTION('',(0.160953571591,-7.997692998307E-02,-0.983716238792
    ));
#7035 = ORIENTED_EDGE('',*,*,#7036,.T.);
#7036 = EDGE_CURVE('',#7029,#7011,#7037,.T.);
#7037 = LINE('',#7038,#7039);
#7038 = CARTESIAN_POINT('',(-1.892,2.451,0.254));
#7039 = VECTOR('',#7040,1.);
#7040 = DIRECTION('',(1.,0.,0.));
#7041 = PLANE('',#7042);
#7042 = AXIS2_PLACEMENT_3D('',#7043,#7044,#7045);
#7043 = CARTESIAN_POINT('',(1.892,2.451,0.254));
#7044 = DIRECTION('',(0.,-0.996715976414,8.097692486415E-02));
#7045 = DIRECTION('',(0.,8.097692486415E-02,0.996715976414));
#7046 = SHELL_BASED_SURFACE_MODEL('',(#7047));
#7047 = OPEN_SHELL('',(#7048));
#7048 = ADVANCED_FACE('',(#7049),#7083,.F.);
#7049 = FACE_BOUND('',#7050,.F.);
#7050 = EDGE_LOOP('',(#7051,#7061,#7069,#7077));
#7051 = ORIENTED_EDGE('',*,*,#7052,.T.);
#7052 = EDGE_CURVE('',#7053,#7055,#7057,.T.);
#7053 = VERTEX_POINT('',#7054);
#7054 = CARTESIAN_POINT('',(-1.892,2.451,0.254));
#7055 = VERTEX_POINT('',#7056);
#7056 = CARTESIAN_POINT('',(-1.994,2.502,0.877));
#7057 = LINE('',#7058,#7059);
#7058 = CARTESIAN_POINT('',(-1.892,2.451,0.254));
#7059 = VECTOR('',#7060,1.);
#7060 = DIRECTION('',(-0.160953571591,7.997692998307E-02,0.983716238792)
  );
#7061 = ORIENTED_EDGE('',*,*,#7062,.T.);
#7062 = EDGE_CURVE('',#7055,#7063,#7065,.T.);
#7063 = VERTEX_POINT('',#7064);
#7064 = CARTESIAN_POINT('',(-1.994,-2.502,0.877));
#7065 = LINE('',#7066,#7067);
#7066 = CARTESIAN_POINT('',(-1.994,2.502,0.877));
#7067 = VECTOR('',#7068,1.);
#7068 = DIRECTION('',(0.,-1.,0.));
#7069 = ORIENTED_EDGE('',*,*,#7070,.T.);
#7070 = EDGE_CURVE('',#7063,#7071,#7073,.T.);
#7071 = VERTEX_POINT('',#7072);
#7072 = CARTESIAN_POINT('',(-1.892,-2.451,0.254));
#7073 = LINE('',#7074,#7075);
#7074 = CARTESIAN_POINT('',(-1.994,-2.502,0.877));
#7075 = VECTOR('',#7076,1.);
#7076 = DIRECTION('',(0.160953571591,7.997692998307E-02,-0.983716238792)
  );
#7077 = ORIENTED_EDGE('',*,*,#7078,.T.);
#7078 = EDGE_CURVE('',#7071,#7053,#7079,.T.);
#7079 = LINE('',#7080,#7081);
#7080 = CARTESIAN_POINT('',(-1.892,-2.451,0.254));
#7081 = VECTOR('',#7082,1.);
#7082 = DIRECTION('',(0.,1.,0.));
#7083 = PLANE('',#7084);
#7084 = AXIS2_PLACEMENT_3D('',#7085,#7086,#7087);
#7085 = CARTESIAN_POINT('',(-1.892,2.451,0.254));
#7086 = DIRECTION('',(0.986955587998,0.,0.160992755489));
#7087 = DIRECTION('',(-0.160992755489,0.,0.986955587998));
#7088 = SHELL_BASED_SURFACE_MODEL('',(#7089));
#7089 = OPEN_SHELL('',(#7090));
#7090 = ADVANCED_FACE('',(#7091),#7125,.F.);
#7091 = FACE_BOUND('',#7092,.T.);
#7092 = EDGE_LOOP('',(#7093,#7103,#7111,#7119));
#7093 = ORIENTED_EDGE('',*,*,#7094,.F.);
#7094 = EDGE_CURVE('',#7095,#7097,#7099,.T.);
#7095 = VERTEX_POINT('',#7096);
#7096 = CARTESIAN_POINT('',(1.892,2.451,0.254));
#7097 = VERTEX_POINT('',#7098);
#7098 = CARTESIAN_POINT('',(-1.892,2.451,0.254));
#7099 = LINE('',#7100,#7101);
#7100 = CARTESIAN_POINT('',(1.892,2.451,0.254));
#7101 = VECTOR('',#7102,1.);
#7102 = DIRECTION('',(-1.,0.,0.));
#7103 = ORIENTED_EDGE('',*,*,#7104,.F.);
#7104 = EDGE_CURVE('',#7105,#7095,#7107,.T.);
#7105 = VERTEX_POINT('',#7106);
#7106 = CARTESIAN_POINT('',(1.892,-2.451,0.254));
#7107 = LINE('',#7108,#7109);
#7108 = CARTESIAN_POINT('',(1.892,-2.451,0.254));
#7109 = VECTOR('',#7110,1.);
#7110 = DIRECTION('',(0.,1.,0.));
#7111 = ORIENTED_EDGE('',*,*,#7112,.F.);
#7112 = EDGE_CURVE('',#7113,#7105,#7115,.T.);
#7113 = VERTEX_POINT('',#7114);
#7114 = CARTESIAN_POINT('',(-1.892,-2.451,0.254));
#7115 = LINE('',#7116,#7117);
#7116 = CARTESIAN_POINT('',(-1.892,-2.451,0.254));
#7117 = VECTOR('',#7118,1.);
#7118 = DIRECTION('',(1.,0.,0.));
#7119 = ORIENTED_EDGE('',*,*,#7120,.F.);
#7120 = EDGE_CURVE('',#7097,#7113,#7121,.T.);
#7121 = LINE('',#7122,#7123);
#7122 = CARTESIAN_POINT('',(-1.892,2.451,0.254));
#7123 = VECTOR('',#7124,1.);
#7124 = DIRECTION('',(0.,-1.,0.));
#7125 = PLANE('',#7126);
#7126 = AXIS2_PLACEMENT_3D('',#7127,#7128,#7129);
#7127 = CARTESIAN_POINT('',(-1.892,2.451,0.254));
#7128 = DIRECTION('',(0.,0.,1.));
#7129 = DIRECTION('',(0.,1.,0.));
#7130 = SHELL_BASED_SURFACE_MODEL('',(#7131));
#7131 = OPEN_SHELL('',(#7132));
#7132 = ADVANCED_FACE('',(#7133),#7167,.F.);
#7133 = FACE_BOUND('',#7134,.T.);
#7134 = EDGE_LOOP('',(#7135,#7145,#7153,#7161));
#7135 = ORIENTED_EDGE('',*,*,#7136,.F.);
#7136 = EDGE_CURVE('',#7137,#7139,#7141,.T.);
#7137 = VERTEX_POINT('',#7138);
#7138 = CARTESIAN_POINT('',(-1.994,2.159,0.851));
#7139 = VERTEX_POINT('',#7140);
#7140 = CARTESIAN_POINT('',(-1.994,1.651,0.851));
#7141 = LINE('',#7142,#7143);
#7142 = CARTESIAN_POINT('',(-1.994,2.159,0.851));
#7143 = VECTOR('',#7144,1.);
#7144 = DIRECTION('',(0.,-1.,0.));
#7145 = ORIENTED_EDGE('',*,*,#7146,.F.);
#7146 = EDGE_CURVE('',#7147,#7137,#7149,.T.);
#7147 = VERTEX_POINT('',#7148);
#7148 = CARTESIAN_POINT('',(-1.994,2.159,1.105));
#7149 = LINE('',#7150,#7151);
#7150 = CARTESIAN_POINT('',(-1.994,2.159,1.105));
#7151 = VECTOR('',#7152,1.);
#7152 = DIRECTION('',(0.,0.,-1.));
#7153 = ORIENTED_EDGE('',*,*,#7154,.F.);
#7154 = EDGE_CURVE('',#7155,#7147,#7157,.T.);
#7155 = VERTEX_POINT('',#7156);
#7156 = CARTESIAN_POINT('',(-1.994,1.651,1.105));
#7157 = LINE('',#7158,#7159);
#7158 = CARTESIAN_POINT('',(-1.994,1.651,1.105));
#7159 = VECTOR('',#7160,1.);
#7160 = DIRECTION('',(0.,1.,0.));
#7161 = ORIENTED_EDGE('',*,*,#7162,.F.);
#7162 = EDGE_CURVE('',#7139,#7155,#7163,.T.);
#7163 = LINE('',#7164,#7165);
#7164 = CARTESIAN_POINT('',(-1.994,1.651,0.851));
#7165 = VECTOR('',#7166,1.);
#7166 = DIRECTION('',(0.,0.,1.));
#7167 = PLANE('',#7168);
#7168 = AXIS2_PLACEMENT_3D('',#7169,#7170,#7171);
#7169 = CARTESIAN_POINT('',(-1.994,1.651,0.851));
#7170 = DIRECTION('',(-1.,0.,0.));
#7171 = DIRECTION('',(0.,0.,1.));
#7172 = SHELL_BASED_SURFACE_MODEL('',(#7173));
#7173 = OPEN_SHELL('',(#7174));
#7174 = ADVANCED_FACE('',(#7175),#7209,.F.);
#7175 = FACE_BOUND('',#7176,.T.);
#7176 = EDGE_LOOP('',(#7177,#7187,#7195,#7203));
#7177 = ORIENTED_EDGE('',*,*,#7178,.F.);
#7178 = EDGE_CURVE('',#7179,#7181,#7183,.T.);
#7179 = VERTEX_POINT('',#7180);
#7180 = CARTESIAN_POINT('',(-1.994,2.159,1.105));
#7181 = VERTEX_POINT('',#7182);
#7182 = CARTESIAN_POINT('',(-1.994,1.651,1.105));
#7183 = LINE('',#7184,#7185);
#7184 = CARTESIAN_POINT('',(-1.994,2.159,1.105));
#7185 = VECTOR('',#7186,1.);
#7186 = DIRECTION('',(0.,-1.,0.));
#7187 = ORIENTED_EDGE('',*,*,#7188,.F.);
#7188 = EDGE_CURVE('',#7189,#7179,#7191,.T.);
#7189 = VERTEX_POINT('',#7190);
#7190 = CARTESIAN_POINT('',(-2.14,2.159,1.105));
#7191 = LINE('',#7192,#7193);
#7192 = CARTESIAN_POINT('',(-2.14,2.159,1.105));
#7193 = VECTOR('',#7194,1.);
#7194 = DIRECTION('',(1.,0.,0.));
#7195 = ORIENTED_EDGE('',*,*,#7196,.F.);
#7196 = EDGE_CURVE('',#7197,#7189,#7199,.T.);
#7197 = VERTEX_POINT('',#7198);
#7198 = CARTESIAN_POINT('',(-2.14,1.651,1.105));
#7199 = LINE('',#7200,#7201);
#7200 = CARTESIAN_POINT('',(-2.14,1.651,1.105));
#7201 = VECTOR('',#7202,1.);
#7202 = DIRECTION('',(0.,1.,0.));
#7203 = ORIENTED_EDGE('',*,*,#7204,.F.);
#7204 = EDGE_CURVE('',#7181,#7197,#7205,.T.);
#7205 = LINE('',#7206,#7207);
#7206 = CARTESIAN_POINT('',(-1.994,1.651,1.105));
#7207 = VECTOR('',#7208,1.);
#7208 = DIRECTION('',(-1.,0.,0.));
#7209 = PLANE('',#7210);
#7210 = AXIS2_PLACEMENT_3D('',#7211,#7212,#7213);
#7211 = CARTESIAN_POINT('',(-1.994,1.651,1.105));
#7212 = DIRECTION('',(0.,0.,-1.));
#7213 = DIRECTION('',(0.,1.,0.));
#7214 = SHELL_BASED_SURFACE_MODEL('',(#7215));
#7215 = OPEN_SHELL('',(#7216));
#7216 = ADVANCED_FACE('',(#7217),#7251,.F.);
#7217 = FACE_BOUND('',#7218,.T.);
#7218 = EDGE_LOOP('',(#7219,#7229,#7237,#7245));
#7219 = ORIENTED_EDGE('',*,*,#7220,.F.);
#7220 = EDGE_CURVE('',#7221,#7223,#7225,.T.);
#7221 = VERTEX_POINT('',#7222);
#7222 = CARTESIAN_POINT('',(-1.994,1.651,0.851));
#7223 = VERTEX_POINT('',#7224);
#7224 = CARTESIAN_POINT('',(-1.994,2.159,0.851));
#7225 = LINE('',#7226,#7227);
#7226 = CARTESIAN_POINT('',(-1.994,1.651,0.851));
#7227 = VECTOR('',#7228,1.);
#7228 = DIRECTION('',(0.,1.,0.));
#7229 = ORIENTED_EDGE('',*,*,#7230,.F.);
#7230 = EDGE_CURVE('',#7231,#7221,#7233,.T.);
#7231 = VERTEX_POINT('',#7232);
#7232 = CARTESIAN_POINT('',(-2.14,1.651,0.851));
#7233 = LINE('',#7234,#7235);
#7234 = CARTESIAN_POINT('',(-2.14,1.651,0.851));
#7235 = VECTOR('',#7236,1.);
#7236 = DIRECTION('',(1.,0.,0.));
#7237 = ORIENTED_EDGE('',*,*,#7238,.F.);
#7238 = EDGE_CURVE('',#7239,#7231,#7241,.T.);
#7239 = VERTEX_POINT('',#7240);
#7240 = CARTESIAN_POINT('',(-2.14,2.159,0.851));
#7241 = LINE('',#7242,#7243);
#7242 = CARTESIAN_POINT('',(-2.14,2.159,0.851));
#7243 = VECTOR('',#7244,1.);
#7244 = DIRECTION('',(0.,-1.,0.));
#7245 = ORIENTED_EDGE('',*,*,#7246,.F.);
#7246 = EDGE_CURVE('',#7223,#7239,#7247,.T.);
#7247 = LINE('',#7248,#7249);
#7248 = CARTESIAN_POINT('',(-1.994,2.159,0.851));
#7249 = VECTOR('',#7250,1.);
#7250 = DIRECTION('',(-1.,0.,0.));
#7251 = PLANE('',#7252);
#7252 = AXIS2_PLACEMENT_3D('',#7253,#7254,#7255);
#7253 = CARTESIAN_POINT('',(-1.994,2.159,0.851));
#7254 = DIRECTION('',(0.,0.,1.));
#7255 = DIRECTION('',(0.,1.,0.));
#7256 = SHELL_BASED_SURFACE_MODEL('',(#7257));
#7257 = OPEN_SHELL('',(#7258));
#7258 = ADVANCED_FACE('',(#7259),#7293,.F.);
#7259 = FACE_BOUND('',#7260,.F.);
#7260 = EDGE_LOOP('',(#7261,#7271,#7279,#7287));
#7261 = ORIENTED_EDGE('',*,*,#7262,.T.);
#7262 = EDGE_CURVE('',#7263,#7265,#7267,.T.);
#7263 = VERTEX_POINT('',#7264);
#7264 = CARTESIAN_POINT('',(-2.707,2.159,0.442));
#7265 = VERTEX_POINT('',#7266);
#7266 = CARTESIAN_POINT('',(-2.631,2.159,0.728));
#7267 = LINE('',#7268,#7269);
#7268 = CARTESIAN_POINT('',(-2.707,2.159,0.442));
#7269 = VECTOR('',#7270,1.);
#7270 = DIRECTION('',(0.258969313954,0.,0.965885549343));
#7271 = ORIENTED_EDGE('',*,*,#7272,.T.);
#7272 = EDGE_CURVE('',#7265,#7273,#7275,.T.);
#7273 = VERTEX_POINT('',#7274);
#7274 = CARTESIAN_POINT('',(-2.631,1.651,0.728));
#7275 = LINE('',#7276,#7277);
#7276 = CARTESIAN_POINT('',(-2.631,2.159,0.728));
#7277 = VECTOR('',#7278,1.);
#7278 = DIRECTION('',(0.,-1.,0.));
#7279 = ORIENTED_EDGE('',*,*,#7280,.T.);
#7280 = EDGE_CURVE('',#7273,#7281,#7283,.T.);
#7281 = VERTEX_POINT('',#7282);
#7282 = CARTESIAN_POINT('',(-2.707,1.651,0.442));
#7283 = LINE('',#7284,#7285);
#7284 = CARTESIAN_POINT('',(-2.631,1.651,0.728));
#7285 = VECTOR('',#7286,1.);
#7286 = DIRECTION('',(-0.258969313954,0.,-0.965885549343));
#7287 = ORIENTED_EDGE('',*,*,#7288,.T.);
#7288 = EDGE_CURVE('',#7281,#7263,#7289,.T.);
#7289 = LINE('',#7290,#7291);
#7290 = CARTESIAN_POINT('',(-2.707,1.651,0.442));
#7291 = VECTOR('',#7292,1.);
#7292 = DIRECTION('',(0.,1.,0.));
#7293 = PLANE('',#7294);
#7294 = AXIS2_PLACEMENT_3D('',#7295,#7296,#7297);
#7295 = CARTESIAN_POINT('',(-2.707,2.159,0.442));
#7296 = DIRECTION('',(0.965885549343,0.,-0.258969313954));
#7297 = DIRECTION('',(0.258969313954,0.,0.965885549343));
#7298 = SHELL_BASED_SURFACE_MODEL('',(#7299));
#7299 = OPEN_SHELL('',(#7300));
#7300 = ADVANCED_FACE('',(#7301),#7335,.F.);
#7301 = FACE_BOUND('',#7302,.F.);
#7302 = EDGE_LOOP('',(#7303,#7313,#7321,#7329));
#7303 = ORIENTED_EDGE('',*,*,#7304,.T.);
#7304 = EDGE_CURVE('',#7305,#7307,#7309,.T.);
#7305 = VERTEX_POINT('',#7306);
#7306 = CARTESIAN_POINT('',(-2.462,1.651,0.377));
#7307 = VERTEX_POINT('',#7308);
#7308 = CARTESIAN_POINT('',(-2.385,1.651,0.663));
#7309 = LINE('',#7310,#7311);
#7310 = CARTESIAN_POINT('',(-2.462,1.651,0.377));
#7311 = VECTOR('',#7312,1.);
#7312 = DIRECTION('',(0.258969313954,0.,0.965885549343));
#7313 = ORIENTED_EDGE('',*,*,#7314,.T.);
#7314 = EDGE_CURVE('',#7307,#7315,#7317,.T.);
#7315 = VERTEX_POINT('',#7316);
#7316 = CARTESIAN_POINT('',(-2.385,2.159,0.663));
#7317 = LINE('',#7318,#7319);
#7318 = CARTESIAN_POINT('',(-2.385,1.651,0.663));
#7319 = VECTOR('',#7320,1.);
#7320 = DIRECTION('',(0.,1.,0.));
#7321 = ORIENTED_EDGE('',*,*,#7322,.T.);
#7322 = EDGE_CURVE('',#7315,#7323,#7325,.T.);
#7323 = VERTEX_POINT('',#7324);
#7324 = CARTESIAN_POINT('',(-2.462,2.159,0.377));
#7325 = LINE('',#7326,#7327);
#7326 = CARTESIAN_POINT('',(-2.385,2.159,0.663));
#7327 = VECTOR('',#7328,1.);
#7328 = DIRECTION('',(-0.258969313954,0.,-0.965885549343));
#7329 = ORIENTED_EDGE('',*,*,#7330,.T.);
#7330 = EDGE_CURVE('',#7323,#7305,#7331,.T.);
#7331 = LINE('',#7332,#7333);
#7332 = CARTESIAN_POINT('',(-2.462,2.159,0.377));
#7333 = VECTOR('',#7334,1.);
#7334 = DIRECTION('',(0.,-1.,0.));
#7335 = PLANE('',#7336);
#7336 = AXIS2_PLACEMENT_3D('',#7337,#7338,#7339);
#7337 = CARTESIAN_POINT('',(-2.462,1.651,0.377));
#7338 = DIRECTION('',(-0.965885549343,0.,0.258969313954));
#7339 = DIRECTION('',(0.258969313954,0.,0.965885549343));
#7340 = SHELL_BASED_SURFACE_MODEL('',(#7341));
#7341 = OPEN_SHELL('',(#7342));
#7342 = ADVANCED_FACE('',(#7343),#7377,.F.);
#7343 = FACE_BOUND('',#7344,.T.);
#7344 = EDGE_LOOP('',(#7345,#7355,#7363,#7371));
#7345 = ORIENTED_EDGE('',*,*,#7346,.F.);
#7346 = EDGE_CURVE('',#7347,#7349,#7351,.T.);
#7347 = VERTEX_POINT('',#7348);
#7348 = CARTESIAN_POINT('',(-3.099,1.651,0.254));
#7349 = VERTEX_POINT('',#7350);
#7350 = CARTESIAN_POINT('',(-3.099,2.159,0.254));
#7351 = LINE('',#7352,#7353);
#7352 = CARTESIAN_POINT('',(-3.099,1.651,0.254));
#7353 = VECTOR('',#7354,1.);
#7354 = DIRECTION('',(0.,1.,0.));
#7355 = ORIENTED_EDGE('',*,*,#7356,.F.);
#7356 = EDGE_CURVE('',#7357,#7347,#7359,.T.);
#7357 = VERTEX_POINT('',#7358);
#7358 = CARTESIAN_POINT('',(-2.953,1.651,0.254));
#7359 = LINE('',#7360,#7361);
#7360 = CARTESIAN_POINT('',(-2.953,1.651,0.254));
#7361 = VECTOR('',#7362,1.);
#7362 = DIRECTION('',(-1.,0.,0.));
#7363 = ORIENTED_EDGE('',*,*,#7364,.F.);
#7364 = EDGE_CURVE('',#7365,#7357,#7367,.T.);
#7365 = VERTEX_POINT('',#7366);
#7366 = CARTESIAN_POINT('',(-2.953,2.159,0.254));
#7367 = LINE('',#7368,#7369);
#7368 = CARTESIAN_POINT('',(-2.953,2.159,0.254));
#7369 = VECTOR('',#7370,1.);
#7370 = DIRECTION('',(0.,-1.,0.));
#7371 = ORIENTED_EDGE('',*,*,#7372,.F.);
#7372 = EDGE_CURVE('',#7349,#7365,#7373,.T.);
#7373 = LINE('',#7374,#7375);
#7374 = CARTESIAN_POINT('',(-3.099,2.159,0.254));
#7375 = VECTOR('',#7376,1.);
#7376 = DIRECTION('',(1.,0.,0.));
#7377 = PLANE('',#7378);
#7378 = AXIS2_PLACEMENT_3D('',#7379,#7380,#7381);
#7379 = CARTESIAN_POINT('',(-3.099,2.159,0.254));
#7380 = DIRECTION('',(0.,0.,-1.));
#7381 = DIRECTION('',(0.,1.,0.));
#7382 = SHELL_BASED_SURFACE_MODEL('',(#7383));
#7383 = OPEN_SHELL('',(#7384));
#7384 = ADVANCED_FACE('',(#7385),#7419,.F.);
#7385 = FACE_BOUND('',#7386,.T.);
#7386 = EDGE_LOOP('',(#7387,#7397,#7405,#7413));
#7387 = ORIENTED_EDGE('',*,*,#7388,.F.);
#7388 = EDGE_CURVE('',#7389,#7391,#7393,.T.);
#7389 = VERTEX_POINT('',#7390);
#7390 = CARTESIAN_POINT('',(-2.953,1.651,0.));
#7391 = VERTEX_POINT('',#7392);
#7392 = CARTESIAN_POINT('',(-2.953,2.159,0.));
#7393 = LINE('',#7394,#7395);
#7394 = CARTESIAN_POINT('',(-2.953,1.651,0.));
#7395 = VECTOR('',#7396,1.);
#7396 = DIRECTION('',(0.,1.,0.));
#7397 = ORIENTED_EDGE('',*,*,#7398,.F.);
#7398 = EDGE_CURVE('',#7399,#7389,#7401,.T.);
#7399 = VERTEX_POINT('',#7400);
#7400 = CARTESIAN_POINT('',(-3.099,1.651,0.));
#7401 = LINE('',#7402,#7403);
#7402 = CARTESIAN_POINT('',(-3.099,1.651,0.));
#7403 = VECTOR('',#7404,1.);
#7404 = DIRECTION('',(1.,0.,0.));
#7405 = ORIENTED_EDGE('',*,*,#7406,.F.);
#7406 = EDGE_CURVE('',#7407,#7399,#7409,.T.);
#7407 = VERTEX_POINT('',#7408);
#7408 = CARTESIAN_POINT('',(-3.099,2.159,0.));
#7409 = LINE('',#7410,#7411);
#7410 = CARTESIAN_POINT('',(-3.099,2.159,0.));
#7411 = VECTOR('',#7412,1.);
#7412 = DIRECTION('',(0.,-1.,0.));
#7413 = ORIENTED_EDGE('',*,*,#7414,.F.);
#7414 = EDGE_CURVE('',#7391,#7407,#7415,.T.);
#7415 = LINE('',#7416,#7417);
#7416 = CARTESIAN_POINT('',(-2.953,2.159,0.));
#7417 = VECTOR('',#7418,1.);
#7418 = DIRECTION('',(-1.,0.,0.));
#7419 = PLANE('',#7420);
#7420 = AXIS2_PLACEMENT_3D('',#7421,#7422,#7423);
#7421 = CARTESIAN_POINT('',(-2.953,2.159,0.));
#7422 = DIRECTION('',(0.,0.,1.));
#7423 = DIRECTION('',(0.,1.,0.));
#7424 = SHELL_BASED_SURFACE_MODEL('',(#7425));
#7425 = OPEN_SHELL('',(#7426));
#7426 = ADVANCED_FACE('',(#7427),#7461,.F.);
#7427 = FACE_BOUND('',#7428,.T.);
#7428 = EDGE_LOOP('',(#7429,#7439,#7447,#7455));
#7429 = ORIENTED_EDGE('',*,*,#7430,.F.);
#7430 = EDGE_CURVE('',#7431,#7433,#7435,.T.);
#7431 = VERTEX_POINT('',#7432);
#7432 = CARTESIAN_POINT('',(-3.099,1.651,0.));
#7433 = VERTEX_POINT('',#7434);
#7434 = CARTESIAN_POINT('',(-3.099,2.159,0.));
#7435 = LINE('',#7436,#7437);
#7436 = CARTESIAN_POINT('',(-3.099,1.651,0.));
#7437 = VECTOR('',#7438,1.);
#7438 = DIRECTION('',(0.,1.,0.));
#7439 = ORIENTED_EDGE('',*,*,#7440,.F.);
#7440 = EDGE_CURVE('',#7441,#7431,#7443,.T.);
#7441 = VERTEX_POINT('',#7442);
#7442 = CARTESIAN_POINT('',(-3.099,1.651,0.254));
#7443 = LINE('',#7444,#7445);
#7444 = CARTESIAN_POINT('',(-3.099,1.651,0.254));
#7445 = VECTOR('',#7446,1.);
#7446 = DIRECTION('',(0.,0.,-1.));
#7447 = ORIENTED_EDGE('',*,*,#7448,.F.);
#7448 = EDGE_CURVE('',#7449,#7441,#7451,.T.);
#7449 = VERTEX_POINT('',#7450);
#7450 = CARTESIAN_POINT('',(-3.099,2.159,0.254));
#7451 = LINE('',#7452,#7453);
#7452 = CARTESIAN_POINT('',(-3.099,2.159,0.254));
#7453 = VECTOR('',#7454,1.);
#7454 = DIRECTION('',(0.,-1.,0.));
#7455 = ORIENTED_EDGE('',*,*,#7456,.F.);
#7456 = EDGE_CURVE('',#7433,#7449,#7457,.T.);
#7457 = LINE('',#7458,#7459);
#7458 = CARTESIAN_POINT('',(-3.099,2.159,0.));
#7459 = VECTOR('',#7460,1.);
#7460 = DIRECTION('',(0.,0.,1.));
#7461 = PLANE('',#7462);
#7462 = AXIS2_PLACEMENT_3D('',#7463,#7464,#7465);
#7463 = CARTESIAN_POINT('',(-3.099,2.159,0.));
#7464 = DIRECTION('',(1.,0.,0.));
#7465 = DIRECTION('',(0.,0.,1.));
#7466 = SHELL_BASED_SURFACE_MODEL('',(#7467));
#7467 = OPEN_SHELL('',(#7468));
#7468 = ADVANCED_FACE('',(#7469),#7505,.T.);
#7469 = FACE_BOUND('',#7470,.T.);
#7470 = EDGE_LOOP('',(#7471,#7482,#7490,#7499));
#7471 = ORIENTED_EDGE('',*,*,#7472,.T.);
#7472 = EDGE_CURVE('',#7473,#7475,#7477,.T.);
#7473 = VERTEX_POINT('',#7474);
#7474 = CARTESIAN_POINT('',(-2.14,2.159,1.105));
#7475 = VERTEX_POINT('',#7476);
#7476 = CARTESIAN_POINT('',(-2.631,2.159,0.728));
#7477 = CIRCLE('',#7478,0.508);
#7478 = AXIS2_PLACEMENT_3D('',#7479,#7480,#7481);
#7479 = CARTESIAN_POINT('',(-2.14,2.159,0.597));
#7480 = DIRECTION('',(0.,-1.,0.));
#7481 = DIRECTION('',(0.,0.,1.));
#7482 = ORIENTED_EDGE('',*,*,#7483,.T.);
#7483 = EDGE_CURVE('',#7475,#7484,#7486,.T.);
#7484 = VERTEX_POINT('',#7485);
#7485 = CARTESIAN_POINT('',(-2.631,1.651,0.728));
#7486 = LINE('',#7487,#7488);
#7487 = CARTESIAN_POINT('',(-2.631,2.159,0.728));
#7488 = VECTOR('',#7489,1.);
#7489 = DIRECTION('',(0.,-1.,0.));
#7490 = ORIENTED_EDGE('',*,*,#7491,.F.);
#7491 = EDGE_CURVE('',#7492,#7484,#7494,.T.);
#7492 = VERTEX_POINT('',#7493);
#7493 = CARTESIAN_POINT('',(-2.14,1.651,1.105));
#7494 = CIRCLE('',#7495,0.508);
#7495 = AXIS2_PLACEMENT_3D('',#7496,#7497,#7498);
#7496 = CARTESIAN_POINT('',(-2.14,1.651,0.597));
#7497 = DIRECTION('',(0.,-1.,0.));
#7498 = DIRECTION('',(0.,0.,1.));
#7499 = ORIENTED_EDGE('',*,*,#7500,.F.);
#7500 = EDGE_CURVE('',#7473,#7492,#7501,.T.);
#7501 = LINE('',#7502,#7503);
#7502 = CARTESIAN_POINT('',(-2.14,2.159,1.105));
#7503 = VECTOR('',#7504,1.);
#7504 = DIRECTION('',(0.,-1.,0.));
#7505 = CYLINDRICAL_SURFACE('',#7506,0.508);
#7506 = AXIS2_PLACEMENT_3D('',#7507,#7508,#7509);
#7507 = CARTESIAN_POINT('',(-2.14,1.651,0.597));
#7508 = DIRECTION('',(0.,1.,0.));
#7509 = DIRECTION('',(0.,-0.,1.));
#7510 = SHELL_BASED_SURFACE_MODEL('',(#7511));
#7511 = OPEN_SHELL('',(#7512));
#7512 = ADVANCED_FACE('',(#7513),#7549,.F.);
#7513 = FACE_BOUND('',#7514,.F.);
#7514 = EDGE_LOOP('',(#7515,#7525,#7534,#7542));
#7515 = ORIENTED_EDGE('',*,*,#7516,.T.);
#7516 = EDGE_CURVE('',#7517,#7519,#7521,.T.);
#7517 = VERTEX_POINT('',#7518);
#7518 = CARTESIAN_POINT('',(-2.14,1.651,0.851));
#7519 = VERTEX_POINT('',#7520);
#7520 = CARTESIAN_POINT('',(-2.14,2.159,0.851));
#7521 = LINE('',#7522,#7523);
#7522 = CARTESIAN_POINT('',(-2.14,1.651,0.851));
#7523 = VECTOR('',#7524,1.);
#7524 = DIRECTION('',(0.,1.,0.));
#7525 = ORIENTED_EDGE('',*,*,#7526,.T.);
#7526 = EDGE_CURVE('',#7519,#7527,#7529,.T.);
#7527 = VERTEX_POINT('',#7528);
#7528 = CARTESIAN_POINT('',(-2.385,2.159,0.663));
#7529 = CIRCLE('',#7530,0.254);
#7530 = AXIS2_PLACEMENT_3D('',#7531,#7532,#7533);
#7531 = CARTESIAN_POINT('',(-2.14,2.159,0.597));
#7532 = DIRECTION('',(0.,-1.,0.));
#7533 = DIRECTION('',(0.,0.,1.));
#7534 = ORIENTED_EDGE('',*,*,#7535,.F.);
#7535 = EDGE_CURVE('',#7536,#7527,#7538,.T.);
#7536 = VERTEX_POINT('',#7537);
#7537 = CARTESIAN_POINT('',(-2.385,1.651,0.663));
#7538 = LINE('',#7539,#7540);
#7539 = CARTESIAN_POINT('',(-2.385,1.651,0.663));
#7540 = VECTOR('',#7541,1.);
#7541 = DIRECTION('',(0.,1.,0.));
#7542 = ORIENTED_EDGE('',*,*,#7543,.F.);
#7543 = EDGE_CURVE('',#7517,#7536,#7544,.T.);
#7544 = CIRCLE('',#7545,0.254);
#7545 = AXIS2_PLACEMENT_3D('',#7546,#7547,#7548);
#7546 = CARTESIAN_POINT('',(-2.14,1.651,0.597));
#7547 = DIRECTION('',(0.,-1.,0.));
#7548 = DIRECTION('',(0.,0.,1.));
#7549 = CYLINDRICAL_SURFACE('',#7550,0.254);
#7550 = AXIS2_PLACEMENT_3D('',#7551,#7552,#7553);
#7551 = CARTESIAN_POINT('',(-2.14,1.651,0.597));
#7552 = DIRECTION('',(0.,-1.,0.));
#7553 = DIRECTION('',(0.,0.,-1.));
#7554 = SHELL_BASED_SURFACE_MODEL('',(#7555));
#7555 = OPEN_SHELL('',(#7556));
#7556 = ADVANCED_FACE('',(#7557),#7593,.F.);
#7557 = FACE_BOUND('',#7558,.F.);
#7558 = EDGE_LOOP('',(#7559,#7570,#7578,#7587));
#7559 = ORIENTED_EDGE('',*,*,#7560,.T.);
#7560 = EDGE_CURVE('',#7561,#7563,#7565,.T.);
#7561 = VERTEX_POINT('',#7562);
#7562 = CARTESIAN_POINT('',(-2.953,2.159,0.254));
#7563 = VERTEX_POINT('',#7564);
#7564 = CARTESIAN_POINT('',(-2.707,2.159,0.442));
#7565 = CIRCLE('',#7566,0.254);
#7566 = AXIS2_PLACEMENT_3D('',#7567,#7568,#7569);
#7567 = CARTESIAN_POINT('',(-2.953,2.159,0.508));
#7568 = DIRECTION('',(0.,-1.,0.));
#7569 = DIRECTION('',(0.,0.,1.));
#7570 = ORIENTED_EDGE('',*,*,#7571,.T.);
#7571 = EDGE_CURVE('',#7563,#7572,#7574,.T.);
#7572 = VERTEX_POINT('',#7573);
#7573 = CARTESIAN_POINT('',(-2.707,1.651,0.442));
#7574 = LINE('',#7575,#7576);
#7575 = CARTESIAN_POINT('',(-2.707,2.159,0.442));
#7576 = VECTOR('',#7577,1.);
#7577 = DIRECTION('',(0.,-1.,0.));
#7578 = ORIENTED_EDGE('',*,*,#7579,.F.);
#7579 = EDGE_CURVE('',#7580,#7572,#7582,.T.);
#7580 = VERTEX_POINT('',#7581);
#7581 = CARTESIAN_POINT('',(-2.953,1.651,0.254));
#7582 = CIRCLE('',#7583,0.254);
#7583 = AXIS2_PLACEMENT_3D('',#7584,#7585,#7586);
#7584 = CARTESIAN_POINT('',(-2.953,1.651,0.508));
#7585 = DIRECTION('',(0.,-1.,0.));
#7586 = DIRECTION('',(0.,0.,1.));
#7587 = ORIENTED_EDGE('',*,*,#7588,.F.);
#7588 = EDGE_CURVE('',#7561,#7580,#7589,.T.);
#7589 = LINE('',#7590,#7591);
#7590 = CARTESIAN_POINT('',(-2.953,2.159,0.254));
#7591 = VECTOR('',#7592,1.);
#7592 = DIRECTION('',(0.,-1.,0.));
#7593 = CYLINDRICAL_SURFACE('',#7594,0.254);
#7594 = AXIS2_PLACEMENT_3D('',#7595,#7596,#7597);
#7595 = CARTESIAN_POINT('',(-2.953,2.159,0.508));
#7596 = DIRECTION('',(0.,1.,0.));
#7597 = DIRECTION('',(0.,0.,-1.));
#7598 = SHELL_BASED_SURFACE_MODEL('',(#7599));
#7599 = OPEN_SHELL('',(#7600));
#7600 = ADVANCED_FACE('',(#7601),#7637,.T.);
#7601 = FACE_BOUND('',#7602,.T.);
#7602 = EDGE_LOOP('',(#7603,#7613,#7622,#7630));
#7603 = ORIENTED_EDGE('',*,*,#7604,.T.);
#7604 = EDGE_CURVE('',#7605,#7607,#7609,.T.);
#7605 = VERTEX_POINT('',#7606);
#7606 = CARTESIAN_POINT('',(-2.953,1.651,0.));
#7607 = VERTEX_POINT('',#7608);
#7608 = CARTESIAN_POINT('',(-2.953,2.159,0.));
#7609 = LINE('',#7610,#7611);
#7610 = CARTESIAN_POINT('',(-2.953,1.651,0.));
#7611 = VECTOR('',#7612,1.);
#7612 = DIRECTION('',(0.,1.,0.));
#7613 = ORIENTED_EDGE('',*,*,#7614,.T.);
#7614 = EDGE_CURVE('',#7607,#7615,#7617,.T.);
#7615 = VERTEX_POINT('',#7616);
#7616 = CARTESIAN_POINT('',(-2.462,2.159,0.377));
#7617 = CIRCLE('',#7618,0.508);
#7618 = AXIS2_PLACEMENT_3D('',#7619,#7620,#7621);
#7619 = CARTESIAN_POINT('',(-2.953,2.159,0.508));
#7620 = DIRECTION('',(0.,-1.,0.));
#7621 = DIRECTION('',(0.,0.,1.));
#7622 = ORIENTED_EDGE('',*,*,#7623,.F.);
#7623 = EDGE_CURVE('',#7624,#7615,#7626,.T.);
#7624 = VERTEX_POINT('',#7625);
#7625 = CARTESIAN_POINT('',(-2.462,1.651,0.377));
#7626 = LINE('',#7627,#7628);
#7627 = CARTESIAN_POINT('',(-2.462,1.651,0.377));
#7628 = VECTOR('',#7629,1.);
#7629 = DIRECTION('',(0.,1.,0.));
#7630 = ORIENTED_EDGE('',*,*,#7631,.F.);
#7631 = EDGE_CURVE('',#7605,#7624,#7632,.T.);
#7632 = CIRCLE('',#7633,0.508);
#7633 = AXIS2_PLACEMENT_3D('',#7634,#7635,#7636);
#7634 = CARTESIAN_POINT('',(-2.953,1.651,0.508));
#7635 = DIRECTION('',(0.,-1.,0.));
#7636 = DIRECTION('',(0.,0.,1.));
#7637 = CYLINDRICAL_SURFACE('',#7638,0.508);
#7638 = AXIS2_PLACEMENT_3D('',#7639,#7640,#7641);
#7639 = CARTESIAN_POINT('',(-2.953,2.159,0.508));
#7640 = DIRECTION('',(0.,-1.,0.));
#7641 = DIRECTION('',(0.,0.,1.));
#7642 = SHELL_BASED_SURFACE_MODEL('',(#7643));
#7643 = OPEN_SHELL('',(#7644));
#7644 = ADVANCED_FACE('',(#7645),#7747,.T.);
#7645 = FACE_BOUND('',#7646,.T.);
#7646 = EDGE_LOOP('',(#7647,#7657,#7665,#7673,#7682,#7690,#7699,#7707,
    #7715,#7723,#7732,#7740));
#7647 = ORIENTED_EDGE('',*,*,#7648,.T.);
#7648 = EDGE_CURVE('',#7649,#7651,#7653,.T.);
#7649 = VERTEX_POINT('',#7650);
#7650 = CARTESIAN_POINT('',(-2.14,2.159,1.105));
#7651 = VERTEX_POINT('',#7652);
#7652 = CARTESIAN_POINT('',(-1.994,2.159,1.105));
#7653 = LINE('',#7654,#7655);
#7654 = CARTESIAN_POINT('',(-2.14,2.159,1.105));
#7655 = VECTOR('',#7656,1.);
#7656 = DIRECTION('',(1.,0.,0.));
#7657 = ORIENTED_EDGE('',*,*,#7658,.T.);
#7658 = EDGE_CURVE('',#7651,#7659,#7661,.T.);
#7659 = VERTEX_POINT('',#7660);
#7660 = CARTESIAN_POINT('',(-1.994,2.159,0.851));
#7661 = LINE('',#7662,#7663);
#7662 = CARTESIAN_POINT('',(-1.994,2.159,1.105));
#7663 = VECTOR('',#7664,1.);
#7664 = DIRECTION('',(0.,0.,-1.));
#7665 = ORIENTED_EDGE('',*,*,#7666,.T.);
#7666 = EDGE_CURVE('',#7659,#7667,#7669,.T.);
#7667 = VERTEX_POINT('',#7668);
#7668 = CARTESIAN_POINT('',(-2.14,2.159,0.851));
#7669 = LINE('',#7670,#7671);
#7670 = CARTESIAN_POINT('',(-1.994,2.159,0.851));
#7671 = VECTOR('',#7672,1.);
#7672 = DIRECTION('',(-1.,0.,0.));
#7673 = ORIENTED_EDGE('',*,*,#7674,.T.);
#7674 = EDGE_CURVE('',#7667,#7675,#7677,.T.);
#7675 = VERTEX_POINT('',#7676);
#7676 = CARTESIAN_POINT('',(-2.385,2.159,0.663));
#7677 = CIRCLE('',#7678,0.254);
#7678 = AXIS2_PLACEMENT_3D('',#7679,#7680,#7681);
#7679 = CARTESIAN_POINT('',(-2.14,2.159,0.597));
#7680 = DIRECTION('',(0.,-1.,0.));
#7681 = DIRECTION('',(0.,0.,1.));
#7682 = ORIENTED_EDGE('',*,*,#7683,.T.);
#7683 = EDGE_CURVE('',#7675,#7684,#7686,.T.);
#7684 = VERTEX_POINT('',#7685);
#7685 = CARTESIAN_POINT('',(-2.462,2.159,0.377));
#7686 = LINE('',#7687,#7688);
#7687 = CARTESIAN_POINT('',(-2.385,2.159,0.663));
#7688 = VECTOR('',#7689,1.);
#7689 = DIRECTION('',(-0.258969313954,0.,-0.965885549343));
#7690 = ORIENTED_EDGE('',*,*,#7691,.T.);
#7691 = EDGE_CURVE('',#7684,#7692,#7694,.T.);
#7692 = VERTEX_POINT('',#7693);
#7693 = CARTESIAN_POINT('',(-2.953,2.159,0.));
#7694 = CIRCLE('',#7695,0.508);
#7695 = AXIS2_PLACEMENT_3D('',#7696,#7697,#7698);
#7696 = CARTESIAN_POINT('',(-2.953,2.159,0.508));
#7697 = DIRECTION('',(0.,1.,0.));
#7698 = DIRECTION('',(0.,-0.,1.));
#7699 = ORIENTED_EDGE('',*,*,#7700,.T.);
#7700 = EDGE_CURVE('',#7692,#7701,#7703,.T.);
#7701 = VERTEX_POINT('',#7702);
#7702 = CARTESIAN_POINT('',(-3.099,2.159,0.));
#7703 = LINE('',#7704,#7705);
#7704 = CARTESIAN_POINT('',(-2.953,2.159,0.));
#7705 = VECTOR('',#7706,1.);
#7706 = DIRECTION('',(-1.,0.,0.));
#7707 = ORIENTED_EDGE('',*,*,#7708,.T.);
#7708 = EDGE_CURVE('',#7701,#7709,#7711,.T.);
#7709 = VERTEX_POINT('',#7710);
#7710 = CARTESIAN_POINT('',(-3.099,2.159,0.254));
#7711 = LINE('',#7712,#7713);
#7712 = CARTESIAN_POINT('',(-3.099,2.159,0.));
#7713 = VECTOR('',#7714,1.);
#7714 = DIRECTION('',(0.,0.,1.));
#7715 = ORIENTED_EDGE('',*,*,#7716,.T.);
#7716 = EDGE_CURVE('',#7709,#7717,#7719,.T.);
#7717 = VERTEX_POINT('',#7718);
#7718 = CARTESIAN_POINT('',(-2.953,2.159,0.254));
#7719 = LINE('',#7720,#7721);
#7720 = CARTESIAN_POINT('',(-3.099,2.159,0.254));
#7721 = VECTOR('',#7722,1.);
#7722 = DIRECTION('',(1.,0.,0.));
#7723 = ORIENTED_EDGE('',*,*,#7724,.T.);
#7724 = EDGE_CURVE('',#7717,#7725,#7727,.T.);
#7725 = VERTEX_POINT('',#7726);
#7726 = CARTESIAN_POINT('',(-2.707,2.159,0.442));
#7727 = CIRCLE('',#7728,0.254);
#7728 = AXIS2_PLACEMENT_3D('',#7729,#7730,#7731);
#7729 = CARTESIAN_POINT('',(-2.953,2.159,0.508));
#7730 = DIRECTION('',(0.,-1.,0.));
#7731 = DIRECTION('',(0.,0.,1.));
#7732 = ORIENTED_EDGE('',*,*,#7733,.T.);
#7733 = EDGE_CURVE('',#7725,#7734,#7736,.T.);
#7734 = VERTEX_POINT('',#7735);
#7735 = CARTESIAN_POINT('',(-2.631,2.159,0.728));
#7736 = LINE('',#7737,#7738);
#7737 = CARTESIAN_POINT('',(-2.707,2.159,0.442));
#7738 = VECTOR('',#7739,1.);
#7739 = DIRECTION('',(0.258969313954,0.,0.965885549343));
#7740 = ORIENTED_EDGE('',*,*,#7741,.T.);
#7741 = EDGE_CURVE('',#7734,#7649,#7742,.T.);
#7742 = CIRCLE('',#7743,0.508);
#7743 = AXIS2_PLACEMENT_3D('',#7744,#7745,#7746);
#7744 = CARTESIAN_POINT('',(-2.14,2.159,0.597));
#7745 = DIRECTION('',(0.,1.,0.));
#7746 = DIRECTION('',(0.,-0.,1.));
#7747 = PLANE('',#7748);
#7748 = AXIS2_PLACEMENT_3D('',#7749,#7750,#7751);
#7749 = CARTESIAN_POINT('',(-1.994,2.159,0.851));
#7750 = DIRECTION('',(0.,1.,0.));
#7751 = DIRECTION('',(1.,0.,0.));
#7752 = SHELL_BASED_SURFACE_MODEL('',(#7753));
#7753 = OPEN_SHELL('',(#7754));
#7754 = ADVANCED_FACE('',(#7755),#7857,.T.);
#7755 = FACE_BOUND('',#7756,.T.);
#7756 = EDGE_LOOP('',(#7757,#7767,#7775,#7783,#7792,#7800,#7809,#7817,
    #7825,#7833,#7842,#7850));
#7757 = ORIENTED_EDGE('',*,*,#7758,.T.);
#7758 = EDGE_CURVE('',#7759,#7761,#7763,.T.);
#7759 = VERTEX_POINT('',#7760);
#7760 = CARTESIAN_POINT('',(-2.14,1.651,0.851));
#7761 = VERTEX_POINT('',#7762);
#7762 = CARTESIAN_POINT('',(-1.994,1.651,0.851));
#7763 = LINE('',#7764,#7765);
#7764 = CARTESIAN_POINT('',(-2.14,1.651,0.851));
#7765 = VECTOR('',#7766,1.);
#7766 = DIRECTION('',(1.,0.,0.));
#7767 = ORIENTED_EDGE('',*,*,#7768,.T.);
#7768 = EDGE_CURVE('',#7761,#7769,#7771,.T.);
#7769 = VERTEX_POINT('',#7770);
#7770 = CARTESIAN_POINT('',(-1.994,1.651,1.105));
#7771 = LINE('',#7772,#7773);
#7772 = CARTESIAN_POINT('',(-1.994,1.651,0.851));
#7773 = VECTOR('',#7774,1.);
#7774 = DIRECTION('',(0.,0.,1.));
#7775 = ORIENTED_EDGE('',*,*,#7776,.T.);
#7776 = EDGE_CURVE('',#7769,#7777,#7779,.T.);
#7777 = VERTEX_POINT('',#7778);
#7778 = CARTESIAN_POINT('',(-2.14,1.651,1.105));
#7779 = LINE('',#7780,#7781);
#7780 = CARTESIAN_POINT('',(-1.994,1.651,1.105));
#7781 = VECTOR('',#7782,1.);
#7782 = DIRECTION('',(-1.,0.,0.));
#7783 = ORIENTED_EDGE('',*,*,#7784,.T.);
#7784 = EDGE_CURVE('',#7777,#7785,#7787,.T.);
#7785 = VERTEX_POINT('',#7786);
#7786 = CARTESIAN_POINT('',(-2.631,1.651,0.728));
#7787 = CIRCLE('',#7788,0.508);
#7788 = AXIS2_PLACEMENT_3D('',#7789,#7790,#7791);
#7789 = CARTESIAN_POINT('',(-2.14,1.651,0.597));
#7790 = DIRECTION('',(0.,-1.,0.));
#7791 = DIRECTION('',(0.,0.,1.));
#7792 = ORIENTED_EDGE('',*,*,#7793,.T.);
#7793 = EDGE_CURVE('',#7785,#7794,#7796,.T.);
#7794 = VERTEX_POINT('',#7795);
#7795 = CARTESIAN_POINT('',(-2.707,1.651,0.442));
#7796 = LINE('',#7797,#7798);
#7797 = CARTESIAN_POINT('',(-2.631,1.651,0.728));
#7798 = VECTOR('',#7799,1.);
#7799 = DIRECTION('',(-0.258969313954,0.,-0.965885549343));
#7800 = ORIENTED_EDGE('',*,*,#7801,.T.);
#7801 = EDGE_CURVE('',#7794,#7802,#7804,.T.);
#7802 = VERTEX_POINT('',#7803);
#7803 = CARTESIAN_POINT('',(-2.953,1.651,0.254));
#7804 = CIRCLE('',#7805,0.254);
#7805 = AXIS2_PLACEMENT_3D('',#7806,#7807,#7808);
#7806 = CARTESIAN_POINT('',(-2.953,1.651,0.508));
#7807 = DIRECTION('',(0.,1.,0.));
#7808 = DIRECTION('',(0.,-0.,1.));
#7809 = ORIENTED_EDGE('',*,*,#7810,.T.);
#7810 = EDGE_CURVE('',#7802,#7811,#7813,.T.);
#7811 = VERTEX_POINT('',#7812);
#7812 = CARTESIAN_POINT('',(-3.099,1.651,0.254));
#7813 = LINE('',#7814,#7815);
#7814 = CARTESIAN_POINT('',(-2.953,1.651,0.254));
#7815 = VECTOR('',#7816,1.);
#7816 = DIRECTION('',(-1.,0.,0.));
#7817 = ORIENTED_EDGE('',*,*,#7818,.T.);
#7818 = EDGE_CURVE('',#7811,#7819,#7821,.T.);
#7819 = VERTEX_POINT('',#7820);
#7820 = CARTESIAN_POINT('',(-3.099,1.651,0.));
#7821 = LINE('',#7822,#7823);
#7822 = CARTESIAN_POINT('',(-3.099,1.651,0.254));
#7823 = VECTOR('',#7824,1.);
#7824 = DIRECTION('',(0.,0.,-1.));
#7825 = ORIENTED_EDGE('',*,*,#7826,.T.);
#7826 = EDGE_CURVE('',#7819,#7827,#7829,.T.);
#7827 = VERTEX_POINT('',#7828);
#7828 = CARTESIAN_POINT('',(-2.953,1.651,0.));
#7829 = LINE('',#7830,#7831);
#7830 = CARTESIAN_POINT('',(-3.099,1.651,0.));
#7831 = VECTOR('',#7832,1.);
#7832 = DIRECTION('',(1.,0.,0.));
#7833 = ORIENTED_EDGE('',*,*,#7834,.T.);
#7834 = EDGE_CURVE('',#7827,#7835,#7837,.T.);
#7835 = VERTEX_POINT('',#7836);
#7836 = CARTESIAN_POINT('',(-2.462,1.651,0.377));
#7837 = CIRCLE('',#7838,0.508);
#7838 = AXIS2_PLACEMENT_3D('',#7839,#7840,#7841);
#7839 = CARTESIAN_POINT('',(-2.953,1.651,0.508));
#7840 = DIRECTION('',(0.,-1.,0.));
#7841 = DIRECTION('',(0.,0.,1.));
#7842 = ORIENTED_EDGE('',*,*,#7843,.T.);
#7843 = EDGE_CURVE('',#7835,#7844,#7846,.T.);
#7844 = VERTEX_POINT('',#7845);
#7845 = CARTESIAN_POINT('',(-2.385,1.651,0.663));
#7846 = LINE('',#7847,#7848);
#7847 = CARTESIAN_POINT('',(-2.462,1.651,0.377));
#7848 = VECTOR('',#7849,1.);
#7849 = DIRECTION('',(0.258969313954,0.,0.965885549343));
#7850 = ORIENTED_EDGE('',*,*,#7851,.T.);
#7851 = EDGE_CURVE('',#7844,#7759,#7852,.T.);
#7852 = CIRCLE('',#7853,0.254);
#7853 = AXIS2_PLACEMENT_3D('',#7854,#7855,#7856);
#7854 = CARTESIAN_POINT('',(-2.14,1.651,0.597));
#7855 = DIRECTION('',(0.,1.,0.));
#7856 = DIRECTION('',(0.,-0.,1.));
#7857 = PLANE('',#7858);
#7858 = AXIS2_PLACEMENT_3D('',#7859,#7860,#7861);
#7859 = CARTESIAN_POINT('',(-2.953,1.651,0.254));
#7860 = DIRECTION('',(0.,-1.,0.));
#7861 = DIRECTION('',(1.,0.,0.));
#7862 = SHELL_BASED_SURFACE_MODEL('',(#7863));
#7863 = OPEN_SHELL('',(#7864));
#7864 = ADVANCED_FACE('',(#7865),#7899,.F.);
#7865 = FACE_BOUND('',#7866,.T.);
#7866 = EDGE_LOOP('',(#7867,#7877,#7885,#7893));
#7867 = ORIENTED_EDGE('',*,*,#7868,.F.);
#7868 = EDGE_CURVE('',#7869,#7871,#7873,.T.);
#7869 = VERTEX_POINT('',#7870);
#7870 = CARTESIAN_POINT('',(-1.994,0.889,0.851));
#7871 = VERTEX_POINT('',#7872);
#7872 = CARTESIAN_POINT('',(-1.994,0.381,0.851));
#7873 = LINE('',#7874,#7875);
#7874 = CARTESIAN_POINT('',(-1.994,0.889,0.851));
#7875 = VECTOR('',#7876,1.);
#7876 = DIRECTION('',(0.,-1.,0.));
#7877 = ORIENTED_EDGE('',*,*,#7878,.F.);
#7878 = EDGE_CURVE('',#7879,#7869,#7881,.T.);
#7879 = VERTEX_POINT('',#7880);
#7880 = CARTESIAN_POINT('',(-1.994,0.889,1.105));
#7881 = LINE('',#7882,#7883);
#7882 = CARTESIAN_POINT('',(-1.994,0.889,1.105));
#7883 = VECTOR('',#7884,1.);
#7884 = DIRECTION('',(0.,0.,-1.));
#7885 = ORIENTED_EDGE('',*,*,#7886,.F.);
#7886 = EDGE_CURVE('',#7887,#7879,#7889,.T.);
#7887 = VERTEX_POINT('',#7888);
#7888 = CARTESIAN_POINT('',(-1.994,0.381,1.105));
#7889 = LINE('',#7890,#7891);
#7890 = CARTESIAN_POINT('',(-1.994,0.381,1.105));
#7891 = VECTOR('',#7892,1.);
#7892 = DIRECTION('',(0.,1.,0.));
#7893 = ORIENTED_EDGE('',*,*,#7894,.F.);
#7894 = EDGE_CURVE('',#7871,#7887,#7895,.T.);
#7895 = LINE('',#7896,#7897);
#7896 = CARTESIAN_POINT('',(-1.994,0.381,0.851));
#7897 = VECTOR('',#7898,1.);
#7898 = DIRECTION('',(0.,0.,1.));
#7899 = PLANE('',#7900);
#7900 = AXIS2_PLACEMENT_3D('',#7901,#7902,#7903);
#7901 = CARTESIAN_POINT('',(-1.994,0.381,0.851));
#7902 = DIRECTION('',(-1.,0.,0.));
#7903 = DIRECTION('',(0.,0.,1.));
#7904 = SHELL_BASED_SURFACE_MODEL('',(#7905));
#7905 = OPEN_SHELL('',(#7906));
#7906 = ADVANCED_FACE('',(#7907),#7941,.F.);
#7907 = FACE_BOUND('',#7908,.T.);
#7908 = EDGE_LOOP('',(#7909,#7919,#7927,#7935));
#7909 = ORIENTED_EDGE('',*,*,#7910,.F.);
#7910 = EDGE_CURVE('',#7911,#7913,#7915,.T.);
#7911 = VERTEX_POINT('',#7912);
#7912 = CARTESIAN_POINT('',(-1.994,0.889,1.105));
#7913 = VERTEX_POINT('',#7914);
#7914 = CARTESIAN_POINT('',(-1.994,0.381,1.105));
#7915 = LINE('',#7916,#7917);
#7916 = CARTESIAN_POINT('',(-1.994,0.889,1.105));
#7917 = VECTOR('',#7918,1.);
#7918 = DIRECTION('',(0.,-1.,0.));
#7919 = ORIENTED_EDGE('',*,*,#7920,.F.);
#7920 = EDGE_CURVE('',#7921,#7911,#7923,.T.);
#7921 = VERTEX_POINT('',#7922);
#7922 = CARTESIAN_POINT('',(-2.14,0.889,1.105));
#7923 = LINE('',#7924,#7925);
#7924 = CARTESIAN_POINT('',(-2.14,0.889,1.105));
#7925 = VECTOR('',#7926,1.);
#7926 = DIRECTION('',(1.,0.,0.));
#7927 = ORIENTED_EDGE('',*,*,#7928,.F.);
#7928 = EDGE_CURVE('',#7929,#7921,#7931,.T.);
#7929 = VERTEX_POINT('',#7930);
#7930 = CARTESIAN_POINT('',(-2.14,0.381,1.105));
#7931 = LINE('',#7932,#7933);
#7932 = CARTESIAN_POINT('',(-2.14,0.381,1.105));
#7933 = VECTOR('',#7934,1.);
#7934 = DIRECTION('',(0.,1.,0.));
#7935 = ORIENTED_EDGE('',*,*,#7936,.F.);
#7936 = EDGE_CURVE('',#7913,#7929,#7937,.T.);
#7937 = LINE('',#7938,#7939);
#7938 = CARTESIAN_POINT('',(-1.994,0.381,1.105));
#7939 = VECTOR('',#7940,1.);
#7940 = DIRECTION('',(-1.,0.,0.));
#7941 = PLANE('',#7942);
#7942 = AXIS2_PLACEMENT_3D('',#7943,#7944,#7945);
#7943 = CARTESIAN_POINT('',(-1.994,0.381,1.105));
#7944 = DIRECTION('',(0.,0.,-1.));
#7945 = DIRECTION('',(0.,1.,0.));
#7946 = SHELL_BASED_SURFACE_MODEL('',(#7947));
#7947 = OPEN_SHELL('',(#7948));
#7948 = ADVANCED_FACE('',(#7949),#7983,.F.);
#7949 = FACE_BOUND('',#7950,.T.);
#7950 = EDGE_LOOP('',(#7951,#7961,#7969,#7977));
#7951 = ORIENTED_EDGE('',*,*,#7952,.F.);
#7952 = EDGE_CURVE('',#7953,#7955,#7957,.T.);
#7953 = VERTEX_POINT('',#7954);
#7954 = CARTESIAN_POINT('',(-1.994,0.381,0.851));
#7955 = VERTEX_POINT('',#7956);
#7956 = CARTESIAN_POINT('',(-1.994,0.889,0.851));
#7957 = LINE('',#7958,#7959);
#7958 = CARTESIAN_POINT('',(-1.994,0.381,0.851));
#7959 = VECTOR('',#7960,1.);
#7960 = DIRECTION('',(0.,1.,0.));
#7961 = ORIENTED_EDGE('',*,*,#7962,.F.);
#7962 = EDGE_CURVE('',#7963,#7953,#7965,.T.);
#7963 = VERTEX_POINT('',#7964);
#7964 = CARTESIAN_POINT('',(-2.14,0.381,0.851));
#7965 = LINE('',#7966,#7967);
#7966 = CARTESIAN_POINT('',(-2.14,0.381,0.851));
#7967 = VECTOR('',#7968,1.);
#7968 = DIRECTION('',(1.,0.,0.));
#7969 = ORIENTED_EDGE('',*,*,#7970,.F.);
#7970 = EDGE_CURVE('',#7971,#7963,#7973,.T.);
#7971 = VERTEX_POINT('',#7972);
#7972 = CARTESIAN_POINT('',(-2.14,0.889,0.851));
#7973 = LINE('',#7974,#7975);
#7974 = CARTESIAN_POINT('',(-2.14,0.889,0.851));
#7975 = VECTOR('',#7976,1.);
#7976 = DIRECTION('',(0.,-1.,0.));
#7977 = ORIENTED_EDGE('',*,*,#7978,.F.);
#7978 = EDGE_CURVE('',#7955,#7971,#7979,.T.);
#7979 = LINE('',#7980,#7981);
#7980 = CARTESIAN_POINT('',(-1.994,0.889,0.851));
#7981 = VECTOR('',#7982,1.);
#7982 = DIRECTION('',(-1.,0.,0.));
#7983 = PLANE('',#7984);
#7984 = AXIS2_PLACEMENT_3D('',#7985,#7986,#7987);
#7985 = CARTESIAN_POINT('',(-1.994,0.889,0.851));
#7986 = DIRECTION('',(0.,0.,1.));
#7987 = DIRECTION('',(0.,1.,0.));
#7988 = SHELL_BASED_SURFACE_MODEL('',(#7989));
#7989 = OPEN_SHELL('',(#7990));
#7990 = ADVANCED_FACE('',(#7991),#8025,.F.);
#7991 = FACE_BOUND('',#7992,.F.);
#7992 = EDGE_LOOP('',(#7993,#8003,#8011,#8019));
#7993 = ORIENTED_EDGE('',*,*,#7994,.T.);
#7994 = EDGE_CURVE('',#7995,#7997,#7999,.T.);
#7995 = VERTEX_POINT('',#7996);
#7996 = CARTESIAN_POINT('',(-2.707,0.889,0.442));
#7997 = VERTEX_POINT('',#7998);
#7998 = CARTESIAN_POINT('',(-2.631,0.889,0.728));
#7999 = LINE('',#8000,#8001);
#8000 = CARTESIAN_POINT('',(-2.707,0.889,0.442));
#8001 = VECTOR('',#8002,1.);
#8002 = DIRECTION('',(0.258969313954,0.,0.965885549343));
#8003 = ORIENTED_EDGE('',*,*,#8004,.T.);
#8004 = EDGE_CURVE('',#7997,#8005,#8007,.T.);
#8005 = VERTEX_POINT('',#8006);
#8006 = CARTESIAN_POINT('',(-2.631,0.381,0.728));
#8007 = LINE('',#8008,#8009);
#8008 = CARTESIAN_POINT('',(-2.631,0.889,0.728));
#8009 = VECTOR('',#8010,1.);
#8010 = DIRECTION('',(0.,-1.,0.));
#8011 = ORIENTED_EDGE('',*,*,#8012,.T.);
#8012 = EDGE_CURVE('',#8005,#8013,#8015,.T.);
#8013 = VERTEX_POINT('',#8014);
#8014 = CARTESIAN_POINT('',(-2.707,0.381,0.442));
#8015 = LINE('',#8016,#8017);
#8016 = CARTESIAN_POINT('',(-2.631,0.381,0.728));
#8017 = VECTOR('',#8018,1.);
#8018 = DIRECTION('',(-0.258969313954,0.,-0.965885549343));
#8019 = ORIENTED_EDGE('',*,*,#8020,.T.);
#8020 = EDGE_CURVE('',#8013,#7995,#8021,.T.);
#8021 = LINE('',#8022,#8023);
#8022 = CARTESIAN_POINT('',(-2.707,0.381,0.442));
#8023 = VECTOR('',#8024,1.);
#8024 = DIRECTION('',(0.,1.,0.));
#8025 = PLANE('',#8026);
#8026 = AXIS2_PLACEMENT_3D('',#8027,#8028,#8029);
#8027 = CARTESIAN_POINT('',(-2.707,0.889,0.442));
#8028 = DIRECTION('',(0.965885549343,0.,-0.258969313954));
#8029 = DIRECTION('',(0.258969313954,0.,0.965885549343));
#8030 = SHELL_BASED_SURFACE_MODEL('',(#8031));
#8031 = OPEN_SHELL('',(#8032));
#8032 = ADVANCED_FACE('',(#8033),#8067,.F.);
#8033 = FACE_BOUND('',#8034,.F.);
#8034 = EDGE_LOOP('',(#8035,#8045,#8053,#8061));
#8035 = ORIENTED_EDGE('',*,*,#8036,.T.);
#8036 = EDGE_CURVE('',#8037,#8039,#8041,.T.);
#8037 = VERTEX_POINT('',#8038);
#8038 = CARTESIAN_POINT('',(-2.462,0.381,0.377));
#8039 = VERTEX_POINT('',#8040);
#8040 = CARTESIAN_POINT('',(-2.385,0.381,0.663));
#8041 = LINE('',#8042,#8043);
#8042 = CARTESIAN_POINT('',(-2.462,0.381,0.377));
#8043 = VECTOR('',#8044,1.);
#8044 = DIRECTION('',(0.258969313954,0.,0.965885549343));
#8045 = ORIENTED_EDGE('',*,*,#8046,.T.);
#8046 = EDGE_CURVE('',#8039,#8047,#8049,.T.);
#8047 = VERTEX_POINT('',#8048);
#8048 = CARTESIAN_POINT('',(-2.385,0.889,0.663));
#8049 = LINE('',#8050,#8051);
#8050 = CARTESIAN_POINT('',(-2.385,0.381,0.663));
#8051 = VECTOR('',#8052,1.);
#8052 = DIRECTION('',(0.,1.,0.));
#8053 = ORIENTED_EDGE('',*,*,#8054,.T.);
#8054 = EDGE_CURVE('',#8047,#8055,#8057,.T.);
#8055 = VERTEX_POINT('',#8056);
#8056 = CARTESIAN_POINT('',(-2.462,0.889,0.377));
#8057 = LINE('',#8058,#8059);
#8058 = CARTESIAN_POINT('',(-2.385,0.889,0.663));
#8059 = VECTOR('',#8060,1.);
#8060 = DIRECTION('',(-0.258969313954,0.,-0.965885549343));
#8061 = ORIENTED_EDGE('',*,*,#8062,.T.);
#8062 = EDGE_CURVE('',#8055,#8037,#8063,.T.);
#8063 = LINE('',#8064,#8065);
#8064 = CARTESIAN_POINT('',(-2.462,0.889,0.377));
#8065 = VECTOR('',#8066,1.);
#8066 = DIRECTION('',(0.,-1.,0.));
#8067 = PLANE('',#8068);
#8068 = AXIS2_PLACEMENT_3D('',#8069,#8070,#8071);
#8069 = CARTESIAN_POINT('',(-2.462,0.381,0.377));
#8070 = DIRECTION('',(-0.965885549343,0.,0.258969313954));
#8071 = DIRECTION('',(0.258969313954,0.,0.965885549343));
#8072 = SHELL_BASED_SURFACE_MODEL('',(#8073));
#8073 = OPEN_SHELL('',(#8074));
#8074 = ADVANCED_FACE('',(#8075),#8109,.F.);
#8075 = FACE_BOUND('',#8076,.T.);
#8076 = EDGE_LOOP('',(#8077,#8087,#8095,#8103));
#8077 = ORIENTED_EDGE('',*,*,#8078,.F.);
#8078 = EDGE_CURVE('',#8079,#8081,#8083,.T.);
#8079 = VERTEX_POINT('',#8080);
#8080 = CARTESIAN_POINT('',(-3.099,0.381,0.254));
#8081 = VERTEX_POINT('',#8082);
#8082 = CARTESIAN_POINT('',(-3.099,0.889,0.254));
#8083 = LINE('',#8084,#8085);
#8084 = CARTESIAN_POINT('',(-3.099,0.381,0.254));
#8085 = VECTOR('',#8086,1.);
#8086 = DIRECTION('',(0.,1.,0.));
#8087 = ORIENTED_EDGE('',*,*,#8088,.F.);
#8088 = EDGE_CURVE('',#8089,#8079,#8091,.T.);
#8089 = VERTEX_POINT('',#8090);
#8090 = CARTESIAN_POINT('',(-2.953,0.381,0.254));
#8091 = LINE('',#8092,#8093);
#8092 = CARTESIAN_POINT('',(-2.953,0.381,0.254));
#8093 = VECTOR('',#8094,1.);
#8094 = DIRECTION('',(-1.,0.,0.));
#8095 = ORIENTED_EDGE('',*,*,#8096,.F.);
#8096 = EDGE_CURVE('',#8097,#8089,#8099,.T.);
#8097 = VERTEX_POINT('',#8098);
#8098 = CARTESIAN_POINT('',(-2.953,0.889,0.254));
#8099 = LINE('',#8100,#8101);
#8100 = CARTESIAN_POINT('',(-2.953,0.889,0.254));
#8101 = VECTOR('',#8102,1.);
#8102 = DIRECTION('',(0.,-1.,0.));
#8103 = ORIENTED_EDGE('',*,*,#8104,.F.);
#8104 = EDGE_CURVE('',#8081,#8097,#8105,.T.);
#8105 = LINE('',#8106,#8107);
#8106 = CARTESIAN_POINT('',(-3.099,0.889,0.254));
#8107 = VECTOR('',#8108,1.);
#8108 = DIRECTION('',(1.,0.,0.));
#8109 = PLANE('',#8110);
#8110 = AXIS2_PLACEMENT_3D('',#8111,#8112,#8113);
#8111 = CARTESIAN_POINT('',(-3.099,0.889,0.254));
#8112 = DIRECTION('',(0.,0.,-1.));
#8113 = DIRECTION('',(0.,1.,0.));
#8114 = SHELL_BASED_SURFACE_MODEL('',(#8115));
#8115 = OPEN_SHELL('',(#8116));
#8116 = ADVANCED_FACE('',(#8117),#8151,.F.);
#8117 = FACE_BOUND('',#8118,.T.);
#8118 = EDGE_LOOP('',(#8119,#8129,#8137,#8145));
#8119 = ORIENTED_EDGE('',*,*,#8120,.F.);
#8120 = EDGE_CURVE('',#8121,#8123,#8125,.T.);
#8121 = VERTEX_POINT('',#8122);
#8122 = CARTESIAN_POINT('',(-2.953,0.381,0.));
#8123 = VERTEX_POINT('',#8124);
#8124 = CARTESIAN_POINT('',(-2.953,0.889,0.));
#8125 = LINE('',#8126,#8127);
#8126 = CARTESIAN_POINT('',(-2.953,0.381,0.));
#8127 = VECTOR('',#8128,1.);
#8128 = DIRECTION('',(0.,1.,0.));
#8129 = ORIENTED_EDGE('',*,*,#8130,.F.);
#8130 = EDGE_CURVE('',#8131,#8121,#8133,.T.);
#8131 = VERTEX_POINT('',#8132);
#8132 = CARTESIAN_POINT('',(-3.099,0.381,0.));
#8133 = LINE('',#8134,#8135);
#8134 = CARTESIAN_POINT('',(-3.099,0.381,0.));
#8135 = VECTOR('',#8136,1.);
#8136 = DIRECTION('',(1.,0.,0.));
#8137 = ORIENTED_EDGE('',*,*,#8138,.F.);
#8138 = EDGE_CURVE('',#8139,#8131,#8141,.T.);
#8139 = VERTEX_POINT('',#8140);
#8140 = CARTESIAN_POINT('',(-3.099,0.889,0.));
#8141 = LINE('',#8142,#8143);
#8142 = CARTESIAN_POINT('',(-3.099,0.889,0.));
#8143 = VECTOR('',#8144,1.);
#8144 = DIRECTION('',(0.,-1.,0.));
#8145 = ORIENTED_EDGE('',*,*,#8146,.F.);
#8146 = EDGE_CURVE('',#8123,#8139,#8147,.T.);
#8147 = LINE('',#8148,#8149);
#8148 = CARTESIAN_POINT('',(-2.953,0.889,0.));
#8149 = VECTOR('',#8150,1.);
#8150 = DIRECTION('',(-1.,0.,0.));
#8151 = PLANE('',#8152);
#8152 = AXIS2_PLACEMENT_3D('',#8153,#8154,#8155);
#8153 = CARTESIAN_POINT('',(-2.953,0.889,0.));
#8154 = DIRECTION('',(0.,0.,1.));
#8155 = DIRECTION('',(0.,1.,0.));
#8156 = SHELL_BASED_SURFACE_MODEL('',(#8157));
#8157 = OPEN_SHELL('',(#8158));
#8158 = ADVANCED_FACE('',(#8159),#8193,.F.);
#8159 = FACE_BOUND('',#8160,.T.);
#8160 = EDGE_LOOP('',(#8161,#8171,#8179,#8187));
#8161 = ORIENTED_EDGE('',*,*,#8162,.F.);
#8162 = EDGE_CURVE('',#8163,#8165,#8167,.T.);
#8163 = VERTEX_POINT('',#8164);
#8164 = CARTESIAN_POINT('',(-3.099,0.381,0.));
#8165 = VERTEX_POINT('',#8166);
#8166 = CARTESIAN_POINT('',(-3.099,0.889,0.));
#8167 = LINE('',#8168,#8169);
#8168 = CARTESIAN_POINT('',(-3.099,0.381,0.));
#8169 = VECTOR('',#8170,1.);
#8170 = DIRECTION('',(0.,1.,0.));
#8171 = ORIENTED_EDGE('',*,*,#8172,.F.);
#8172 = EDGE_CURVE('',#8173,#8163,#8175,.T.);
#8173 = VERTEX_POINT('',#8174);
#8174 = CARTESIAN_POINT('',(-3.099,0.381,0.254));
#8175 = LINE('',#8176,#8177);
#8176 = CARTESIAN_POINT('',(-3.099,0.381,0.254));
#8177 = VECTOR('',#8178,1.);
#8178 = DIRECTION('',(0.,0.,-1.));
#8179 = ORIENTED_EDGE('',*,*,#8180,.F.);
#8180 = EDGE_CURVE('',#8181,#8173,#8183,.T.);
#8181 = VERTEX_POINT('',#8182);
#8182 = CARTESIAN_POINT('',(-3.099,0.889,0.254));
#8183 = LINE('',#8184,#8185);
#8184 = CARTESIAN_POINT('',(-3.099,0.889,0.254));
#8185 = VECTOR('',#8186,1.);
#8186 = DIRECTION('',(0.,-1.,0.));
#8187 = ORIENTED_EDGE('',*,*,#8188,.F.);
#8188 = EDGE_CURVE('',#8165,#8181,#8189,.T.);
#8189 = LINE('',#8190,#8191);
#8190 = CARTESIAN_POINT('',(-3.099,0.889,0.));
#8191 = VECTOR('',#8192,1.);
#8192 = DIRECTION('',(0.,0.,1.));
#8193 = PLANE('',#8194);
#8194 = AXIS2_PLACEMENT_3D('',#8195,#8196,#8197);
#8195 = CARTESIAN_POINT('',(-3.099,0.889,0.));
#8196 = DIRECTION('',(1.,0.,0.));
#8197 = DIRECTION('',(0.,0.,1.));
#8198 = SHELL_BASED_SURFACE_MODEL('',(#8199));
#8199 = OPEN_SHELL('',(#8200));
#8200 = ADVANCED_FACE('',(#8201),#8237,.T.);
#8201 = FACE_BOUND('',#8202,.T.);
#8202 = EDGE_LOOP('',(#8203,#8214,#8222,#8231));
#8203 = ORIENTED_EDGE('',*,*,#8204,.T.);
#8204 = EDGE_CURVE('',#8205,#8207,#8209,.T.);
#8205 = VERTEX_POINT('',#8206);
#8206 = CARTESIAN_POINT('',(-2.14,0.889,1.105));
#8207 = VERTEX_POINT('',#8208);
#8208 = CARTESIAN_POINT('',(-2.631,0.889,0.728));
#8209 = CIRCLE('',#8210,0.508);
#8210 = AXIS2_PLACEMENT_3D('',#8211,#8212,#8213);
#8211 = CARTESIAN_POINT('',(-2.14,0.889,0.597));
#8212 = DIRECTION('',(0.,-1.,0.));
#8213 = DIRECTION('',(0.,0.,1.));
#8214 = ORIENTED_EDGE('',*,*,#8215,.T.);
#8215 = EDGE_CURVE('',#8207,#8216,#8218,.T.);
#8216 = VERTEX_POINT('',#8217);
#8217 = CARTESIAN_POINT('',(-2.631,0.381,0.728));
#8218 = LINE('',#8219,#8220);
#8219 = CARTESIAN_POINT('',(-2.631,0.889,0.728));
#8220 = VECTOR('',#8221,1.);
#8221 = DIRECTION('',(0.,-1.,0.));
#8222 = ORIENTED_EDGE('',*,*,#8223,.F.);
#8223 = EDGE_CURVE('',#8224,#8216,#8226,.T.);
#8224 = VERTEX_POINT('',#8225);
#8225 = CARTESIAN_POINT('',(-2.14,0.381,1.105));
#8226 = CIRCLE('',#8227,0.508);
#8227 = AXIS2_PLACEMENT_3D('',#8228,#8229,#8230);
#8228 = CARTESIAN_POINT('',(-2.14,0.381,0.597));
#8229 = DIRECTION('',(0.,-1.,0.));
#8230 = DIRECTION('',(0.,0.,1.));
#8231 = ORIENTED_EDGE('',*,*,#8232,.F.);
#8232 = EDGE_CURVE('',#8205,#8224,#8233,.T.);
#8233 = LINE('',#8234,#8235);
#8234 = CARTESIAN_POINT('',(-2.14,0.889,1.105));
#8235 = VECTOR('',#8236,1.);
#8236 = DIRECTION('',(0.,-1.,0.));
#8237 = CYLINDRICAL_SURFACE('',#8238,0.508);
#8238 = AXIS2_PLACEMENT_3D('',#8239,#8240,#8241);
#8239 = CARTESIAN_POINT('',(-2.14,0.381,0.597));
#8240 = DIRECTION('',(0.,1.,0.));
#8241 = DIRECTION('',(0.,-0.,1.));
#8242 = SHELL_BASED_SURFACE_MODEL('',(#8243));
#8243 = OPEN_SHELL('',(#8244));
#8244 = ADVANCED_FACE('',(#8245),#8281,.F.);
#8245 = FACE_BOUND('',#8246,.F.);
#8246 = EDGE_LOOP('',(#8247,#8257,#8266,#8274));
#8247 = ORIENTED_EDGE('',*,*,#8248,.T.);
#8248 = EDGE_CURVE('',#8249,#8251,#8253,.T.);
#8249 = VERTEX_POINT('',#8250);
#8250 = CARTESIAN_POINT('',(-2.14,0.381,0.851));
#8251 = VERTEX_POINT('',#8252);
#8252 = CARTESIAN_POINT('',(-2.14,0.889,0.851));
#8253 = LINE('',#8254,#8255);
#8254 = CARTESIAN_POINT('',(-2.14,0.381,0.851));
#8255 = VECTOR('',#8256,1.);
#8256 = DIRECTION('',(0.,1.,0.));
#8257 = ORIENTED_EDGE('',*,*,#8258,.T.);
#8258 = EDGE_CURVE('',#8251,#8259,#8261,.T.);
#8259 = VERTEX_POINT('',#8260);
#8260 = CARTESIAN_POINT('',(-2.385,0.889,0.663));
#8261 = CIRCLE('',#8262,0.254);
#8262 = AXIS2_PLACEMENT_3D('',#8263,#8264,#8265);
#8263 = CARTESIAN_POINT('',(-2.14,0.889,0.597));
#8264 = DIRECTION('',(0.,-1.,0.));
#8265 = DIRECTION('',(0.,0.,1.));
#8266 = ORIENTED_EDGE('',*,*,#8267,.F.);
#8267 = EDGE_CURVE('',#8268,#8259,#8270,.T.);
#8268 = VERTEX_POINT('',#8269);
#8269 = CARTESIAN_POINT('',(-2.385,0.381,0.663));
#8270 = LINE('',#8271,#8272);
#8271 = CARTESIAN_POINT('',(-2.385,0.381,0.663));
#8272 = VECTOR('',#8273,1.);
#8273 = DIRECTION('',(0.,1.,0.));
#8274 = ORIENTED_EDGE('',*,*,#8275,.F.);
#8275 = EDGE_CURVE('',#8249,#8268,#8276,.T.);
#8276 = CIRCLE('',#8277,0.254);
#8277 = AXIS2_PLACEMENT_3D('',#8278,#8279,#8280);
#8278 = CARTESIAN_POINT('',(-2.14,0.381,0.597));
#8279 = DIRECTION('',(0.,-1.,0.));
#8280 = DIRECTION('',(0.,0.,1.));
#8281 = CYLINDRICAL_SURFACE('',#8282,0.254);
#8282 = AXIS2_PLACEMENT_3D('',#8283,#8284,#8285);
#8283 = CARTESIAN_POINT('',(-2.14,0.381,0.597));
#8284 = DIRECTION('',(0.,-1.,0.));
#8285 = DIRECTION('',(0.,0.,-1.));
#8286 = SHELL_BASED_SURFACE_MODEL('',(#8287));
#8287 = OPEN_SHELL('',(#8288));
#8288 = ADVANCED_FACE('',(#8289),#8325,.F.);
#8289 = FACE_BOUND('',#8290,.F.);
#8290 = EDGE_LOOP('',(#8291,#8302,#8310,#8319));
#8291 = ORIENTED_EDGE('',*,*,#8292,.T.);
#8292 = EDGE_CURVE('',#8293,#8295,#8297,.T.);
#8293 = VERTEX_POINT('',#8294);
#8294 = CARTESIAN_POINT('',(-2.953,0.889,0.254));
#8295 = VERTEX_POINT('',#8296);
#8296 = CARTESIAN_POINT('',(-2.707,0.889,0.442));
#8297 = CIRCLE('',#8298,0.254);
#8298 = AXIS2_PLACEMENT_3D('',#8299,#8300,#8301);
#8299 = CARTESIAN_POINT('',(-2.953,0.889,0.508));
#8300 = DIRECTION('',(0.,-1.,0.));
#8301 = DIRECTION('',(0.,0.,1.));
#8302 = ORIENTED_EDGE('',*,*,#8303,.T.);
#8303 = EDGE_CURVE('',#8295,#8304,#8306,.T.);
#8304 = VERTEX_POINT('',#8305);
#8305 = CARTESIAN_POINT('',(-2.707,0.381,0.442));
#8306 = LINE('',#8307,#8308);
#8307 = CARTESIAN_POINT('',(-2.707,0.889,0.442));
#8308 = VECTOR('',#8309,1.);
#8309 = DIRECTION('',(0.,-1.,0.));
#8310 = ORIENTED_EDGE('',*,*,#8311,.F.);
#8311 = EDGE_CURVE('',#8312,#8304,#8314,.T.);
#8312 = VERTEX_POINT('',#8313);
#8313 = CARTESIAN_POINT('',(-2.953,0.381,0.254));
#8314 = CIRCLE('',#8315,0.254);
#8315 = AXIS2_PLACEMENT_3D('',#8316,#8317,#8318);
#8316 = CARTESIAN_POINT('',(-2.953,0.381,0.508));
#8317 = DIRECTION('',(0.,-1.,0.));
#8318 = DIRECTION('',(0.,0.,1.));
#8319 = ORIENTED_EDGE('',*,*,#8320,.F.);
#8320 = EDGE_CURVE('',#8293,#8312,#8321,.T.);
#8321 = LINE('',#8322,#8323);
#8322 = CARTESIAN_POINT('',(-2.953,0.889,0.254));
#8323 = VECTOR('',#8324,1.);
#8324 = DIRECTION('',(0.,-1.,0.));
#8325 = CYLINDRICAL_SURFACE('',#8326,0.254);
#8326 = AXIS2_PLACEMENT_3D('',#8327,#8328,#8329);
#8327 = CARTESIAN_POINT('',(-2.953,0.889,0.508));
#8328 = DIRECTION('',(0.,1.,0.));
#8329 = DIRECTION('',(0.,0.,-1.));
#8330 = SHELL_BASED_SURFACE_MODEL('',(#8331));
#8331 = OPEN_SHELL('',(#8332));
#8332 = ADVANCED_FACE('',(#8333),#8369,.T.);
#8333 = FACE_BOUND('',#8334,.T.);
#8334 = EDGE_LOOP('',(#8335,#8345,#8354,#8362));
#8335 = ORIENTED_EDGE('',*,*,#8336,.T.);
#8336 = EDGE_CURVE('',#8337,#8339,#8341,.T.);
#8337 = VERTEX_POINT('',#8338);
#8338 = CARTESIAN_POINT('',(-2.953,0.381,0.));
#8339 = VERTEX_POINT('',#8340);
#8340 = CARTESIAN_POINT('',(-2.953,0.889,0.));
#8341 = LINE('',#8342,#8343);
#8342 = CARTESIAN_POINT('',(-2.953,0.381,0.));
#8343 = VECTOR('',#8344,1.);
#8344 = DIRECTION('',(0.,1.,0.));
#8345 = ORIENTED_EDGE('',*,*,#8346,.T.);
#8346 = EDGE_CURVE('',#8339,#8347,#8349,.T.);
#8347 = VERTEX_POINT('',#8348);
#8348 = CARTESIAN_POINT('',(-2.462,0.889,0.377));
#8349 = CIRCLE('',#8350,0.508);
#8350 = AXIS2_PLACEMENT_3D('',#8351,#8352,#8353);
#8351 = CARTESIAN_POINT('',(-2.953,0.889,0.508));
#8352 = DIRECTION('',(0.,-1.,0.));
#8353 = DIRECTION('',(0.,0.,1.));
#8354 = ORIENTED_EDGE('',*,*,#8355,.F.);
#8355 = EDGE_CURVE('',#8356,#8347,#8358,.T.);
#8356 = VERTEX_POINT('',#8357);
#8357 = CARTESIAN_POINT('',(-2.462,0.381,0.377));
#8358 = LINE('',#8359,#8360);
#8359 = CARTESIAN_POINT('',(-2.462,0.381,0.377));
#8360 = VECTOR('',#8361,1.);
#8361 = DIRECTION('',(0.,1.,0.));
#8362 = ORIENTED_EDGE('',*,*,#8363,.F.);
#8363 = EDGE_CURVE('',#8337,#8356,#8364,.T.);
#8364 = CIRCLE('',#8365,0.508);
#8365 = AXIS2_PLACEMENT_3D('',#8366,#8367,#8368);
#8366 = CARTESIAN_POINT('',(-2.953,0.381,0.508));
#8367 = DIRECTION('',(0.,-1.,0.));
#8368 = DIRECTION('',(0.,0.,1.));
#8369 = CYLINDRICAL_SURFACE('',#8370,0.508);
#8370 = AXIS2_PLACEMENT_3D('',#8371,#8372,#8373);
#8371 = CARTESIAN_POINT('',(-2.953,0.889,0.508));
#8372 = DIRECTION('',(0.,-1.,0.));
#8373 = DIRECTION('',(0.,0.,1.));
#8374 = SHELL_BASED_SURFACE_MODEL('',(#8375));
#8375 = OPEN_SHELL('',(#8376));
#8376 = ADVANCED_FACE('',(#8377),#8479,.T.);
#8377 = FACE_BOUND('',#8378,.T.);
#8378 = EDGE_LOOP('',(#8379,#8389,#8397,#8405,#8414,#8422,#8431,#8439,
    #8447,#8455,#8464,#8472));
#8379 = ORIENTED_EDGE('',*,*,#8380,.T.);
#8380 = EDGE_CURVE('',#8381,#8383,#8385,.T.);
#8381 = VERTEX_POINT('',#8382);
#8382 = CARTESIAN_POINT('',(-2.14,0.889,1.105));
#8383 = VERTEX_POINT('',#8384);
#8384 = CARTESIAN_POINT('',(-1.994,0.889,1.105));
#8385 = LINE('',#8386,#8387);
#8386 = CARTESIAN_POINT('',(-2.14,0.889,1.105));
#8387 = VECTOR('',#8388,1.);
#8388 = DIRECTION('',(1.,0.,0.));
#8389 = ORIENTED_EDGE('',*,*,#8390,.T.);
#8390 = EDGE_CURVE('',#8383,#8391,#8393,.T.);
#8391 = VERTEX_POINT('',#8392);
#8392 = CARTESIAN_POINT('',(-1.994,0.889,0.851));
#8393 = LINE('',#8394,#8395);
#8394 = CARTESIAN_POINT('',(-1.994,0.889,1.105));
#8395 = VECTOR('',#8396,1.);
#8396 = DIRECTION('',(0.,0.,-1.));
#8397 = ORIENTED_EDGE('',*,*,#8398,.T.);
#8398 = EDGE_CURVE('',#8391,#8399,#8401,.T.);
#8399 = VERTEX_POINT('',#8400);
#8400 = CARTESIAN_POINT('',(-2.14,0.889,0.851));
#8401 = LINE('',#8402,#8403);
#8402 = CARTESIAN_POINT('',(-1.994,0.889,0.851));
#8403 = VECTOR('',#8404,1.);
#8404 = DIRECTION('',(-1.,0.,0.));
#8405 = ORIENTED_EDGE('',*,*,#8406,.T.);
#8406 = EDGE_CURVE('',#8399,#8407,#8409,.T.);
#8407 = VERTEX_POINT('',#8408);
#8408 = CARTESIAN_POINT('',(-2.385,0.889,0.663));
#8409 = CIRCLE('',#8410,0.254);
#8410 = AXIS2_PLACEMENT_3D('',#8411,#8412,#8413);
#8411 = CARTESIAN_POINT('',(-2.14,0.889,0.597));
#8412 = DIRECTION('',(0.,-1.,0.));
#8413 = DIRECTION('',(0.,0.,1.));
#8414 = ORIENTED_EDGE('',*,*,#8415,.T.);
#8415 = EDGE_CURVE('',#8407,#8416,#8418,.T.);
#8416 = VERTEX_POINT('',#8417);
#8417 = CARTESIAN_POINT('',(-2.462,0.889,0.377));
#8418 = LINE('',#8419,#8420);
#8419 = CARTESIAN_POINT('',(-2.385,0.889,0.663));
#8420 = VECTOR('',#8421,1.);
#8421 = DIRECTION('',(-0.258969313954,0.,-0.965885549343));
#8422 = ORIENTED_EDGE('',*,*,#8423,.T.);
#8423 = EDGE_CURVE('',#8416,#8424,#8426,.T.);
#8424 = VERTEX_POINT('',#8425);
#8425 = CARTESIAN_POINT('',(-2.953,0.889,0.));
#8426 = CIRCLE('',#8427,0.508);
#8427 = AXIS2_PLACEMENT_3D('',#8428,#8429,#8430);
#8428 = CARTESIAN_POINT('',(-2.953,0.889,0.508));
#8429 = DIRECTION('',(0.,1.,0.));
#8430 = DIRECTION('',(0.,-0.,1.));
#8431 = ORIENTED_EDGE('',*,*,#8432,.T.);
#8432 = EDGE_CURVE('',#8424,#8433,#8435,.T.);
#8433 = VERTEX_POINT('',#8434);
#8434 = CARTESIAN_POINT('',(-3.099,0.889,0.));
#8435 = LINE('',#8436,#8437);
#8436 = CARTESIAN_POINT('',(-2.953,0.889,0.));
#8437 = VECTOR('',#8438,1.);
#8438 = DIRECTION('',(-1.,0.,0.));
#8439 = ORIENTED_EDGE('',*,*,#8440,.T.);
#8440 = EDGE_CURVE('',#8433,#8441,#8443,.T.);
#8441 = VERTEX_POINT('',#8442);
#8442 = CARTESIAN_POINT('',(-3.099,0.889,0.254));
#8443 = LINE('',#8444,#8445);
#8444 = CARTESIAN_POINT('',(-3.099,0.889,0.));
#8445 = VECTOR('',#8446,1.);
#8446 = DIRECTION('',(0.,0.,1.));
#8447 = ORIENTED_EDGE('',*,*,#8448,.T.);
#8448 = EDGE_CURVE('',#8441,#8449,#8451,.T.);
#8449 = VERTEX_POINT('',#8450);
#8450 = CARTESIAN_POINT('',(-2.953,0.889,0.254));
#8451 = LINE('',#8452,#8453);
#8452 = CARTESIAN_POINT('',(-3.099,0.889,0.254));
#8453 = VECTOR('',#8454,1.);
#8454 = DIRECTION('',(1.,0.,0.));
#8455 = ORIENTED_EDGE('',*,*,#8456,.T.);
#8456 = EDGE_CURVE('',#8449,#8457,#8459,.T.);
#8457 = VERTEX_POINT('',#8458);
#8458 = CARTESIAN_POINT('',(-2.707,0.889,0.442));
#8459 = CIRCLE('',#8460,0.254);
#8460 = AXIS2_PLACEMENT_3D('',#8461,#8462,#8463);
#8461 = CARTESIAN_POINT('',(-2.953,0.889,0.508));
#8462 = DIRECTION('',(0.,-1.,0.));
#8463 = DIRECTION('',(0.,0.,1.));
#8464 = ORIENTED_EDGE('',*,*,#8465,.T.);
#8465 = EDGE_CURVE('',#8457,#8466,#8468,.T.);
#8466 = VERTEX_POINT('',#8467);
#8467 = CARTESIAN_POINT('',(-2.631,0.889,0.728));
#8468 = LINE('',#8469,#8470);
#8469 = CARTESIAN_POINT('',(-2.707,0.889,0.442));
#8470 = VECTOR('',#8471,1.);
#8471 = DIRECTION('',(0.258969313954,0.,0.965885549343));
#8472 = ORIENTED_EDGE('',*,*,#8473,.T.);
#8473 = EDGE_CURVE('',#8466,#8381,#8474,.T.);
#8474 = CIRCLE('',#8475,0.508);
#8475 = AXIS2_PLACEMENT_3D('',#8476,#8477,#8478);
#8476 = CARTESIAN_POINT('',(-2.14,0.889,0.597));
#8477 = DIRECTION('',(0.,1.,0.));
#8478 = DIRECTION('',(0.,-0.,1.));
#8479 = PLANE('',#8480);
#8480 = AXIS2_PLACEMENT_3D('',#8481,#8482,#8483);
#8481 = CARTESIAN_POINT('',(-1.994,0.889,0.851));
#8482 = DIRECTION('',(0.,1.,0.));
#8483 = DIRECTION('',(1.,0.,0.));
#8484 = SHELL_BASED_SURFACE_MODEL('',(#8485));
#8485 = OPEN_SHELL('',(#8486));
#8486 = ADVANCED_FACE('',(#8487),#8589,.T.);
#8487 = FACE_BOUND('',#8488,.T.);
#8488 = EDGE_LOOP('',(#8489,#8499,#8507,#8515,#8524,#8532,#8541,#8549,
    #8557,#8565,#8574,#8582));
#8489 = ORIENTED_EDGE('',*,*,#8490,.T.);
#8490 = EDGE_CURVE('',#8491,#8493,#8495,.T.);
#8491 = VERTEX_POINT('',#8492);
#8492 = CARTESIAN_POINT('',(-2.14,0.381,0.851));
#8493 = VERTEX_POINT('',#8494);
#8494 = CARTESIAN_POINT('',(-1.994,0.381,0.851));
#8495 = LINE('',#8496,#8497);
#8496 = CARTESIAN_POINT('',(-2.14,0.381,0.851));
#8497 = VECTOR('',#8498,1.);
#8498 = DIRECTION('',(1.,0.,0.));
#8499 = ORIENTED_EDGE('',*,*,#8500,.T.);
#8500 = EDGE_CURVE('',#8493,#8501,#8503,.T.);
#8501 = VERTEX_POINT('',#8502);
#8502 = CARTESIAN_POINT('',(-1.994,0.381,1.105));
#8503 = LINE('',#8504,#8505);
#8504 = CARTESIAN_POINT('',(-1.994,0.381,0.851));
#8505 = VECTOR('',#8506,1.);
#8506 = DIRECTION('',(0.,0.,1.));
#8507 = ORIENTED_EDGE('',*,*,#8508,.T.);
#8508 = EDGE_CURVE('',#8501,#8509,#8511,.T.);
#8509 = VERTEX_POINT('',#8510);
#8510 = CARTESIAN_POINT('',(-2.14,0.381,1.105));
#8511 = LINE('',#8512,#8513);
#8512 = CARTESIAN_POINT('',(-1.994,0.381,1.105));
#8513 = VECTOR('',#8514,1.);
#8514 = DIRECTION('',(-1.,0.,0.));
#8515 = ORIENTED_EDGE('',*,*,#8516,.T.);
#8516 = EDGE_CURVE('',#8509,#8517,#8519,.T.);
#8517 = VERTEX_POINT('',#8518);
#8518 = CARTESIAN_POINT('',(-2.631,0.381,0.728));
#8519 = CIRCLE('',#8520,0.508);
#8520 = AXIS2_PLACEMENT_3D('',#8521,#8522,#8523);
#8521 = CARTESIAN_POINT('',(-2.14,0.381,0.597));
#8522 = DIRECTION('',(0.,-1.,0.));
#8523 = DIRECTION('',(0.,0.,1.));
#8524 = ORIENTED_EDGE('',*,*,#8525,.T.);
#8525 = EDGE_CURVE('',#8517,#8526,#8528,.T.);
#8526 = VERTEX_POINT('',#8527);
#8527 = CARTESIAN_POINT('',(-2.707,0.381,0.442));
#8528 = LINE('',#8529,#8530);
#8529 = CARTESIAN_POINT('',(-2.631,0.381,0.728));
#8530 = VECTOR('',#8531,1.);
#8531 = DIRECTION('',(-0.258969313954,0.,-0.965885549343));
#8532 = ORIENTED_EDGE('',*,*,#8533,.T.);
#8533 = EDGE_CURVE('',#8526,#8534,#8536,.T.);
#8534 = VERTEX_POINT('',#8535);
#8535 = CARTESIAN_POINT('',(-2.953,0.381,0.254));
#8536 = CIRCLE('',#8537,0.254);
#8537 = AXIS2_PLACEMENT_3D('',#8538,#8539,#8540);
#8538 = CARTESIAN_POINT('',(-2.953,0.381,0.508));
#8539 = DIRECTION('',(0.,1.,0.));
#8540 = DIRECTION('',(0.,-0.,1.));
#8541 = ORIENTED_EDGE('',*,*,#8542,.T.);
#8542 = EDGE_CURVE('',#8534,#8543,#8545,.T.);
#8543 = VERTEX_POINT('',#8544);
#8544 = CARTESIAN_POINT('',(-3.099,0.381,0.254));
#8545 = LINE('',#8546,#8547);
#8546 = CARTESIAN_POINT('',(-2.953,0.381,0.254));
#8547 = VECTOR('',#8548,1.);
#8548 = DIRECTION('',(-1.,0.,0.));
#8549 = ORIENTED_EDGE('',*,*,#8550,.T.);
#8550 = EDGE_CURVE('',#8543,#8551,#8553,.T.);
#8551 = VERTEX_POINT('',#8552);
#8552 = CARTESIAN_POINT('',(-3.099,0.381,0.));
#8553 = LINE('',#8554,#8555);
#8554 = CARTESIAN_POINT('',(-3.099,0.381,0.254));
#8555 = VECTOR('',#8556,1.);
#8556 = DIRECTION('',(0.,0.,-1.));
#8557 = ORIENTED_EDGE('',*,*,#8558,.T.);
#8558 = EDGE_CURVE('',#8551,#8559,#8561,.T.);
#8559 = VERTEX_POINT('',#8560);
#8560 = CARTESIAN_POINT('',(-2.953,0.381,0.));
#8561 = LINE('',#8562,#8563);
#8562 = CARTESIAN_POINT('',(-3.099,0.381,0.));
#8563 = VECTOR('',#8564,1.);
#8564 = DIRECTION('',(1.,0.,0.));
#8565 = ORIENTED_EDGE('',*,*,#8566,.T.);
#8566 = EDGE_CURVE('',#8559,#8567,#8569,.T.);
#8567 = VERTEX_POINT('',#8568);
#8568 = CARTESIAN_POINT('',(-2.462,0.381,0.377));
#8569 = CIRCLE('',#8570,0.508);
#8570 = AXIS2_PLACEMENT_3D('',#8571,#8572,#8573);
#8571 = CARTESIAN_POINT('',(-2.953,0.381,0.508));
#8572 = DIRECTION('',(0.,-1.,0.));
#8573 = DIRECTION('',(0.,0.,1.));
#8574 = ORIENTED_EDGE('',*,*,#8575,.T.);
#8575 = EDGE_CURVE('',#8567,#8576,#8578,.T.);
#8576 = VERTEX_POINT('',#8577);
#8577 = CARTESIAN_POINT('',(-2.385,0.381,0.663));
#8578 = LINE('',#8579,#8580);
#8579 = CARTESIAN_POINT('',(-2.462,0.381,0.377));
#8580 = VECTOR('',#8581,1.);
#8581 = DIRECTION('',(0.258969313954,0.,0.965885549343));
#8582 = ORIENTED_EDGE('',*,*,#8583,.T.);
#8583 = EDGE_CURVE('',#8576,#8491,#8584,.T.);
#8584 = CIRCLE('',#8585,0.254);
#8585 = AXIS2_PLACEMENT_3D('',#8586,#8587,#8588);
#8586 = CARTESIAN_POINT('',(-2.14,0.381,0.597));
#8587 = DIRECTION('',(0.,1.,0.));
#8588 = DIRECTION('',(0.,-0.,1.));
#8589 = PLANE('',#8590);
#8590 = AXIS2_PLACEMENT_3D('',#8591,#8592,#8593);
#8591 = CARTESIAN_POINT('',(-2.953,0.381,0.254));
#8592 = DIRECTION('',(0.,-1.,0.));
#8593 = DIRECTION('',(1.,0.,0.));
#8594 = SHELL_BASED_SURFACE_MODEL('',(#8595));
#8595 = OPEN_SHELL('',(#8596));
#8596 = ADVANCED_FACE('',(#8597),#8631,.F.);
#8597 = FACE_BOUND('',#8598,.T.);
#8598 = EDGE_LOOP('',(#8599,#8609,#8617,#8625));
#8599 = ORIENTED_EDGE('',*,*,#8600,.F.);
#8600 = EDGE_CURVE('',#8601,#8603,#8605,.T.);
#8601 = VERTEX_POINT('',#8602);
#8602 = CARTESIAN_POINT('',(-1.994,-0.381,0.851));
#8603 = VERTEX_POINT('',#8604);
#8604 = CARTESIAN_POINT('',(-1.994,-0.889,0.851));
#8605 = LINE('',#8606,#8607);
#8606 = CARTESIAN_POINT('',(-1.994,-0.381,0.851));
#8607 = VECTOR('',#8608,1.);
#8608 = DIRECTION('',(0.,-1.,0.));
#8609 = ORIENTED_EDGE('',*,*,#8610,.F.);
#8610 = EDGE_CURVE('',#8611,#8601,#8613,.T.);
#8611 = VERTEX_POINT('',#8612);
#8612 = CARTESIAN_POINT('',(-1.994,-0.381,1.105));
#8613 = LINE('',#8614,#8615);
#8614 = CARTESIAN_POINT('',(-1.994,-0.381,1.105));
#8615 = VECTOR('',#8616,1.);
#8616 = DIRECTION('',(0.,0.,-1.));
#8617 = ORIENTED_EDGE('',*,*,#8618,.F.);
#8618 = EDGE_CURVE('',#8619,#8611,#8621,.T.);
#8619 = VERTEX_POINT('',#8620);
#8620 = CARTESIAN_POINT('',(-1.994,-0.889,1.105));
#8621 = LINE('',#8622,#8623);
#8622 = CARTESIAN_POINT('',(-1.994,-0.889,1.105));
#8623 = VECTOR('',#8624,1.);
#8624 = DIRECTION('',(0.,1.,0.));
#8625 = ORIENTED_EDGE('',*,*,#8626,.F.);
#8626 = EDGE_CURVE('',#8603,#8619,#8627,.T.);
#8627 = LINE('',#8628,#8629);
#8628 = CARTESIAN_POINT('',(-1.994,-0.889,0.851));
#8629 = VECTOR('',#8630,1.);
#8630 = DIRECTION('',(0.,0.,1.));
#8631 = PLANE('',#8632);
#8632 = AXIS2_PLACEMENT_3D('',#8633,#8634,#8635);
#8633 = CARTESIAN_POINT('',(-1.994,-0.889,0.851));
#8634 = DIRECTION('',(-1.,0.,0.));
#8635 = DIRECTION('',(0.,0.,1.));
#8636 = SHELL_BASED_SURFACE_MODEL('',(#8637));
#8637 = OPEN_SHELL('',(#8638));
#8638 = ADVANCED_FACE('',(#8639),#8673,.F.);
#8639 = FACE_BOUND('',#8640,.T.);
#8640 = EDGE_LOOP('',(#8641,#8651,#8659,#8667));
#8641 = ORIENTED_EDGE('',*,*,#8642,.F.);
#8642 = EDGE_CURVE('',#8643,#8645,#8647,.T.);
#8643 = VERTEX_POINT('',#8644);
#8644 = CARTESIAN_POINT('',(-1.994,-0.381,1.105));
#8645 = VERTEX_POINT('',#8646);
#8646 = CARTESIAN_POINT('',(-1.994,-0.889,1.105));
#8647 = LINE('',#8648,#8649);
#8648 = CARTESIAN_POINT('',(-1.994,-0.381,1.105));
#8649 = VECTOR('',#8650,1.);
#8650 = DIRECTION('',(0.,-1.,0.));
#8651 = ORIENTED_EDGE('',*,*,#8652,.F.);
#8652 = EDGE_CURVE('',#8653,#8643,#8655,.T.);
#8653 = VERTEX_POINT('',#8654);
#8654 = CARTESIAN_POINT('',(-2.14,-0.381,1.105));
#8655 = LINE('',#8656,#8657);
#8656 = CARTESIAN_POINT('',(-2.14,-0.381,1.105));
#8657 = VECTOR('',#8658,1.);
#8658 = DIRECTION('',(1.,0.,0.));
#8659 = ORIENTED_EDGE('',*,*,#8660,.F.);
#8660 = EDGE_CURVE('',#8661,#8653,#8663,.T.);
#8661 = VERTEX_POINT('',#8662);
#8662 = CARTESIAN_POINT('',(-2.14,-0.889,1.105));
#8663 = LINE('',#8664,#8665);
#8664 = CARTESIAN_POINT('',(-2.14,-0.889,1.105));
#8665 = VECTOR('',#8666,1.);
#8666 = DIRECTION('',(0.,1.,0.));
#8667 = ORIENTED_EDGE('',*,*,#8668,.F.);
#8668 = EDGE_CURVE('',#8645,#8661,#8669,.T.);
#8669 = LINE('',#8670,#8671);
#8670 = CARTESIAN_POINT('',(-1.994,-0.889,1.105));
#8671 = VECTOR('',#8672,1.);
#8672 = DIRECTION('',(-1.,0.,0.));
#8673 = PLANE('',#8674);
#8674 = AXIS2_PLACEMENT_3D('',#8675,#8676,#8677);
#8675 = CARTESIAN_POINT('',(-1.994,-0.889,1.105));
#8676 = DIRECTION('',(0.,0.,-1.));
#8677 = DIRECTION('',(0.,1.,0.));
#8678 = SHELL_BASED_SURFACE_MODEL('',(#8679));
#8679 = OPEN_SHELL('',(#8680));
#8680 = ADVANCED_FACE('',(#8681),#8715,.F.);
#8681 = FACE_BOUND('',#8682,.T.);
#8682 = EDGE_LOOP('',(#8683,#8693,#8701,#8709));
#8683 = ORIENTED_EDGE('',*,*,#8684,.F.);
#8684 = EDGE_CURVE('',#8685,#8687,#8689,.T.);
#8685 = VERTEX_POINT('',#8686);
#8686 = CARTESIAN_POINT('',(-1.994,-0.889,0.851));
#8687 = VERTEX_POINT('',#8688);
#8688 = CARTESIAN_POINT('',(-1.994,-0.381,0.851));
#8689 = LINE('',#8690,#8691);
#8690 = CARTESIAN_POINT('',(-1.994,-0.889,0.851));
#8691 = VECTOR('',#8692,1.);
#8692 = DIRECTION('',(0.,1.,0.));
#8693 = ORIENTED_EDGE('',*,*,#8694,.F.);
#8694 = EDGE_CURVE('',#8695,#8685,#8697,.T.);
#8695 = VERTEX_POINT('',#8696);
#8696 = CARTESIAN_POINT('',(-2.14,-0.889,0.851));
#8697 = LINE('',#8698,#8699);
#8698 = CARTESIAN_POINT('',(-2.14,-0.889,0.851));
#8699 = VECTOR('',#8700,1.);
#8700 = DIRECTION('',(1.,0.,0.));
#8701 = ORIENTED_EDGE('',*,*,#8702,.F.);
#8702 = EDGE_CURVE('',#8703,#8695,#8705,.T.);
#8703 = VERTEX_POINT('',#8704);
#8704 = CARTESIAN_POINT('',(-2.14,-0.381,0.851));
#8705 = LINE('',#8706,#8707);
#8706 = CARTESIAN_POINT('',(-2.14,-0.381,0.851));
#8707 = VECTOR('',#8708,1.);
#8708 = DIRECTION('',(0.,-1.,0.));
#8709 = ORIENTED_EDGE('',*,*,#8710,.F.);
#8710 = EDGE_CURVE('',#8687,#8703,#8711,.T.);
#8711 = LINE('',#8712,#8713);
#8712 = CARTESIAN_POINT('',(-1.994,-0.381,0.851));
#8713 = VECTOR('',#8714,1.);
#8714 = DIRECTION('',(-1.,0.,0.));
#8715 = PLANE('',#8716);
#8716 = AXIS2_PLACEMENT_3D('',#8717,#8718,#8719);
#8717 = CARTESIAN_POINT('',(-1.994,-0.381,0.851));
#8718 = DIRECTION('',(0.,0.,1.));
#8719 = DIRECTION('',(0.,1.,0.));
#8720 = SHELL_BASED_SURFACE_MODEL('',(#8721));
#8721 = OPEN_SHELL('',(#8722));
#8722 = ADVANCED_FACE('',(#8723),#8757,.F.);
#8723 = FACE_BOUND('',#8724,.F.);
#8724 = EDGE_LOOP('',(#8725,#8735,#8743,#8751));
#8725 = ORIENTED_EDGE('',*,*,#8726,.T.);
#8726 = EDGE_CURVE('',#8727,#8729,#8731,.T.);
#8727 = VERTEX_POINT('',#8728);
#8728 = CARTESIAN_POINT('',(-2.707,-0.381,0.442));
#8729 = VERTEX_POINT('',#8730);
#8730 = CARTESIAN_POINT('',(-2.631,-0.381,0.728));
#8731 = LINE('',#8732,#8733);
#8732 = CARTESIAN_POINT('',(-2.707,-0.381,0.442));
#8733 = VECTOR('',#8734,1.);
#8734 = DIRECTION('',(0.258969313954,0.,0.965885549343));
#8735 = ORIENTED_EDGE('',*,*,#8736,.T.);
#8736 = EDGE_CURVE('',#8729,#8737,#8739,.T.);
#8737 = VERTEX_POINT('',#8738);
#8738 = CARTESIAN_POINT('',(-2.631,-0.889,0.728));
#8739 = LINE('',#8740,#8741);
#8740 = CARTESIAN_POINT('',(-2.631,-0.381,0.728));
#8741 = VECTOR('',#8742,1.);
#8742 = DIRECTION('',(0.,-1.,0.));
#8743 = ORIENTED_EDGE('',*,*,#8744,.T.);
#8744 = EDGE_CURVE('',#8737,#8745,#8747,.T.);
#8745 = VERTEX_POINT('',#8746);
#8746 = CARTESIAN_POINT('',(-2.707,-0.889,0.442));
#8747 = LINE('',#8748,#8749);
#8748 = CARTESIAN_POINT('',(-2.631,-0.889,0.728));
#8749 = VECTOR('',#8750,1.);
#8750 = DIRECTION('',(-0.258969313954,0.,-0.965885549343));
#8751 = ORIENTED_EDGE('',*,*,#8752,.T.);
#8752 = EDGE_CURVE('',#8745,#8727,#8753,.T.);
#8753 = LINE('',#8754,#8755);
#8754 = CARTESIAN_POINT('',(-2.707,-0.889,0.442));
#8755 = VECTOR('',#8756,1.);
#8756 = DIRECTION('',(0.,1.,0.));
#8757 = PLANE('',#8758);
#8758 = AXIS2_PLACEMENT_3D('',#8759,#8760,#8761);
#8759 = CARTESIAN_POINT('',(-2.707,-0.381,0.442));
#8760 = DIRECTION('',(0.965885549343,0.,-0.258969313954));
#8761 = DIRECTION('',(0.258969313954,0.,0.965885549343));
#8762 = SHELL_BASED_SURFACE_MODEL('',(#8763));
#8763 = OPEN_SHELL('',(#8764));
#8764 = ADVANCED_FACE('',(#8765),#8799,.F.);
#8765 = FACE_BOUND('',#8766,.F.);
#8766 = EDGE_LOOP('',(#8767,#8777,#8785,#8793));
#8767 = ORIENTED_EDGE('',*,*,#8768,.T.);
#8768 = EDGE_CURVE('',#8769,#8771,#8773,.T.);
#8769 = VERTEX_POINT('',#8770);
#8770 = CARTESIAN_POINT('',(-2.462,-0.889,0.377));
#8771 = VERTEX_POINT('',#8772);
#8772 = CARTESIAN_POINT('',(-2.385,-0.889,0.663));
#8773 = LINE('',#8774,#8775);
#8774 = CARTESIAN_POINT('',(-2.462,-0.889,0.377));
#8775 = VECTOR('',#8776,1.);
#8776 = DIRECTION('',(0.258969313954,0.,0.965885549343));
#8777 = ORIENTED_EDGE('',*,*,#8778,.T.);
#8778 = EDGE_CURVE('',#8771,#8779,#8781,.T.);
#8779 = VERTEX_POINT('',#8780);
#8780 = CARTESIAN_POINT('',(-2.385,-0.381,0.663));
#8781 = LINE('',#8782,#8783);
#8782 = CARTESIAN_POINT('',(-2.385,-0.889,0.663));
#8783 = VECTOR('',#8784,1.);
#8784 = DIRECTION('',(0.,1.,0.));
#8785 = ORIENTED_EDGE('',*,*,#8786,.T.);
#8786 = EDGE_CURVE('',#8779,#8787,#8789,.T.);
#8787 = VERTEX_POINT('',#8788);
#8788 = CARTESIAN_POINT('',(-2.462,-0.381,0.377));
#8789 = LINE('',#8790,#8791);
#8790 = CARTESIAN_POINT('',(-2.385,-0.381,0.663));
#8791 = VECTOR('',#8792,1.);
#8792 = DIRECTION('',(-0.258969313954,0.,-0.965885549343));
#8793 = ORIENTED_EDGE('',*,*,#8794,.T.);
#8794 = EDGE_CURVE('',#8787,#8769,#8795,.T.);
#8795 = LINE('',#8796,#8797);
#8796 = CARTESIAN_POINT('',(-2.462,-0.381,0.377));
#8797 = VECTOR('',#8798,1.);
#8798 = DIRECTION('',(0.,-1.,0.));
#8799 = PLANE('',#8800);
#8800 = AXIS2_PLACEMENT_3D('',#8801,#8802,#8803);
#8801 = CARTESIAN_POINT('',(-2.462,-0.889,0.377));
#8802 = DIRECTION('',(-0.965885549343,0.,0.258969313954));
#8803 = DIRECTION('',(0.258969313954,0.,0.965885549343));
#8804 = SHELL_BASED_SURFACE_MODEL('',(#8805));
#8805 = OPEN_SHELL('',(#8806));
#8806 = ADVANCED_FACE('',(#8807),#8841,.F.);
#8807 = FACE_BOUND('',#8808,.T.);
#8808 = EDGE_LOOP('',(#8809,#8819,#8827,#8835));
#8809 = ORIENTED_EDGE('',*,*,#8810,.F.);
#8810 = EDGE_CURVE('',#8811,#8813,#8815,.T.);
#8811 = VERTEX_POINT('',#8812);
#8812 = CARTESIAN_POINT('',(-3.099,-0.889,0.254));
#8813 = VERTEX_POINT('',#8814);
#8814 = CARTESIAN_POINT('',(-3.099,-0.381,0.254));
#8815 = LINE('',#8816,#8817);
#8816 = CARTESIAN_POINT('',(-3.099,-0.889,0.254));
#8817 = VECTOR('',#8818,1.);
#8818 = DIRECTION('',(0.,1.,0.));
#8819 = ORIENTED_EDGE('',*,*,#8820,.F.);
#8820 = EDGE_CURVE('',#8821,#8811,#8823,.T.);
#8821 = VERTEX_POINT('',#8822);
#8822 = CARTESIAN_POINT('',(-2.953,-0.889,0.254));
#8823 = LINE('',#8824,#8825);
#8824 = CARTESIAN_POINT('',(-2.953,-0.889,0.254));
#8825 = VECTOR('',#8826,1.);
#8826 = DIRECTION('',(-1.,0.,0.));
#8827 = ORIENTED_EDGE('',*,*,#8828,.F.);
#8828 = EDGE_CURVE('',#8829,#8821,#8831,.T.);
#8829 = VERTEX_POINT('',#8830);
#8830 = CARTESIAN_POINT('',(-2.953,-0.381,0.254));
#8831 = LINE('',#8832,#8833);
#8832 = CARTESIAN_POINT('',(-2.953,-0.381,0.254));
#8833 = VECTOR('',#8834,1.);
#8834 = DIRECTION('',(0.,-1.,0.));
#8835 = ORIENTED_EDGE('',*,*,#8836,.F.);
#8836 = EDGE_CURVE('',#8813,#8829,#8837,.T.);
#8837 = LINE('',#8838,#8839);
#8838 = CARTESIAN_POINT('',(-3.099,-0.381,0.254));
#8839 = VECTOR('',#8840,1.);
#8840 = DIRECTION('',(1.,0.,0.));
#8841 = PLANE('',#8842);
#8842 = AXIS2_PLACEMENT_3D('',#8843,#8844,#8845);
#8843 = CARTESIAN_POINT('',(-3.099,-0.381,0.254));
#8844 = DIRECTION('',(0.,0.,-1.));
#8845 = DIRECTION('',(0.,1.,0.));
#8846 = SHELL_BASED_SURFACE_MODEL('',(#8847));
#8847 = OPEN_SHELL('',(#8848));
#8848 = ADVANCED_FACE('',(#8849),#8883,.F.);
#8849 = FACE_BOUND('',#8850,.T.);
#8850 = EDGE_LOOP('',(#8851,#8861,#8869,#8877));
#8851 = ORIENTED_EDGE('',*,*,#8852,.F.);
#8852 = EDGE_CURVE('',#8853,#8855,#8857,.T.);
#8853 = VERTEX_POINT('',#8854);
#8854 = CARTESIAN_POINT('',(-2.953,-0.889,0.));
#8855 = VERTEX_POINT('',#8856);
#8856 = CARTESIAN_POINT('',(-2.953,-0.381,0.));
#8857 = LINE('',#8858,#8859);
#8858 = CARTESIAN_POINT('',(-2.953,-0.889,0.));
#8859 = VECTOR('',#8860,1.);
#8860 = DIRECTION('',(0.,1.,0.));
#8861 = ORIENTED_EDGE('',*,*,#8862,.F.);
#8862 = EDGE_CURVE('',#8863,#8853,#8865,.T.);
#8863 = VERTEX_POINT('',#8864);
#8864 = CARTESIAN_POINT('',(-3.099,-0.889,0.));
#8865 = LINE('',#8866,#8867);
#8866 = CARTESIAN_POINT('',(-3.099,-0.889,0.));
#8867 = VECTOR('',#8868,1.);
#8868 = DIRECTION('',(1.,0.,0.));
#8869 = ORIENTED_EDGE('',*,*,#8870,.F.);
#8870 = EDGE_CURVE('',#8871,#8863,#8873,.T.);
#8871 = VERTEX_POINT('',#8872);
#8872 = CARTESIAN_POINT('',(-3.099,-0.381,0.));
#8873 = LINE('',#8874,#8875);
#8874 = CARTESIAN_POINT('',(-3.099,-0.381,0.));
#8875 = VECTOR('',#8876,1.);
#8876 = DIRECTION('',(0.,-1.,0.));
#8877 = ORIENTED_EDGE('',*,*,#8878,.F.);
#8878 = EDGE_CURVE('',#8855,#8871,#8879,.T.);
#8879 = LINE('',#8880,#8881);
#8880 = CARTESIAN_POINT('',(-2.953,-0.381,0.));
#8881 = VECTOR('',#8882,1.);
#8882 = DIRECTION('',(-1.,0.,0.));
#8883 = PLANE('',#8884);
#8884 = AXIS2_PLACEMENT_3D('',#8885,#8886,#8887);
#8885 = CARTESIAN_POINT('',(-2.953,-0.381,0.));
#8886 = DIRECTION('',(0.,0.,1.));
#8887 = DIRECTION('',(0.,1.,0.));
#8888 = SHELL_BASED_SURFACE_MODEL('',(#8889));
#8889 = OPEN_SHELL('',(#8890));
#8890 = ADVANCED_FACE('',(#8891),#8925,.F.);
#8891 = FACE_BOUND('',#8892,.T.);
#8892 = EDGE_LOOP('',(#8893,#8903,#8911,#8919));
#8893 = ORIENTED_EDGE('',*,*,#8894,.F.);
#8894 = EDGE_CURVE('',#8895,#8897,#8899,.T.);
#8895 = VERTEX_POINT('',#8896);
#8896 = CARTESIAN_POINT('',(-3.099,-0.889,0.));
#8897 = VERTEX_POINT('',#8898);
#8898 = CARTESIAN_POINT('',(-3.099,-0.381,0.));
#8899 = LINE('',#8900,#8901);
#8900 = CARTESIAN_POINT('',(-3.099,-0.889,0.));
#8901 = VECTOR('',#8902,1.);
#8902 = DIRECTION('',(0.,1.,0.));
#8903 = ORIENTED_EDGE('',*,*,#8904,.F.);
#8904 = EDGE_CURVE('',#8905,#8895,#8907,.T.);
#8905 = VERTEX_POINT('',#8906);
#8906 = CARTESIAN_POINT('',(-3.099,-0.889,0.254));
#8907 = LINE('',#8908,#8909);
#8908 = CARTESIAN_POINT('',(-3.099,-0.889,0.254));
#8909 = VECTOR('',#8910,1.);
#8910 = DIRECTION('',(0.,0.,-1.));
#8911 = ORIENTED_EDGE('',*,*,#8912,.F.);
#8912 = EDGE_CURVE('',#8913,#8905,#8915,.T.);
#8913 = VERTEX_POINT('',#8914);
#8914 = CARTESIAN_POINT('',(-3.099,-0.381,0.254));
#8915 = LINE('',#8916,#8917);
#8916 = CARTESIAN_POINT('',(-3.099,-0.381,0.254));
#8917 = VECTOR('',#8918,1.);
#8918 = DIRECTION('',(0.,-1.,0.));
#8919 = ORIENTED_EDGE('',*,*,#8920,.F.);
#8920 = EDGE_CURVE('',#8897,#8913,#8921,.T.);
#8921 = LINE('',#8922,#8923);
#8922 = CARTESIAN_POINT('',(-3.099,-0.381,0.));
#8923 = VECTOR('',#8924,1.);
#8924 = DIRECTION('',(0.,0.,1.));
#8925 = PLANE('',#8926);
#8926 = AXIS2_PLACEMENT_3D('',#8927,#8928,#8929);
#8927 = CARTESIAN_POINT('',(-3.099,-0.381,0.));
#8928 = DIRECTION('',(1.,0.,0.));
#8929 = DIRECTION('',(0.,0.,1.));
#8930 = SHELL_BASED_SURFACE_MODEL('',(#8931));
#8931 = OPEN_SHELL('',(#8932));
#8932 = ADVANCED_FACE('',(#8933),#8969,.T.);
#8933 = FACE_BOUND('',#8934,.T.);
#8934 = EDGE_LOOP('',(#8935,#8946,#8954,#8963));
#8935 = ORIENTED_EDGE('',*,*,#8936,.T.);
#8936 = EDGE_CURVE('',#8937,#8939,#8941,.T.);
#8937 = VERTEX_POINT('',#8938);
#8938 = CARTESIAN_POINT('',(-2.14,-0.381,1.105));
#8939 = VERTEX_POINT('',#8940);
#8940 = CARTESIAN_POINT('',(-2.631,-0.381,0.728));
#8941 = CIRCLE('',#8942,0.508);
#8942 = AXIS2_PLACEMENT_3D('',#8943,#8944,#8945);
#8943 = CARTESIAN_POINT('',(-2.14,-0.381,0.597));
#8944 = DIRECTION('',(0.,-1.,0.));
#8945 = DIRECTION('',(0.,0.,1.));
#8946 = ORIENTED_EDGE('',*,*,#8947,.T.);
#8947 = EDGE_CURVE('',#8939,#8948,#8950,.T.);
#8948 = VERTEX_POINT('',#8949);
#8949 = CARTESIAN_POINT('',(-2.631,-0.889,0.728));
#8950 = LINE('',#8951,#8952);
#8951 = CARTESIAN_POINT('',(-2.631,-0.381,0.728));
#8952 = VECTOR('',#8953,1.);
#8953 = DIRECTION('',(0.,-1.,0.));
#8954 = ORIENTED_EDGE('',*,*,#8955,.F.);
#8955 = EDGE_CURVE('',#8956,#8948,#8958,.T.);
#8956 = VERTEX_POINT('',#8957);
#8957 = CARTESIAN_POINT('',(-2.14,-0.889,1.105));
#8958 = CIRCLE('',#8959,0.508);
#8959 = AXIS2_PLACEMENT_3D('',#8960,#8961,#8962);
#8960 = CARTESIAN_POINT('',(-2.14,-0.889,0.597));
#8961 = DIRECTION('',(0.,-1.,0.));
#8962 = DIRECTION('',(0.,0.,1.));
#8963 = ORIENTED_EDGE('',*,*,#8964,.F.);
#8964 = EDGE_CURVE('',#8937,#8956,#8965,.T.);
#8965 = LINE('',#8966,#8967);
#8966 = CARTESIAN_POINT('',(-2.14,-0.381,1.105));
#8967 = VECTOR('',#8968,1.);
#8968 = DIRECTION('',(0.,-1.,0.));
#8969 = CYLINDRICAL_SURFACE('',#8970,0.508);
#8970 = AXIS2_PLACEMENT_3D('',#8971,#8972,#8973);
#8971 = CARTESIAN_POINT('',(-2.14,-0.889,0.597));
#8972 = DIRECTION('',(0.,1.,0.));
#8973 = DIRECTION('',(0.,-0.,1.));
#8974 = SHELL_BASED_SURFACE_MODEL('',(#8975));
#8975 = OPEN_SHELL('',(#8976));
#8976 = ADVANCED_FACE('',(#8977),#9013,.F.);
#8977 = FACE_BOUND('',#8978,.F.);
#8978 = EDGE_LOOP('',(#8979,#8989,#8998,#9006));
#8979 = ORIENTED_EDGE('',*,*,#8980,.T.);
#8980 = EDGE_CURVE('',#8981,#8983,#8985,.T.);
#8981 = VERTEX_POINT('',#8982);
#8982 = CARTESIAN_POINT('',(-2.14,-0.889,0.851));
#8983 = VERTEX_POINT('',#8984);
#8984 = CARTESIAN_POINT('',(-2.14,-0.381,0.851));
#8985 = LINE('',#8986,#8987);
#8986 = CARTESIAN_POINT('',(-2.14,-0.889,0.851));
#8987 = VECTOR('',#8988,1.);
#8988 = DIRECTION('',(0.,1.,0.));
#8989 = ORIENTED_EDGE('',*,*,#8990,.T.);
#8990 = EDGE_CURVE('',#8983,#8991,#8993,.T.);
#8991 = VERTEX_POINT('',#8992);
#8992 = CARTESIAN_POINT('',(-2.385,-0.381,0.663));
#8993 = CIRCLE('',#8994,0.254);
#8994 = AXIS2_PLACEMENT_3D('',#8995,#8996,#8997);
#8995 = CARTESIAN_POINT('',(-2.14,-0.381,0.597));
#8996 = DIRECTION('',(0.,-1.,0.));
#8997 = DIRECTION('',(0.,0.,1.));
#8998 = ORIENTED_EDGE('',*,*,#8999,.F.);
#8999 = EDGE_CURVE('',#9000,#8991,#9002,.T.);
#9000 = VERTEX_POINT('',#9001);
#9001 = CARTESIAN_POINT('',(-2.385,-0.889,0.663));
#9002 = LINE('',#9003,#9004);
#9003 = CARTESIAN_POINT('',(-2.385,-0.889,0.663));
#9004 = VECTOR('',#9005,1.);
#9005 = DIRECTION('',(0.,1.,0.));
#9006 = ORIENTED_EDGE('',*,*,#9007,.F.);
#9007 = EDGE_CURVE('',#8981,#9000,#9008,.T.);
#9008 = CIRCLE('',#9009,0.254);
#9009 = AXIS2_PLACEMENT_3D('',#9010,#9011,#9012);
#9010 = CARTESIAN_POINT('',(-2.14,-0.889,0.597));
#9011 = DIRECTION('',(0.,-1.,0.));
#9012 = DIRECTION('',(0.,0.,1.));
#9013 = CYLINDRICAL_SURFACE('',#9014,0.254);
#9014 = AXIS2_PLACEMENT_3D('',#9015,#9016,#9017);
#9015 = CARTESIAN_POINT('',(-2.14,-0.889,0.597));
#9016 = DIRECTION('',(0.,-1.,0.));
#9017 = DIRECTION('',(0.,0.,-1.));
#9018 = SHELL_BASED_SURFACE_MODEL('',(#9019));
#9019 = OPEN_SHELL('',(#9020));
#9020 = ADVANCED_FACE('',(#9021),#9057,.F.);
#9021 = FACE_BOUND('',#9022,.F.);
#9022 = EDGE_LOOP('',(#9023,#9034,#9042,#9051));
#9023 = ORIENTED_EDGE('',*,*,#9024,.T.);
#9024 = EDGE_CURVE('',#9025,#9027,#9029,.T.);
#9025 = VERTEX_POINT('',#9026);
#9026 = CARTESIAN_POINT('',(-2.953,-0.381,0.254));
#9027 = VERTEX_POINT('',#9028);
#9028 = CARTESIAN_POINT('',(-2.707,-0.381,0.442));
#9029 = CIRCLE('',#9030,0.254);
#9030 = AXIS2_PLACEMENT_3D('',#9031,#9032,#9033);
#9031 = CARTESIAN_POINT('',(-2.953,-0.381,0.508));
#9032 = DIRECTION('',(0.,-1.,0.));
#9033 = DIRECTION('',(0.,0.,1.));
#9034 = ORIENTED_EDGE('',*,*,#9035,.T.);
#9035 = EDGE_CURVE('',#9027,#9036,#9038,.T.);
#9036 = VERTEX_POINT('',#9037);
#9037 = CARTESIAN_POINT('',(-2.707,-0.889,0.442));
#9038 = LINE('',#9039,#9040);
#9039 = CARTESIAN_POINT('',(-2.707,-0.381,0.442));
#9040 = VECTOR('',#9041,1.);
#9041 = DIRECTION('',(0.,-1.,0.));
#9042 = ORIENTED_EDGE('',*,*,#9043,.F.);
#9043 = EDGE_CURVE('',#9044,#9036,#9046,.T.);
#9044 = VERTEX_POINT('',#9045);
#9045 = CARTESIAN_POINT('',(-2.953,-0.889,0.254));
#9046 = CIRCLE('',#9047,0.254);
#9047 = AXIS2_PLACEMENT_3D('',#9048,#9049,#9050);
#9048 = CARTESIAN_POINT('',(-2.953,-0.889,0.508));
#9049 = DIRECTION('',(0.,-1.,0.));
#9050 = DIRECTION('',(0.,0.,1.));
#9051 = ORIENTED_EDGE('',*,*,#9052,.F.);
#9052 = EDGE_CURVE('',#9025,#9044,#9053,.T.);
#9053 = LINE('',#9054,#9055);
#9054 = CARTESIAN_POINT('',(-2.953,-0.381,0.254));
#9055 = VECTOR('',#9056,1.);
#9056 = DIRECTION('',(0.,-1.,0.));
#9057 = CYLINDRICAL_SURFACE('',#9058,0.254);
#9058 = AXIS2_PLACEMENT_3D('',#9059,#9060,#9061);
#9059 = CARTESIAN_POINT('',(-2.953,-0.381,0.508));
#9060 = DIRECTION('',(0.,1.,0.));
#9061 = DIRECTION('',(0.,0.,-1.));
#9062 = SHELL_BASED_SURFACE_MODEL('',(#9063));
#9063 = OPEN_SHELL('',(#9064));
#9064 = ADVANCED_FACE('',(#9065),#9101,.T.);
#9065 = FACE_BOUND('',#9066,.T.);
#9066 = EDGE_LOOP('',(#9067,#9077,#9086,#9094));
#9067 = ORIENTED_EDGE('',*,*,#9068,.T.);
#9068 = EDGE_CURVE('',#9069,#9071,#9073,.T.);
#9069 = VERTEX_POINT('',#9070);
#9070 = CARTESIAN_POINT('',(-2.953,-0.889,0.));
#9071 = VERTEX_POINT('',#9072);
#9072 = CARTESIAN_POINT('',(-2.953,-0.381,0.));
#9073 = LINE('',#9074,#9075);
#9074 = CARTESIAN_POINT('',(-2.953,-0.889,0.));
#9075 = VECTOR('',#9076,1.);
#9076 = DIRECTION('',(0.,1.,0.));
#9077 = ORIENTED_EDGE('',*,*,#9078,.T.);
#9078 = EDGE_CURVE('',#9071,#9079,#9081,.T.);
#9079 = VERTEX_POINT('',#9080);
#9080 = CARTESIAN_POINT('',(-2.462,-0.381,0.377));
#9081 = CIRCLE('',#9082,0.508);
#9082 = AXIS2_PLACEMENT_3D('',#9083,#9084,#9085);
#9083 = CARTESIAN_POINT('',(-2.953,-0.381,0.508));
#9084 = DIRECTION('',(0.,-1.,0.));
#9085 = DIRECTION('',(0.,0.,1.));
#9086 = ORIENTED_EDGE('',*,*,#9087,.F.);
#9087 = EDGE_CURVE('',#9088,#9079,#9090,.T.);
#9088 = VERTEX_POINT('',#9089);
#9089 = CARTESIAN_POINT('',(-2.462,-0.889,0.377));
#9090 = LINE('',#9091,#9092);
#9091 = CARTESIAN_POINT('',(-2.462,-0.889,0.377));
#9092 = VECTOR('',#9093,1.);
#9093 = DIRECTION('',(0.,1.,0.));
#9094 = ORIENTED_EDGE('',*,*,#9095,.F.);
#9095 = EDGE_CURVE('',#9069,#9088,#9096,.T.);
#9096 = CIRCLE('',#9097,0.508);
#9097 = AXIS2_PLACEMENT_3D('',#9098,#9099,#9100);
#9098 = CARTESIAN_POINT('',(-2.953,-0.889,0.508));
#9099 = DIRECTION('',(0.,-1.,0.));
#9100 = DIRECTION('',(0.,0.,1.));
#9101 = CYLINDRICAL_SURFACE('',#9102,0.508);
#9102 = AXIS2_PLACEMENT_3D('',#9103,#9104,#9105);
#9103 = CARTESIAN_POINT('',(-2.953,-0.381,0.508));
#9104 = DIRECTION('',(0.,-1.,0.));
#9105 = DIRECTION('',(0.,0.,1.));
#9106 = SHELL_BASED_SURFACE_MODEL('',(#9107));
#9107 = OPEN_SHELL('',(#9108));
#9108 = ADVANCED_FACE('',(#9109),#9211,.T.);
#9109 = FACE_BOUND('',#9110,.T.);
#9110 = EDGE_LOOP('',(#9111,#9121,#9129,#9137,#9146,#9154,#9163,#9171,
    #9179,#9187,#9196,#9204));
#9111 = ORIENTED_EDGE('',*,*,#9112,.T.);
#9112 = EDGE_CURVE('',#9113,#9115,#9117,.T.);
#9113 = VERTEX_POINT('',#9114);
#9114 = CARTESIAN_POINT('',(-2.14,-0.381,1.105));
#9115 = VERTEX_POINT('',#9116);
#9116 = CARTESIAN_POINT('',(-1.994,-0.381,1.105));
#9117 = LINE('',#9118,#9119);
#9118 = CARTESIAN_POINT('',(-2.14,-0.381,1.105));
#9119 = VECTOR('',#9120,1.);
#9120 = DIRECTION('',(1.,0.,0.));
#9121 = ORIENTED_EDGE('',*,*,#9122,.T.);
#9122 = EDGE_CURVE('',#9115,#9123,#9125,.T.);
#9123 = VERTEX_POINT('',#9124);
#9124 = CARTESIAN_POINT('',(-1.994,-0.381,0.851));
#9125 = LINE('',#9126,#9127);
#9126 = CARTESIAN_POINT('',(-1.994,-0.381,1.105));
#9127 = VECTOR('',#9128,1.);
#9128 = DIRECTION('',(0.,0.,-1.));
#9129 = ORIENTED_EDGE('',*,*,#9130,.T.);
#9130 = EDGE_CURVE('',#9123,#9131,#9133,.T.);
#9131 = VERTEX_POINT('',#9132);
#9132 = CARTESIAN_POINT('',(-2.14,-0.381,0.851));
#9133 = LINE('',#9134,#9135);
#9134 = CARTESIAN_POINT('',(-1.994,-0.381,0.851));
#9135 = VECTOR('',#9136,1.);
#9136 = DIRECTION('',(-1.,0.,0.));
#9137 = ORIENTED_EDGE('',*,*,#9138,.T.);
#9138 = EDGE_CURVE('',#9131,#9139,#9141,.T.);
#9139 = VERTEX_POINT('',#9140);
#9140 = CARTESIAN_POINT('',(-2.385,-0.381,0.663));
#9141 = CIRCLE('',#9142,0.254);
#9142 = AXIS2_PLACEMENT_3D('',#9143,#9144,#9145);
#9143 = CARTESIAN_POINT('',(-2.14,-0.381,0.597));
#9144 = DIRECTION('',(0.,-1.,0.));
#9145 = DIRECTION('',(0.,0.,1.));
#9146 = ORIENTED_EDGE('',*,*,#9147,.T.);
#9147 = EDGE_CURVE('',#9139,#9148,#9150,.T.);
#9148 = VERTEX_POINT('',#9149);
#9149 = CARTESIAN_POINT('',(-2.462,-0.381,0.377));
#9150 = LINE('',#9151,#9152);
#9151 = CARTESIAN_POINT('',(-2.385,-0.381,0.663));
#9152 = VECTOR('',#9153,1.);
#9153 = DIRECTION('',(-0.258969313954,0.,-0.965885549343));
#9154 = ORIENTED_EDGE('',*,*,#9155,.T.);
#9155 = EDGE_CURVE('',#9148,#9156,#9158,.T.);
#9156 = VERTEX_POINT('',#9157);
#9157 = CARTESIAN_POINT('',(-2.953,-0.381,0.));
#9158 = CIRCLE('',#9159,0.508);
#9159 = AXIS2_PLACEMENT_3D('',#9160,#9161,#9162);
#9160 = CARTESIAN_POINT('',(-2.953,-0.381,0.508));
#9161 = DIRECTION('',(0.,1.,0.));
#9162 = DIRECTION('',(0.,-0.,1.));
#9163 = ORIENTED_EDGE('',*,*,#9164,.T.);
#9164 = EDGE_CURVE('',#9156,#9165,#9167,.T.);
#9165 = VERTEX_POINT('',#9166);
#9166 = CARTESIAN_POINT('',(-3.099,-0.381,0.));
#9167 = LINE('',#9168,#9169);
#9168 = CARTESIAN_POINT('',(-2.953,-0.381,0.));
#9169 = VECTOR('',#9170,1.);
#9170 = DIRECTION('',(-1.,0.,0.));
#9171 = ORIENTED_EDGE('',*,*,#9172,.T.);
#9172 = EDGE_CURVE('',#9165,#9173,#9175,.T.);
#9173 = VERTEX_POINT('',#9174);
#9174 = CARTESIAN_POINT('',(-3.099,-0.381,0.254));
#9175 = LINE('',#9176,#9177);
#9176 = CARTESIAN_POINT('',(-3.099,-0.381,0.));
#9177 = VECTOR('',#9178,1.);
#9178 = DIRECTION('',(0.,0.,1.));
#9179 = ORIENTED_EDGE('',*,*,#9180,.T.);
#9180 = EDGE_CURVE('',#9173,#9181,#9183,.T.);
#9181 = VERTEX_POINT('',#9182);
#9182 = CARTESIAN_POINT('',(-2.953,-0.381,0.254));
#9183 = LINE('',#9184,#9185);
#9184 = CARTESIAN_POINT('',(-3.099,-0.381,0.254));
#9185 = VECTOR('',#9186,1.);
#9186 = DIRECTION('',(1.,0.,0.));
#9187 = ORIENTED_EDGE('',*,*,#9188,.T.);
#9188 = EDGE_CURVE('',#9181,#9189,#9191,.T.);
#9189 = VERTEX_POINT('',#9190);
#9190 = CARTESIAN_POINT('',(-2.707,-0.381,0.442));
#9191 = CIRCLE('',#9192,0.254);
#9192 = AXIS2_PLACEMENT_3D('',#9193,#9194,#9195);
#9193 = CARTESIAN_POINT('',(-2.953,-0.381,0.508));
#9194 = DIRECTION('',(0.,-1.,0.));
#9195 = DIRECTION('',(0.,0.,1.));
#9196 = ORIENTED_EDGE('',*,*,#9197,.T.);
#9197 = EDGE_CURVE('',#9189,#9198,#9200,.T.);
#9198 = VERTEX_POINT('',#9199);
#9199 = CARTESIAN_POINT('',(-2.631,-0.381,0.728));
#9200 = LINE('',#9201,#9202);
#9201 = CARTESIAN_POINT('',(-2.707,-0.381,0.442));
#9202 = VECTOR('',#9203,1.);
#9203 = DIRECTION('',(0.258969313954,0.,0.965885549343));
#9204 = ORIENTED_EDGE('',*,*,#9205,.T.);
#9205 = EDGE_CURVE('',#9198,#9113,#9206,.T.);
#9206 = CIRCLE('',#9207,0.508);
#9207 = AXIS2_PLACEMENT_3D('',#9208,#9209,#9210);
#9208 = CARTESIAN_POINT('',(-2.14,-0.381,0.597));
#9209 = DIRECTION('',(0.,1.,0.));
#9210 = DIRECTION('',(0.,-0.,1.));
#9211 = PLANE('',#9212);
#9212 = AXIS2_PLACEMENT_3D('',#9213,#9214,#9215);
#9213 = CARTESIAN_POINT('',(-1.994,-0.381,0.851));
#9214 = DIRECTION('',(0.,1.,0.));
#9215 = DIRECTION('',(1.,0.,0.));
#9216 = SHELL_BASED_SURFACE_MODEL('',(#9217));
#9217 = OPEN_SHELL('',(#9218));
#9218 = ADVANCED_FACE('',(#9219),#9321,.T.);
#9219 = FACE_BOUND('',#9220,.T.);
#9220 = EDGE_LOOP('',(#9221,#9231,#9239,#9247,#9256,#9264,#9273,#9281,
    #9289,#9297,#9306,#9314));
#9221 = ORIENTED_EDGE('',*,*,#9222,.T.);
#9222 = EDGE_CURVE('',#9223,#9225,#9227,.T.);
#9223 = VERTEX_POINT('',#9224);
#9224 = CARTESIAN_POINT('',(-2.14,-0.889,0.851));
#9225 = VERTEX_POINT('',#9226);
#9226 = CARTESIAN_POINT('',(-1.994,-0.889,0.851));
#9227 = LINE('',#9228,#9229);
#9228 = CARTESIAN_POINT('',(-2.14,-0.889,0.851));
#9229 = VECTOR('',#9230,1.);
#9230 = DIRECTION('',(1.,0.,0.));
#9231 = ORIENTED_EDGE('',*,*,#9232,.T.);
#9232 = EDGE_CURVE('',#9225,#9233,#9235,.T.);
#9233 = VERTEX_POINT('',#9234);
#9234 = CARTESIAN_POINT('',(-1.994,-0.889,1.105));
#9235 = LINE('',#9236,#9237);
#9236 = CARTESIAN_POINT('',(-1.994,-0.889,0.851));
#9237 = VECTOR('',#9238,1.);
#9238 = DIRECTION('',(0.,0.,1.));
#9239 = ORIENTED_EDGE('',*,*,#9240,.T.);
#9240 = EDGE_CURVE('',#9233,#9241,#9243,.T.);
#9241 = VERTEX_POINT('',#9242);
#9242 = CARTESIAN_POINT('',(-2.14,-0.889,1.105));
#9243 = LINE('',#9244,#9245);
#9244 = CARTESIAN_POINT('',(-1.994,-0.889,1.105));
#9245 = VECTOR('',#9246,1.);
#9246 = DIRECTION('',(-1.,0.,0.));
#9247 = ORIENTED_EDGE('',*,*,#9248,.T.);
#9248 = EDGE_CURVE('',#9241,#9249,#9251,.T.);
#9249 = VERTEX_POINT('',#9250);
#9250 = CARTESIAN_POINT('',(-2.631,-0.889,0.728));
#9251 = CIRCLE('',#9252,0.508);
#9252 = AXIS2_PLACEMENT_3D('',#9253,#9254,#9255);
#9253 = CARTESIAN_POINT('',(-2.14,-0.889,0.597));
#9254 = DIRECTION('',(0.,-1.,0.));
#9255 = DIRECTION('',(0.,0.,1.));
#9256 = ORIENTED_EDGE('',*,*,#9257,.T.);
#9257 = EDGE_CURVE('',#9249,#9258,#9260,.T.);
#9258 = VERTEX_POINT('',#9259);
#9259 = CARTESIAN_POINT('',(-2.707,-0.889,0.442));
#9260 = LINE('',#9261,#9262);
#9261 = CARTESIAN_POINT('',(-2.631,-0.889,0.728));
#9262 = VECTOR('',#9263,1.);
#9263 = DIRECTION('',(-0.258969313954,0.,-0.965885549343));
#9264 = ORIENTED_EDGE('',*,*,#9265,.T.);
#9265 = EDGE_CURVE('',#9258,#9266,#9268,.T.);
#9266 = VERTEX_POINT('',#9267);
#9267 = CARTESIAN_POINT('',(-2.953,-0.889,0.254));
#9268 = CIRCLE('',#9269,0.254);
#9269 = AXIS2_PLACEMENT_3D('',#9270,#9271,#9272);
#9270 = CARTESIAN_POINT('',(-2.953,-0.889,0.508));
#9271 = DIRECTION('',(0.,1.,0.));
#9272 = DIRECTION('',(0.,-0.,1.));
#9273 = ORIENTED_EDGE('',*,*,#9274,.T.);
#9274 = EDGE_CURVE('',#9266,#9275,#9277,.T.);
#9275 = VERTEX_POINT('',#9276);
#9276 = CARTESIAN_POINT('',(-3.099,-0.889,0.254));
#9277 = LINE('',#9278,#9279);
#9278 = CARTESIAN_POINT('',(-2.953,-0.889,0.254));
#9279 = VECTOR('',#9280,1.);
#9280 = DIRECTION('',(-1.,0.,0.));
#9281 = ORIENTED_EDGE('',*,*,#9282,.T.);
#9282 = EDGE_CURVE('',#9275,#9283,#9285,.T.);
#9283 = VERTEX_POINT('',#9284);
#9284 = CARTESIAN_POINT('',(-3.099,-0.889,0.));
#9285 = LINE('',#9286,#9287);
#9286 = CARTESIAN_POINT('',(-3.099,-0.889,0.254));
#9287 = VECTOR('',#9288,1.);
#9288 = DIRECTION('',(0.,0.,-1.));
#9289 = ORIENTED_EDGE('',*,*,#9290,.T.);
#9290 = EDGE_CURVE('',#9283,#9291,#9293,.T.);
#9291 = VERTEX_POINT('',#9292);
#9292 = CARTESIAN_POINT('',(-2.953,-0.889,0.));
#9293 = LINE('',#9294,#9295);
#9294 = CARTESIAN_POINT('',(-3.099,-0.889,0.));
#9295 = VECTOR('',#9296,1.);
#9296 = DIRECTION('',(1.,0.,0.));
#9297 = ORIENTED_EDGE('',*,*,#9298,.T.);
#9298 = EDGE_CURVE('',#9291,#9299,#9301,.T.);
#9299 = VERTEX_POINT('',#9300);
#9300 = CARTESIAN_POINT('',(-2.462,-0.889,0.377));
#9301 = CIRCLE('',#9302,0.508);
#9302 = AXIS2_PLACEMENT_3D('',#9303,#9304,#9305);
#9303 = CARTESIAN_POINT('',(-2.953,-0.889,0.508));
#9304 = DIRECTION('',(0.,-1.,0.));
#9305 = DIRECTION('',(0.,0.,1.));
#9306 = ORIENTED_EDGE('',*,*,#9307,.T.);
#9307 = EDGE_CURVE('',#9299,#9308,#9310,.T.);
#9308 = VERTEX_POINT('',#9309);
#9309 = CARTESIAN_POINT('',(-2.385,-0.889,0.663));
#9310 = LINE('',#9311,#9312);
#9311 = CARTESIAN_POINT('',(-2.462,-0.889,0.377));
#9312 = VECTOR('',#9313,1.);
#9313 = DIRECTION('',(0.258969313954,0.,0.965885549343));
#9314 = ORIENTED_EDGE('',*,*,#9315,.T.);
#9315 = EDGE_CURVE('',#9308,#9223,#9316,.T.);
#9316 = CIRCLE('',#9317,0.254);
#9317 = AXIS2_PLACEMENT_3D('',#9318,#9319,#9320);
#9318 = CARTESIAN_POINT('',(-2.14,-0.889,0.597));
#9319 = DIRECTION('',(0.,1.,0.));
#9320 = DIRECTION('',(0.,-0.,1.));
#9321 = PLANE('',#9322);
#9322 = AXIS2_PLACEMENT_3D('',#9323,#9324,#9325);
#9323 = CARTESIAN_POINT('',(-2.953,-0.889,0.254));
#9324 = DIRECTION('',(0.,-1.,0.));
#9325 = DIRECTION('',(1.,0.,0.));
#9326 = SHELL_BASED_SURFACE_MODEL('',(#9327));
#9327 = OPEN_SHELL('',(#9328));
#9328 = ADVANCED_FACE('',(#9329),#9363,.F.);
#9329 = FACE_BOUND('',#9330,.T.);
#9330 = EDGE_LOOP('',(#9331,#9341,#9349,#9357));
#9331 = ORIENTED_EDGE('',*,*,#9332,.F.);
#9332 = EDGE_CURVE('',#9333,#9335,#9337,.T.);
#9333 = VERTEX_POINT('',#9334);
#9334 = CARTESIAN_POINT('',(-1.994,-1.651,0.851));
#9335 = VERTEX_POINT('',#9336);
#9336 = CARTESIAN_POINT('',(-1.994,-2.159,0.851));
#9337 = LINE('',#9338,#9339);
#9338 = CARTESIAN_POINT('',(-1.994,-1.651,0.851));
#9339 = VECTOR('',#9340,1.);
#9340 = DIRECTION('',(0.,-1.,0.));
#9341 = ORIENTED_EDGE('',*,*,#9342,.F.);
#9342 = EDGE_CURVE('',#9343,#9333,#9345,.T.);
#9343 = VERTEX_POINT('',#9344);
#9344 = CARTESIAN_POINT('',(-1.994,-1.651,1.105));
#9345 = LINE('',#9346,#9347);
#9346 = CARTESIAN_POINT('',(-1.994,-1.651,1.105));
#9347 = VECTOR('',#9348,1.);
#9348 = DIRECTION('',(0.,0.,-1.));
#9349 = ORIENTED_EDGE('',*,*,#9350,.F.);
#9350 = EDGE_CURVE('',#9351,#9343,#9353,.T.);
#9351 = VERTEX_POINT('',#9352);
#9352 = CARTESIAN_POINT('',(-1.994,-2.159,1.105));
#9353 = LINE('',#9354,#9355);
#9354 = CARTESIAN_POINT('',(-1.994,-2.159,1.105));
#9355 = VECTOR('',#9356,1.);
#9356 = DIRECTION('',(0.,1.,0.));
#9357 = ORIENTED_EDGE('',*,*,#9358,.F.);
#9358 = EDGE_CURVE('',#9335,#9351,#9359,.T.);
#9359 = LINE('',#9360,#9361);
#9360 = CARTESIAN_POINT('',(-1.994,-2.159,0.851));
#9361 = VECTOR('',#9362,1.);
#9362 = DIRECTION('',(0.,0.,1.));
#9363 = PLANE('',#9364);
#9364 = AXIS2_PLACEMENT_3D('',#9365,#9366,#9367);
#9365 = CARTESIAN_POINT('',(-1.994,-2.159,0.851));
#9366 = DIRECTION('',(-1.,0.,0.));
#9367 = DIRECTION('',(0.,0.,1.));
#9368 = SHELL_BASED_SURFACE_MODEL('',(#9369));
#9369 = OPEN_SHELL('',(#9370));
#9370 = ADVANCED_FACE('',(#9371),#9405,.F.);
#9371 = FACE_BOUND('',#9372,.T.);
#9372 = EDGE_LOOP('',(#9373,#9383,#9391,#9399));
#9373 = ORIENTED_EDGE('',*,*,#9374,.F.);
#9374 = EDGE_CURVE('',#9375,#9377,#9379,.T.);
#9375 = VERTEX_POINT('',#9376);
#9376 = CARTESIAN_POINT('',(-1.994,-1.651,1.105));
#9377 = VERTEX_POINT('',#9378);
#9378 = CARTESIAN_POINT('',(-1.994,-2.159,1.105));
#9379 = LINE('',#9380,#9381);
#9380 = CARTESIAN_POINT('',(-1.994,-1.651,1.105));
#9381 = VECTOR('',#9382,1.);
#9382 = DIRECTION('',(0.,-1.,0.));
#9383 = ORIENTED_EDGE('',*,*,#9384,.F.);
#9384 = EDGE_CURVE('',#9385,#9375,#9387,.T.);
#9385 = VERTEX_POINT('',#9386);
#9386 = CARTESIAN_POINT('',(-2.14,-1.651,1.105));
#9387 = LINE('',#9388,#9389);
#9388 = CARTESIAN_POINT('',(-2.14,-1.651,1.105));
#9389 = VECTOR('',#9390,1.);
#9390 = DIRECTION('',(1.,0.,0.));
#9391 = ORIENTED_EDGE('',*,*,#9392,.F.);
#9392 = EDGE_CURVE('',#9393,#9385,#9395,.T.);
#9393 = VERTEX_POINT('',#9394);
#9394 = CARTESIAN_POINT('',(-2.14,-2.159,1.105));
#9395 = LINE('',#9396,#9397);
#9396 = CARTESIAN_POINT('',(-2.14,-2.159,1.105));
#9397 = VECTOR('',#9398,1.);
#9398 = DIRECTION('',(0.,1.,0.));
#9399 = ORIENTED_EDGE('',*,*,#9400,.F.);
#9400 = EDGE_CURVE('',#9377,#9393,#9401,.T.);
#9401 = LINE('',#9402,#9403);
#9402 = CARTESIAN_POINT('',(-1.994,-2.159,1.105));
#9403 = VECTOR('',#9404,1.);
#9404 = DIRECTION('',(-1.,0.,0.));
#9405 = PLANE('',#9406);
#9406 = AXIS2_PLACEMENT_3D('',#9407,#9408,#9409);
#9407 = CARTESIAN_POINT('',(-1.994,-2.159,1.105));
#9408 = DIRECTION('',(0.,0.,-1.));
#9409 = DIRECTION('',(0.,1.,0.));
#9410 = SHELL_BASED_SURFACE_MODEL('',(#9411));
#9411 = OPEN_SHELL('',(#9412));
#9412 = ADVANCED_FACE('',(#9413),#9447,.F.);
#9413 = FACE_BOUND('',#9414,.T.);
#9414 = EDGE_LOOP('',(#9415,#9425,#9433,#9441));
#9415 = ORIENTED_EDGE('',*,*,#9416,.F.);
#9416 = EDGE_CURVE('',#9417,#9419,#9421,.T.);
#9417 = VERTEX_POINT('',#9418);
#9418 = CARTESIAN_POINT('',(-1.994,-2.159,0.851));
#9419 = VERTEX_POINT('',#9420);
#9420 = CARTESIAN_POINT('',(-1.994,-1.651,0.851));
#9421 = LINE('',#9422,#9423);
#9422 = CARTESIAN_POINT('',(-1.994,-2.159,0.851));
#9423 = VECTOR('',#9424,1.);
#9424 = DIRECTION('',(0.,1.,0.));
#9425 = ORIENTED_EDGE('',*,*,#9426,.F.);
#9426 = EDGE_CURVE('',#9427,#9417,#9429,.T.);
#9427 = VERTEX_POINT('',#9428);
#9428 = CARTESIAN_POINT('',(-2.14,-2.159,0.851));
#9429 = LINE('',#9430,#9431);
#9430 = CARTESIAN_POINT('',(-2.14,-2.159,0.851));
#9431 = VECTOR('',#9432,1.);
#9432 = DIRECTION('',(1.,0.,0.));
#9433 = ORIENTED_EDGE('',*,*,#9434,.F.);
#9434 = EDGE_CURVE('',#9435,#9427,#9437,.T.);
#9435 = VERTEX_POINT('',#9436);
#9436 = CARTESIAN_POINT('',(-2.14,-1.651,0.851));
#9437 = LINE('',#9438,#9439);
#9438 = CARTESIAN_POINT('',(-2.14,-1.651,0.851));
#9439 = VECTOR('',#9440,1.);
#9440 = DIRECTION('',(0.,-1.,0.));
#9441 = ORIENTED_EDGE('',*,*,#9442,.F.);
#9442 = EDGE_CURVE('',#9419,#9435,#9443,.T.);
#9443 = LINE('',#9444,#9445);
#9444 = CARTESIAN_POINT('',(-1.994,-1.651,0.851));
#9445 = VECTOR('',#9446,1.);
#9446 = DIRECTION('',(-1.,0.,0.));
#9447 = PLANE('',#9448);
#9448 = AXIS2_PLACEMENT_3D('',#9449,#9450,#9451);
#9449 = CARTESIAN_POINT('',(-1.994,-1.651,0.851));
#9450 = DIRECTION('',(0.,0.,1.));
#9451 = DIRECTION('',(0.,1.,0.));
#9452 = SHELL_BASED_SURFACE_MODEL('',(#9453));
#9453 = OPEN_SHELL('',(#9454));
#9454 = ADVANCED_FACE('',(#9455),#9489,.F.);
#9455 = FACE_BOUND('',#9456,.F.);
#9456 = EDGE_LOOP('',(#9457,#9467,#9475,#9483));
#9457 = ORIENTED_EDGE('',*,*,#9458,.T.);
#9458 = EDGE_CURVE('',#9459,#9461,#9463,.T.);
#9459 = VERTEX_POINT('',#9460);
#9460 = CARTESIAN_POINT('',(-2.707,-1.651,0.442));
#9461 = VERTEX_POINT('',#9462);
#9462 = CARTESIAN_POINT('',(-2.631,-1.651,0.728));
#9463 = LINE('',#9464,#9465);
#9464 = CARTESIAN_POINT('',(-2.707,-1.651,0.442));
#9465 = VECTOR('',#9466,1.);
#9466 = DIRECTION('',(0.258969313954,0.,0.965885549343));
#9467 = ORIENTED_EDGE('',*,*,#9468,.T.);
#9468 = EDGE_CURVE('',#9461,#9469,#9471,.T.);
#9469 = VERTEX_POINT('',#9470);
#9470 = CARTESIAN_POINT('',(-2.631,-2.159,0.728));
#9471 = LINE('',#9472,#9473);
#9472 = CARTESIAN_POINT('',(-2.631,-1.651,0.728));
#9473 = VECTOR('',#9474,1.);
#9474 = DIRECTION('',(0.,-1.,0.));
#9475 = ORIENTED_EDGE('',*,*,#9476,.T.);
#9476 = EDGE_CURVE('',#9469,#9477,#9479,.T.);
#9477 = VERTEX_POINT('',#9478);
#9478 = CARTESIAN_POINT('',(-2.707,-2.159,0.442));
#9479 = LINE('',#9480,#9481);
#9480 = CARTESIAN_POINT('',(-2.631,-2.159,0.728));
#9481 = VECTOR('',#9482,1.);
#9482 = DIRECTION('',(-0.258969313954,0.,-0.965885549343));
#9483 = ORIENTED_EDGE('',*,*,#9484,.T.);
#9484 = EDGE_CURVE('',#9477,#9459,#9485,.T.);
#9485 = LINE('',#9486,#9487);
#9486 = CARTESIAN_POINT('',(-2.707,-2.159,0.442));
#9487 = VECTOR('',#9488,1.);
#9488 = DIRECTION('',(0.,1.,0.));
#9489 = PLANE('',#9490);
#9490 = AXIS2_PLACEMENT_3D('',#9491,#9492,#9493);
#9491 = CARTESIAN_POINT('',(-2.707,-1.651,0.442));
#9492 = DIRECTION('',(0.965885549343,0.,-0.258969313954));
#9493 = DIRECTION('',(0.258969313954,0.,0.965885549343));
#9494 = SHELL_BASED_SURFACE_MODEL('',(#9495));
#9495 = OPEN_SHELL('',(#9496));
#9496 = ADVANCED_FACE('',(#9497),#9531,.F.);
#9497 = FACE_BOUND('',#9498,.F.);
#9498 = EDGE_LOOP('',(#9499,#9509,#9517,#9525));
#9499 = ORIENTED_EDGE('',*,*,#9500,.T.);
#9500 = EDGE_CURVE('',#9501,#9503,#9505,.T.);
#9501 = VERTEX_POINT('',#9502);
#9502 = CARTESIAN_POINT('',(-2.462,-2.159,0.377));
#9503 = VERTEX_POINT('',#9504);
#9504 = CARTESIAN_POINT('',(-2.385,-2.159,0.663));
#9505 = LINE('',#9506,#9507);
#9506 = CARTESIAN_POINT('',(-2.462,-2.159,0.377));
#9507 = VECTOR('',#9508,1.);
#9508 = DIRECTION('',(0.258969313954,0.,0.965885549343));
#9509 = ORIENTED_EDGE('',*,*,#9510,.T.);
#9510 = EDGE_CURVE('',#9503,#9511,#9513,.T.);
#9511 = VERTEX_POINT('',#9512);
#9512 = CARTESIAN_POINT('',(-2.385,-1.651,0.663));
#9513 = LINE('',#9514,#9515);
#9514 = CARTESIAN_POINT('',(-2.385,-2.159,0.663));
#9515 = VECTOR('',#9516,1.);
#9516 = DIRECTION('',(0.,1.,0.));
#9517 = ORIENTED_EDGE('',*,*,#9518,.T.);
#9518 = EDGE_CURVE('',#9511,#9519,#9521,.T.);
#9519 = VERTEX_POINT('',#9520);
#9520 = CARTESIAN_POINT('',(-2.462,-1.651,0.377));
#9521 = LINE('',#9522,#9523);
#9522 = CARTESIAN_POINT('',(-2.385,-1.651,0.663));
#9523 = VECTOR('',#9524,1.);
#9524 = DIRECTION('',(-0.258969313954,0.,-0.965885549343));
#9525 = ORIENTED_EDGE('',*,*,#9526,.T.);
#9526 = EDGE_CURVE('',#9519,#9501,#9527,.T.);
#9527 = LINE('',#9528,#9529);
#9528 = CARTESIAN_POINT('',(-2.462,-1.651,0.377));
#9529 = VECTOR('',#9530,1.);
#9530 = DIRECTION('',(0.,-1.,0.));
#9531 = PLANE('',#9532);
#9532 = AXIS2_PLACEMENT_3D('',#9533,#9534,#9535);
#9533 = CARTESIAN_POINT('',(-2.462,-2.159,0.377));
#9534 = DIRECTION('',(-0.965885549343,0.,0.258969313954));
#9535 = DIRECTION('',(0.258969313954,0.,0.965885549343));
#9536 = SHELL_BASED_SURFACE_MODEL('',(#9537));
#9537 = OPEN_SHELL('',(#9538));
#9538 = ADVANCED_FACE('',(#9539),#9573,.F.);
#9539 = FACE_BOUND('',#9540,.T.);
#9540 = EDGE_LOOP('',(#9541,#9551,#9559,#9567));
#9541 = ORIENTED_EDGE('',*,*,#9542,.F.);
#9542 = EDGE_CURVE('',#9543,#9545,#9547,.T.);
#9543 = VERTEX_POINT('',#9544);
#9544 = CARTESIAN_POINT('',(-3.099,-2.159,0.254));
#9545 = VERTEX_POINT('',#9546);
#9546 = CARTESIAN_POINT('',(-3.099,-1.651,0.254));
#9547 = LINE('',#9548,#9549);
#9548 = CARTESIAN_POINT('',(-3.099,-2.159,0.254));
#9549 = VECTOR('',#9550,1.);
#9550 = DIRECTION('',(0.,1.,0.));
#9551 = ORIENTED_EDGE('',*,*,#9552,.F.);
#9552 = EDGE_CURVE('',#9553,#9543,#9555,.T.);
#9553 = VERTEX_POINT('',#9554);
#9554 = CARTESIAN_POINT('',(-2.953,-2.159,0.254));
#9555 = LINE('',#9556,#9557);
#9556 = CARTESIAN_POINT('',(-2.953,-2.159,0.254));
#9557 = VECTOR('',#9558,1.);
#9558 = DIRECTION('',(-1.,0.,0.));
#9559 = ORIENTED_EDGE('',*,*,#9560,.F.);
#9560 = EDGE_CURVE('',#9561,#9553,#9563,.T.);
#9561 = VERTEX_POINT('',#9562);
#9562 = CARTESIAN_POINT('',(-2.953,-1.651,0.254));
#9563 = LINE('',#9564,#9565);
#9564 = CARTESIAN_POINT('',(-2.953,-1.651,0.254));
#9565 = VECTOR('',#9566,1.);
#9566 = DIRECTION('',(0.,-1.,0.));
#9567 = ORIENTED_EDGE('',*,*,#9568,.F.);
#9568 = EDGE_CURVE('',#9545,#9561,#9569,.T.);
#9569 = LINE('',#9570,#9571);
#9570 = CARTESIAN_POINT('',(-3.099,-1.651,0.254));
#9571 = VECTOR('',#9572,1.);
#9572 = DIRECTION('',(1.,0.,0.));
#9573 = PLANE('',#9574);
#9574 = AXIS2_PLACEMENT_3D('',#9575,#9576,#9577);
#9575 = CARTESIAN_POINT('',(-3.099,-1.651,0.254));
#9576 = DIRECTION('',(0.,0.,-1.));
#9577 = DIRECTION('',(0.,1.,0.));
#9578 = SHELL_BASED_SURFACE_MODEL('',(#9579));
#9579 = OPEN_SHELL('',(#9580));
#9580 = ADVANCED_FACE('',(#9581),#9615,.F.);
#9581 = FACE_BOUND('',#9582,.T.);
#9582 = EDGE_LOOP('',(#9583,#9593,#9601,#9609));
#9583 = ORIENTED_EDGE('',*,*,#9584,.F.);
#9584 = EDGE_CURVE('',#9585,#9587,#9589,.T.);
#9585 = VERTEX_POINT('',#9586);
#9586 = CARTESIAN_POINT('',(-2.953,-2.159,0.));
#9587 = VERTEX_POINT('',#9588);
#9588 = CARTESIAN_POINT('',(-2.953,-1.651,0.));
#9589 = LINE('',#9590,#9591);
#9590 = CARTESIAN_POINT('',(-2.953,-2.159,0.));
#9591 = VECTOR('',#9592,1.);
#9592 = DIRECTION('',(0.,1.,0.));
#9593 = ORIENTED_EDGE('',*,*,#9594,.F.);
#9594 = EDGE_CURVE('',#9595,#9585,#9597,.T.);
#9595 = VERTEX_POINT('',#9596);
#9596 = CARTESIAN_POINT('',(-3.099,-2.159,0.));
#9597 = LINE('',#9598,#9599);
#9598 = CARTESIAN_POINT('',(-3.099,-2.159,0.));
#9599 = VECTOR('',#9600,1.);
#9600 = DIRECTION('',(1.,0.,0.));
#9601 = ORIENTED_EDGE('',*,*,#9602,.F.);
#9602 = EDGE_CURVE('',#9603,#9595,#9605,.T.);
#9603 = VERTEX_POINT('',#9604);
#9604 = CARTESIAN_POINT('',(-3.099,-1.651,0.));
#9605 = LINE('',#9606,#9607);
#9606 = CARTESIAN_POINT('',(-3.099,-1.651,0.));
#9607 = VECTOR('',#9608,1.);
#9608 = DIRECTION('',(0.,-1.,0.));
#9609 = ORIENTED_EDGE('',*,*,#9610,.F.);
#9610 = EDGE_CURVE('',#9587,#9603,#9611,.T.);
#9611 = LINE('',#9612,#9613);
#9612 = CARTESIAN_POINT('',(-2.953,-1.651,0.));
#9613 = VECTOR('',#9614,1.);
#9614 = DIRECTION('',(-1.,0.,0.));
#9615 = PLANE('',#9616);
#9616 = AXIS2_PLACEMENT_3D('',#9617,#9618,#9619);
#9617 = CARTESIAN_POINT('',(-2.953,-1.651,0.));
#9618 = DIRECTION('',(0.,0.,1.));
#9619 = DIRECTION('',(0.,1.,0.));
#9620 = SHELL_BASED_SURFACE_MODEL('',(#9621));
#9621 = OPEN_SHELL('',(#9622));
#9622 = ADVANCED_FACE('',(#9623),#9657,.F.);
#9623 = FACE_BOUND('',#9624,.T.);
#9624 = EDGE_LOOP('',(#9625,#9635,#9643,#9651));
#9625 = ORIENTED_EDGE('',*,*,#9626,.F.);
#9626 = EDGE_CURVE('',#9627,#9629,#9631,.T.);
#9627 = VERTEX_POINT('',#9628);
#9628 = CARTESIAN_POINT('',(-3.099,-2.159,0.));
#9629 = VERTEX_POINT('',#9630);
#9630 = CARTESIAN_POINT('',(-3.099,-1.651,0.));
#9631 = LINE('',#9632,#9633);
#9632 = CARTESIAN_POINT('',(-3.099,-2.159,0.));
#9633 = VECTOR('',#9634,1.);
#9634 = DIRECTION('',(0.,1.,0.));
#9635 = ORIENTED_EDGE('',*,*,#9636,.F.);
#9636 = EDGE_CURVE('',#9637,#9627,#9639,.T.);
#9637 = VERTEX_POINT('',#9638);
#9638 = CARTESIAN_POINT('',(-3.099,-2.159,0.254));
#9639 = LINE('',#9640,#9641);
#9640 = CARTESIAN_POINT('',(-3.099,-2.159,0.254));
#9641 = VECTOR('',#9642,1.);
#9642 = DIRECTION('',(0.,0.,-1.));
#9643 = ORIENTED_EDGE('',*,*,#9644,.F.);
#9644 = EDGE_CURVE('',#9645,#9637,#9647,.T.);
#9645 = VERTEX_POINT('',#9646);
#9646 = CARTESIAN_POINT('',(-3.099,-1.651,0.254));
#9647 = LINE('',#9648,#9649);
#9648 = CARTESIAN_POINT('',(-3.099,-1.651,0.254));
#9649 = VECTOR('',#9650,1.);
#9650 = DIRECTION('',(0.,-1.,0.));
#9651 = ORIENTED_EDGE('',*,*,#9652,.F.);
#9652 = EDGE_CURVE('',#9629,#9645,#9653,.T.);
#9653 = LINE('',#9654,#9655);
#9654 = CARTESIAN_POINT('',(-3.099,-1.651,0.));
#9655 = VECTOR('',#9656,1.);
#9656 = DIRECTION('',(0.,0.,1.));
#9657 = PLANE('',#9658);
#9658 = AXIS2_PLACEMENT_3D('',#9659,#9660,#9661);
#9659 = CARTESIAN_POINT('',(-3.099,-1.651,0.));
#9660 = DIRECTION('',(1.,0.,0.));
#9661 = DIRECTION('',(0.,0.,1.));
#9662 = SHELL_BASED_SURFACE_MODEL('',(#9663));
#9663 = OPEN_SHELL('',(#9664));
#9664 = ADVANCED_FACE('',(#9665),#9701,.T.);
#9665 = FACE_BOUND('',#9666,.T.);
#9666 = EDGE_LOOP('',(#9667,#9678,#9686,#9695));
#9667 = ORIENTED_EDGE('',*,*,#9668,.T.);
#9668 = EDGE_CURVE('',#9669,#9671,#9673,.T.);
#9669 = VERTEX_POINT('',#9670);
#9670 = CARTESIAN_POINT('',(-2.14,-1.651,1.105));
#9671 = VERTEX_POINT('',#9672);
#9672 = CARTESIAN_POINT('',(-2.631,-1.651,0.728));
#9673 = CIRCLE('',#9674,0.508);
#9674 = AXIS2_PLACEMENT_3D('',#9675,#9676,#9677);
#9675 = CARTESIAN_POINT('',(-2.14,-1.651,0.597));
#9676 = DIRECTION('',(0.,-1.,0.));
#9677 = DIRECTION('',(0.,0.,1.));
#9678 = ORIENTED_EDGE('',*,*,#9679,.T.);
#9679 = EDGE_CURVE('',#9671,#9680,#9682,.T.);
#9680 = VERTEX_POINT('',#9681);
#9681 = CARTESIAN_POINT('',(-2.631,-2.159,0.728));
#9682 = LINE('',#9683,#9684);
#9683 = CARTESIAN_POINT('',(-2.631,-1.651,0.728));
#9684 = VECTOR('',#9685,1.);
#9685 = DIRECTION('',(0.,-1.,0.));
#9686 = ORIENTED_EDGE('',*,*,#9687,.F.);
#9687 = EDGE_CURVE('',#9688,#9680,#9690,.T.);
#9688 = VERTEX_POINT('',#9689);
#9689 = CARTESIAN_POINT('',(-2.14,-2.159,1.105));
#9690 = CIRCLE('',#9691,0.508);
#9691 = AXIS2_PLACEMENT_3D('',#9692,#9693,#9694);
#9692 = CARTESIAN_POINT('',(-2.14,-2.159,0.597));
#9693 = DIRECTION('',(0.,-1.,0.));
#9694 = DIRECTION('',(0.,0.,1.));
#9695 = ORIENTED_EDGE('',*,*,#9696,.F.);
#9696 = EDGE_CURVE('',#9669,#9688,#9697,.T.);
#9697 = LINE('',#9698,#9699);
#9698 = CARTESIAN_POINT('',(-2.14,-1.651,1.105));
#9699 = VECTOR('',#9700,1.);
#9700 = DIRECTION('',(0.,-1.,0.));
#9701 = CYLINDRICAL_SURFACE('',#9702,0.508);
#9702 = AXIS2_PLACEMENT_3D('',#9703,#9704,#9705);
#9703 = CARTESIAN_POINT('',(-2.14,-2.159,0.597));
#9704 = DIRECTION('',(0.,1.,0.));
#9705 = DIRECTION('',(0.,-0.,1.));
#9706 = SHELL_BASED_SURFACE_MODEL('',(#9707));
#9707 = OPEN_SHELL('',(#9708));
#9708 = ADVANCED_FACE('',(#9709),#9745,.F.);
#9709 = FACE_BOUND('',#9710,.F.);
#9710 = EDGE_LOOP('',(#9711,#9721,#9730,#9738));
#9711 = ORIENTED_EDGE('',*,*,#9712,.T.);
#9712 = EDGE_CURVE('',#9713,#9715,#9717,.T.);
#9713 = VERTEX_POINT('',#9714);
#9714 = CARTESIAN_POINT('',(-2.14,-2.159,0.851));
#9715 = VERTEX_POINT('',#9716);
#9716 = CARTESIAN_POINT('',(-2.14,-1.651,0.851));
#9717 = LINE('',#9718,#9719);
#9718 = CARTESIAN_POINT('',(-2.14,-2.159,0.851));
#9719 = VECTOR('',#9720,1.);
#9720 = DIRECTION('',(0.,1.,0.));
#9721 = ORIENTED_EDGE('',*,*,#9722,.T.);
#9722 = EDGE_CURVE('',#9715,#9723,#9725,.T.);
#9723 = VERTEX_POINT('',#9724);
#9724 = CARTESIAN_POINT('',(-2.385,-1.651,0.663));
#9725 = CIRCLE('',#9726,0.254);
#9726 = AXIS2_PLACEMENT_3D('',#9727,#9728,#9729);
#9727 = CARTESIAN_POINT('',(-2.14,-1.651,0.597));
#9728 = DIRECTION('',(0.,-1.,0.));
#9729 = DIRECTION('',(0.,0.,1.));
#9730 = ORIENTED_EDGE('',*,*,#9731,.F.);
#9731 = EDGE_CURVE('',#9732,#9723,#9734,.T.);
#9732 = VERTEX_POINT('',#9733);
#9733 = CARTESIAN_POINT('',(-2.385,-2.159,0.663));
#9734 = LINE('',#9735,#9736);
#9735 = CARTESIAN_POINT('',(-2.385,-2.159,0.663));
#9736 = VECTOR('',#9737,1.);
#9737 = DIRECTION('',(0.,1.,0.));
#9738 = ORIENTED_EDGE('',*,*,#9739,.F.);
#9739 = EDGE_CURVE('',#9713,#9732,#9740,.T.);
#9740 = CIRCLE('',#9741,0.254);
#9741 = AXIS2_PLACEMENT_3D('',#9742,#9743,#9744);
#9742 = CARTESIAN_POINT('',(-2.14,-2.159,0.597));
#9743 = DIRECTION('',(0.,-1.,0.));
#9744 = DIRECTION('',(0.,0.,1.));
#9745 = CYLINDRICAL_SURFACE('',#9746,0.254);
#9746 = AXIS2_PLACEMENT_3D('',#9747,#9748,#9749);
#9747 = CARTESIAN_POINT('',(-2.14,-2.159,0.597));
#9748 = DIRECTION('',(0.,-1.,0.));
#9749 = DIRECTION('',(0.,0.,-1.));
#9750 = SHELL_BASED_SURFACE_MODEL('',(#9751));
#9751 = OPEN_SHELL('',(#9752));
#9752 = ADVANCED_FACE('',(#9753),#9789,.F.);
#9753 = FACE_BOUND('',#9754,.F.);
#9754 = EDGE_LOOP('',(#9755,#9766,#9774,#9783));
#9755 = ORIENTED_EDGE('',*,*,#9756,.T.);
#9756 = EDGE_CURVE('',#9757,#9759,#9761,.T.);
#9757 = VERTEX_POINT('',#9758);
#9758 = CARTESIAN_POINT('',(-2.953,-1.651,0.254));
#9759 = VERTEX_POINT('',#9760);
#9760 = CARTESIAN_POINT('',(-2.707,-1.651,0.442));
#9761 = CIRCLE('',#9762,0.254);
#9762 = AXIS2_PLACEMENT_3D('',#9763,#9764,#9765);
#9763 = CARTESIAN_POINT('',(-2.953,-1.651,0.508));
#9764 = DIRECTION('',(0.,-1.,0.));
#9765 = DIRECTION('',(0.,0.,1.));
#9766 = ORIENTED_EDGE('',*,*,#9767,.T.);
#9767 = EDGE_CURVE('',#9759,#9768,#9770,.T.);
#9768 = VERTEX_POINT('',#9769);
#9769 = CARTESIAN_POINT('',(-2.707,-2.159,0.442));
#9770 = LINE('',#9771,#9772);
#9771 = CARTESIAN_POINT('',(-2.707,-1.651,0.442));
#9772 = VECTOR('',#9773,1.);
#9773 = DIRECTION('',(0.,-1.,0.));
#9774 = ORIENTED_EDGE('',*,*,#9775,.F.);
#9775 = EDGE_CURVE('',#9776,#9768,#9778,.T.);
#9776 = VERTEX_POINT('',#9777);
#9777 = CARTESIAN_POINT('',(-2.953,-2.159,0.254));
#9778 = CIRCLE('',#9779,0.254);
#9779 = AXIS2_PLACEMENT_3D('',#9780,#9781,#9782);
#9780 = CARTESIAN_POINT('',(-2.953,-2.159,0.508));
#9781 = DIRECTION('',(0.,-1.,0.));
#9782 = DIRECTION('',(0.,0.,1.));
#9783 = ORIENTED_EDGE('',*,*,#9784,.F.);
#9784 = EDGE_CURVE('',#9757,#9776,#9785,.T.);
#9785 = LINE('',#9786,#9787);
#9786 = CARTESIAN_POINT('',(-2.953,-1.651,0.254));
#9787 = VECTOR('',#9788,1.);
#9788 = DIRECTION('',(0.,-1.,0.));
#9789 = CYLINDRICAL_SURFACE('',#9790,0.254);
#9790 = AXIS2_PLACEMENT_3D('',#9791,#9792,#9793);
#9791 = CARTESIAN_POINT('',(-2.953,-1.651,0.508));
#9792 = DIRECTION('',(0.,1.,0.));
#9793 = DIRECTION('',(0.,0.,-1.));
#9794 = SHELL_BASED_SURFACE_MODEL('',(#9795));
#9795 = OPEN_SHELL('',(#9796));
#9796 = ADVANCED_FACE('',(#9797),#9833,.T.);
#9797 = FACE_BOUND('',#9798,.T.);
#9798 = EDGE_LOOP('',(#9799,#9809,#9818,#9826));
#9799 = ORIENTED_EDGE('',*,*,#9800,.T.);
#9800 = EDGE_CURVE('',#9801,#9803,#9805,.T.);
#9801 = VERTEX_POINT('',#9802);
#9802 = CARTESIAN_POINT('',(-2.953,-2.159,0.));
#9803 = VERTEX_POINT('',#9804);
#9804 = CARTESIAN_POINT('',(-2.953,-1.651,0.));
#9805 = LINE('',#9806,#9807);
#9806 = CARTESIAN_POINT('',(-2.953,-2.159,0.));
#9807 = VECTOR('',#9808,1.);
#9808 = DIRECTION('',(0.,1.,0.));
#9809 = ORIENTED_EDGE('',*,*,#9810,.T.);
#9810 = EDGE_CURVE('',#9803,#9811,#9813,.T.);
#9811 = VERTEX_POINT('',#9812);
#9812 = CARTESIAN_POINT('',(-2.462,-1.651,0.377));
#9813 = CIRCLE('',#9814,0.508);
#9814 = AXIS2_PLACEMENT_3D('',#9815,#9816,#9817);
#9815 = CARTESIAN_POINT('',(-2.953,-1.651,0.508));
#9816 = DIRECTION('',(0.,-1.,0.));
#9817 = DIRECTION('',(0.,0.,1.));
#9818 = ORIENTED_EDGE('',*,*,#9819,.F.);
#9819 = EDGE_CURVE('',#9820,#9811,#9822,.T.);
#9820 = VERTEX_POINT('',#9821);
#9821 = CARTESIAN_POINT('',(-2.462,-2.159,0.377));
#9822 = LINE('',#9823,#9824);
#9823 = CARTESIAN_POINT('',(-2.462,-2.159,0.377));
#9824 = VECTOR('',#9825,1.);
#9825 = DIRECTION('',(0.,1.,0.));
#9826 = ORIENTED_EDGE('',*,*,#9827,.F.);
#9827 = EDGE_CURVE('',#9801,#9820,#9828,.T.);
#9828 = CIRCLE('',#9829,0.508);
#9829 = AXIS2_PLACEMENT_3D('',#9830,#9831,#9832);
#9830 = CARTESIAN_POINT('',(-2.953,-2.159,0.508));
#9831 = DIRECTION('',(0.,-1.,0.));
#9832 = DIRECTION('',(0.,0.,1.));
#9833 = CYLINDRICAL_SURFACE('',#9834,0.508);
#9834 = AXIS2_PLACEMENT_3D('',#9835,#9836,#9837);
#9835 = CARTESIAN_POINT('',(-2.953,-1.651,0.508));
#9836 = DIRECTION('',(0.,-1.,0.));
#9837 = DIRECTION('',(0.,0.,1.));
#9838 = SHELL_BASED_SURFACE_MODEL('',(#9839));
#9839 = OPEN_SHELL('',(#9840));
#9840 = ADVANCED_FACE('',(#9841),#9943,.T.);
#9841 = FACE_BOUND('',#9842,.T.);
#9842 = EDGE_LOOP('',(#9843,#9853,#9861,#9869,#9878,#9886,#9895,#9903,
    #9911,#9919,#9928,#9936));
#9843 = ORIENTED_EDGE('',*,*,#9844,.T.);
#9844 = EDGE_CURVE('',#9845,#9847,#9849,.T.);
#9845 = VERTEX_POINT('',#9846);
#9846 = CARTESIAN_POINT('',(-2.14,-1.651,1.105));
#9847 = VERTEX_POINT('',#9848);
#9848 = CARTESIAN_POINT('',(-1.994,-1.651,1.105));
#9849 = LINE('',#9850,#9851);
#9850 = CARTESIAN_POINT('',(-2.14,-1.651,1.105));
#9851 = VECTOR('',#9852,1.);
#9852 = DIRECTION('',(1.,0.,0.));
#9853 = ORIENTED_EDGE('',*,*,#9854,.T.);
#9854 = EDGE_CURVE('',#9847,#9855,#9857,.T.);
#9855 = VERTEX_POINT('',#9856);
#9856 = CARTESIAN_POINT('',(-1.994,-1.651,0.851));
#9857 = LINE('',#9858,#9859);
#9858 = CARTESIAN_POINT('',(-1.994,-1.651,1.105));
#9859 = VECTOR('',#9860,1.);
#9860 = DIRECTION('',(0.,0.,-1.));
#9861 = ORIENTED_EDGE('',*,*,#9862,.T.);
#9862 = EDGE_CURVE('',#9855,#9863,#9865,.T.);
#9863 = VERTEX_POINT('',#9864);
#9864 = CARTESIAN_POINT('',(-2.14,-1.651,0.851));
#9865 = LINE('',#9866,#9867);
#9866 = CARTESIAN_POINT('',(-1.994,-1.651,0.851));
#9867 = VECTOR('',#9868,1.);
#9868 = DIRECTION('',(-1.,0.,0.));
#9869 = ORIENTED_EDGE('',*,*,#9870,.T.);
#9870 = EDGE_CURVE('',#9863,#9871,#9873,.T.);
#9871 = VERTEX_POINT('',#9872);
#9872 = CARTESIAN_POINT('',(-2.385,-1.651,0.663));
#9873 = CIRCLE('',#9874,0.254);
#9874 = AXIS2_PLACEMENT_3D('',#9875,#9876,#9877);
#9875 = CARTESIAN_POINT('',(-2.14,-1.651,0.597));
#9876 = DIRECTION('',(0.,-1.,0.));
#9877 = DIRECTION('',(0.,0.,1.));
#9878 = ORIENTED_EDGE('',*,*,#9879,.T.);
#9879 = EDGE_CURVE('',#9871,#9880,#9882,.T.);
#9880 = VERTEX_POINT('',#9881);
#9881 = CARTESIAN_POINT('',(-2.462,-1.651,0.377));
#9882 = LINE('',#9883,#9884);
#9883 = CARTESIAN_POINT('',(-2.385,-1.651,0.663));
#9884 = VECTOR('',#9885,1.);
#9885 = DIRECTION('',(-0.258969313954,0.,-0.965885549343));
#9886 = ORIENTED_EDGE('',*,*,#9887,.T.);
#9887 = EDGE_CURVE('',#9880,#9888,#9890,.T.);
#9888 = VERTEX_POINT('',#9889);
#9889 = CARTESIAN_POINT('',(-2.953,-1.651,0.));
#9890 = CIRCLE('',#9891,0.508);
#9891 = AXIS2_PLACEMENT_3D('',#9892,#9893,#9894);
#9892 = CARTESIAN_POINT('',(-2.953,-1.651,0.508));
#9893 = DIRECTION('',(0.,1.,0.));
#9894 = DIRECTION('',(0.,-0.,1.));
#9895 = ORIENTED_EDGE('',*,*,#9896,.T.);
#9896 = EDGE_CURVE('',#9888,#9897,#9899,.T.);
#9897 = VERTEX_POINT('',#9898);
#9898 = CARTESIAN_POINT('',(-3.099,-1.651,0.));
#9899 = LINE('',#9900,#9901);
#9900 = CARTESIAN_POINT('',(-2.953,-1.651,0.));
#9901 = VECTOR('',#9902,1.);
#9902 = DIRECTION('',(-1.,0.,0.));
#9903 = ORIENTED_EDGE('',*,*,#9904,.T.);
#9904 = EDGE_CURVE('',#9897,#9905,#9907,.T.);
#9905 = VERTEX_POINT('',#9906);
#9906 = CARTESIAN_POINT('',(-3.099,-1.651,0.254));
#9907 = LINE('',#9908,#9909);
#9908 = CARTESIAN_POINT('',(-3.099,-1.651,0.));
#9909 = VECTOR('',#9910,1.);
#9910 = DIRECTION('',(0.,0.,1.));
#9911 = ORIENTED_EDGE('',*,*,#9912,.T.);
#9912 = EDGE_CURVE('',#9905,#9913,#9915,.T.);
#9913 = VERTEX_POINT('',#9914);
#9914 = CARTESIAN_POINT('',(-2.953,-1.651,0.254));
#9915 = LINE('',#9916,#9917);
#9916 = CARTESIAN_POINT('',(-3.099,-1.651,0.254));
#9917 = VECTOR('',#9918,1.);
#9918 = DIRECTION('',(1.,0.,0.));
#9919 = ORIENTED_EDGE('',*,*,#9920,.T.);
#9920 = EDGE_CURVE('',#9913,#9921,#9923,.T.);
#9921 = VERTEX_POINT('',#9922);
#9922 = CARTESIAN_POINT('',(-2.707,-1.651,0.442));
#9923 = CIRCLE('',#9924,0.254);
#9924 = AXIS2_PLACEMENT_3D('',#9925,#9926,#9927);
#9925 = CARTESIAN_POINT('',(-2.953,-1.651,0.508));
#9926 = DIRECTION('',(0.,-1.,0.));
#9927 = DIRECTION('',(0.,0.,1.));
#9928 = ORIENTED_EDGE('',*,*,#9929,.T.);
#9929 = EDGE_CURVE('',#9921,#9930,#9932,.T.);
#9930 = VERTEX_POINT('',#9931);
#9931 = CARTESIAN_POINT('',(-2.631,-1.651,0.728));
#9932 = LINE('',#9933,#9934);
#9933 = CARTESIAN_POINT('',(-2.707,-1.651,0.442));
#9934 = VECTOR('',#9935,1.);
#9935 = DIRECTION('',(0.258969313954,0.,0.965885549343));
#9936 = ORIENTED_EDGE('',*,*,#9937,.T.);
#9937 = EDGE_CURVE('',#9930,#9845,#9938,.T.);
#9938 = CIRCLE('',#9939,0.508);
#9939 = AXIS2_PLACEMENT_3D('',#9940,#9941,#9942);
#9940 = CARTESIAN_POINT('',(-2.14,-1.651,0.597));
#9941 = DIRECTION('',(0.,1.,0.));
#9942 = DIRECTION('',(0.,-0.,1.));
#9943 = PLANE('',#9944);
#9944 = AXIS2_PLACEMENT_3D('',#9945,#9946,#9947);
#9945 = CARTESIAN_POINT('',(-1.994,-1.651,0.851));
#9946 = DIRECTION('',(0.,1.,0.));
#9947 = DIRECTION('',(1.,0.,0.));
#9948 = SHELL_BASED_SURFACE_MODEL('',(#9949));
#9949 = OPEN_SHELL('',(#9950));
#9950 = ADVANCED_FACE('',(#9951),#10053,.T.);
#9951 = FACE_BOUND('',#9952,.T.);
#9952 = EDGE_LOOP('',(#9953,#9963,#9971,#9979,#9988,#9996,#10005,#10013,
    #10021,#10029,#10038,#10046));
#9953 = ORIENTED_EDGE('',*,*,#9954,.T.);
#9954 = EDGE_CURVE('',#9955,#9957,#9959,.T.);
#9955 = VERTEX_POINT('',#9956);
#9956 = CARTESIAN_POINT('',(-2.14,-2.159,0.851));
#9957 = VERTEX_POINT('',#9958);
#9958 = CARTESIAN_POINT('',(-1.994,-2.159,0.851));
#9959 = LINE('',#9960,#9961);
#9960 = CARTESIAN_POINT('',(-2.14,-2.159,0.851));
#9961 = VECTOR('',#9962,1.);
#9962 = DIRECTION('',(1.,0.,0.));
#9963 = ORIENTED_EDGE('',*,*,#9964,.T.);
#9964 = EDGE_CURVE('',#9957,#9965,#9967,.T.);
#9965 = VERTEX_POINT('',#9966);
#9966 = CARTESIAN_POINT('',(-1.994,-2.159,1.105));
#9967 = LINE('',#9968,#9969);
#9968 = CARTESIAN_POINT('',(-1.994,-2.159,0.851));
#9969 = VECTOR('',#9970,1.);
#9970 = DIRECTION('',(0.,0.,1.));
#9971 = ORIENTED_EDGE('',*,*,#9972,.T.);
#9972 = EDGE_CURVE('',#9965,#9973,#9975,.T.);
#9973 = VERTEX_POINT('',#9974);
#9974 = CARTESIAN_POINT('',(-2.14,-2.159,1.105));
#9975 = LINE('',#9976,#9977);
#9976 = CARTESIAN_POINT('',(-1.994,-2.159,1.105));
#9977 = VECTOR('',#9978,1.);
#9978 = DIRECTION('',(-1.,0.,0.));
#9979 = ORIENTED_EDGE('',*,*,#9980,.T.);
#9980 = EDGE_CURVE('',#9973,#9981,#9983,.T.);
#9981 = VERTEX_POINT('',#9982);
#9982 = CARTESIAN_POINT('',(-2.631,-2.159,0.728));
#9983 = CIRCLE('',#9984,0.508);
#9984 = AXIS2_PLACEMENT_3D('',#9985,#9986,#9987);
#9985 = CARTESIAN_POINT('',(-2.14,-2.159,0.597));
#9986 = DIRECTION('',(0.,-1.,0.));
#9987 = DIRECTION('',(0.,0.,1.));
#9988 = ORIENTED_EDGE('',*,*,#9989,.T.);
#9989 = EDGE_CURVE('',#9981,#9990,#9992,.T.);
#9990 = VERTEX_POINT('',#9991);
#9991 = CARTESIAN_POINT('',(-2.707,-2.159,0.442));
#9992 = LINE('',#9993,#9994);
#9993 = CARTESIAN_POINT('',(-2.631,-2.159,0.728));
#9994 = VECTOR('',#9995,1.);
#9995 = DIRECTION('',(-0.258969313954,0.,-0.965885549343));
#9996 = ORIENTED_EDGE('',*,*,#9997,.T.);
#9997 = EDGE_CURVE('',#9990,#9998,#10000,.T.);
#9998 = VERTEX_POINT('',#9999);
#9999 = CARTESIAN_POINT('',(-2.953,-2.159,0.254));
#10000 = CIRCLE('',#10001,0.254);
#10001 = AXIS2_PLACEMENT_3D('',#10002,#10003,#10004);
#10002 = CARTESIAN_POINT('',(-2.953,-2.159,0.508));
#10003 = DIRECTION('',(0.,1.,0.));
#10004 = DIRECTION('',(0.,-0.,1.));
#10005 = ORIENTED_EDGE('',*,*,#10006,.T.);
#10006 = EDGE_CURVE('',#9998,#10007,#10009,.T.);
#10007 = VERTEX_POINT('',#10008);
#10008 = CARTESIAN_POINT('',(-3.099,-2.159,0.254));
#10009 = LINE('',#10010,#10011);
#10010 = CARTESIAN_POINT('',(-2.953,-2.159,0.254));
#10011 = VECTOR('',#10012,1.);
#10012 = DIRECTION('',(-1.,0.,0.));
#10013 = ORIENTED_EDGE('',*,*,#10014,.T.);
#10014 = EDGE_CURVE('',#10007,#10015,#10017,.T.);
#10015 = VERTEX_POINT('',#10016);
#10016 = CARTESIAN_POINT('',(-3.099,-2.159,0.));
#10017 = LINE('',#10018,#10019);
#10018 = CARTESIAN_POINT('',(-3.099,-2.159,0.254));
#10019 = VECTOR('',#10020,1.);
#10020 = DIRECTION('',(0.,0.,-1.));
#10021 = ORIENTED_EDGE('',*,*,#10022,.T.);
#10022 = EDGE_CURVE('',#10015,#10023,#10025,.T.);
#10023 = VERTEX_POINT('',#10024);
#10024 = CARTESIAN_POINT('',(-2.953,-2.159,0.));
#10025 = LINE('',#10026,#10027);
#10026 = CARTESIAN_POINT('',(-3.099,-2.159,0.));
#10027 = VECTOR('',#10028,1.);
#10028 = DIRECTION('',(1.,0.,0.));
#10029 = ORIENTED_EDGE('',*,*,#10030,.T.);
#10030 = EDGE_CURVE('',#10023,#10031,#10033,.T.);
#10031 = VERTEX_POINT('',#10032);
#10032 = CARTESIAN_POINT('',(-2.462,-2.159,0.377));
#10033 = CIRCLE('',#10034,0.508);
#10034 = AXIS2_PLACEMENT_3D('',#10035,#10036,#10037);
#10035 = CARTESIAN_POINT('',(-2.953,-2.159,0.508));
#10036 = DIRECTION('',(0.,-1.,0.));
#10037 = DIRECTION('',(0.,0.,1.));
#10038 = ORIENTED_EDGE('',*,*,#10039,.T.);
#10039 = EDGE_CURVE('',#10031,#10040,#10042,.T.);
#10040 = VERTEX_POINT('',#10041);
#10041 = CARTESIAN_POINT('',(-2.385,-2.159,0.663));
#10042 = LINE('',#10043,#10044);
#10043 = CARTESIAN_POINT('',(-2.462,-2.159,0.377));
#10044 = VECTOR('',#10045,1.);
#10045 = DIRECTION('',(0.258969313954,0.,0.965885549343));
#10046 = ORIENTED_EDGE('',*,*,#10047,.T.);
#10047 = EDGE_CURVE('',#10040,#9955,#10048,.T.);
#10048 = CIRCLE('',#10049,0.254);
#10049 = AXIS2_PLACEMENT_3D('',#10050,#10051,#10052);
#10050 = CARTESIAN_POINT('',(-2.14,-2.159,0.597));
#10051 = DIRECTION('',(0.,1.,0.));
#10052 = DIRECTION('',(0.,-0.,1.));
#10053 = PLANE('',#10054);
#10054 = AXIS2_PLACEMENT_3D('',#10055,#10056,#10057);
#10055 = CARTESIAN_POINT('',(-2.953,-2.159,0.254));
#10056 = DIRECTION('',(0.,-1.,0.));
#10057 = DIRECTION('',(1.,0.,0.));
#10058 = SHELL_BASED_SURFACE_MODEL('',(#10059));
#10059 = OPEN_SHELL('',(#10060));
#10060 = ADVANCED_FACE('',(#10061),#10095,.F.);
#10061 = FACE_BOUND('',#10062,.T.);
#10062 = EDGE_LOOP('',(#10063,#10073,#10081,#10089));
#10063 = ORIENTED_EDGE('',*,*,#10064,.F.);
#10064 = EDGE_CURVE('',#10065,#10067,#10069,.T.);
#10065 = VERTEX_POINT('',#10066);
#10066 = CARTESIAN_POINT('',(1.994,-2.159,0.851));
#10067 = VERTEX_POINT('',#10068);
#10068 = CARTESIAN_POINT('',(1.994,-1.651,0.851));
#10069 = LINE('',#10070,#10071);
#10070 = CARTESIAN_POINT('',(1.994,-2.159,0.851));
#10071 = VECTOR('',#10072,1.);
#10072 = DIRECTION('',(0.,1.,0.));
#10073 = ORIENTED_EDGE('',*,*,#10074,.F.);
#10074 = EDGE_CURVE('',#10075,#10065,#10077,.T.);
#10075 = VERTEX_POINT('',#10076);
#10076 = CARTESIAN_POINT('',(1.994,-2.159,1.105));
#10077 = LINE('',#10078,#10079);
#10078 = CARTESIAN_POINT('',(1.994,-2.159,1.105));
#10079 = VECTOR('',#10080,1.);
#10080 = DIRECTION('',(0.,0.,-1.));
#10081 = ORIENTED_EDGE('',*,*,#10082,.F.);
#10082 = EDGE_CURVE('',#10083,#10075,#10085,.T.);
#10083 = VERTEX_POINT('',#10084);
#10084 = CARTESIAN_POINT('',(1.994,-1.651,1.105));
#10085 = LINE('',#10086,#10087);
#10086 = CARTESIAN_POINT('',(1.994,-1.651,1.105));
#10087 = VECTOR('',#10088,1.);
#10088 = DIRECTION('',(0.,-1.,0.));
#10089 = ORIENTED_EDGE('',*,*,#10090,.F.);
#10090 = EDGE_CURVE('',#10067,#10083,#10091,.T.);
#10091 = LINE('',#10092,#10093);
#10092 = CARTESIAN_POINT('',(1.994,-1.651,0.851));
#10093 = VECTOR('',#10094,1.);
#10094 = DIRECTION('',(0.,0.,1.));
#10095 = PLANE('',#10096);
#10096 = AXIS2_PLACEMENT_3D('',#10097,#10098,#10099);
#10097 = CARTESIAN_POINT('',(1.994,-1.651,0.851));
#10098 = DIRECTION('',(1.,0.,0.));
#10099 = DIRECTION('',(0.,0.,1.));
#10100 = SHELL_BASED_SURFACE_MODEL('',(#10101));
#10101 = OPEN_SHELL('',(#10102));
#10102 = ADVANCED_FACE('',(#10103),#10137,.F.);
#10103 = FACE_BOUND('',#10104,.T.);
#10104 = EDGE_LOOP('',(#10105,#10115,#10123,#10131));
#10105 = ORIENTED_EDGE('',*,*,#10106,.F.);
#10106 = EDGE_CURVE('',#10107,#10109,#10111,.T.);
#10107 = VERTEX_POINT('',#10108);
#10108 = CARTESIAN_POINT('',(1.994,-2.159,1.105));
#10109 = VERTEX_POINT('',#10110);
#10110 = CARTESIAN_POINT('',(1.994,-1.651,1.105));
#10111 = LINE('',#10112,#10113);
#10112 = CARTESIAN_POINT('',(1.994,-2.159,1.105));
#10113 = VECTOR('',#10114,1.);
#10114 = DIRECTION('',(0.,1.,0.));
#10115 = ORIENTED_EDGE('',*,*,#10116,.F.);
#10116 = EDGE_CURVE('',#10117,#10107,#10119,.T.);
#10117 = VERTEX_POINT('',#10118);
#10118 = CARTESIAN_POINT('',(2.14,-2.159,1.105));
#10119 = LINE('',#10120,#10121);
#10120 = CARTESIAN_POINT('',(2.14,-2.159,1.105));
#10121 = VECTOR('',#10122,1.);
#10122 = DIRECTION('',(-1.,0.,0.));
#10123 = ORIENTED_EDGE('',*,*,#10124,.F.);
#10124 = EDGE_CURVE('',#10125,#10117,#10127,.T.);
#10125 = VERTEX_POINT('',#10126);
#10126 = CARTESIAN_POINT('',(2.14,-1.651,1.105));
#10127 = LINE('',#10128,#10129);
#10128 = CARTESIAN_POINT('',(2.14,-1.651,1.105));
#10129 = VECTOR('',#10130,1.);
#10130 = DIRECTION('',(0.,-1.,0.));
#10131 = ORIENTED_EDGE('',*,*,#10132,.F.);
#10132 = EDGE_CURVE('',#10109,#10125,#10133,.T.);
#10133 = LINE('',#10134,#10135);
#10134 = CARTESIAN_POINT('',(1.994,-1.651,1.105));
#10135 = VECTOR('',#10136,1.);
#10136 = DIRECTION('',(1.,0.,0.));
#10137 = PLANE('',#10138);
#10138 = AXIS2_PLACEMENT_3D('',#10139,#10140,#10141);
#10139 = CARTESIAN_POINT('',(1.994,-1.651,1.105));
#10140 = DIRECTION('',(0.,0.,-1.));
#10141 = DIRECTION('',(0.,1.,0.));
#10142 = SHELL_BASED_SURFACE_MODEL('',(#10143));
#10143 = OPEN_SHELL('',(#10144));
#10144 = ADVANCED_FACE('',(#10145),#10179,.F.);
#10145 = FACE_BOUND('',#10146,.T.);
#10146 = EDGE_LOOP('',(#10147,#10157,#10165,#10173));
#10147 = ORIENTED_EDGE('',*,*,#10148,.F.);
#10148 = EDGE_CURVE('',#10149,#10151,#10153,.T.);
#10149 = VERTEX_POINT('',#10150);
#10150 = CARTESIAN_POINT('',(1.994,-1.651,0.851));
#10151 = VERTEX_POINT('',#10152);
#10152 = CARTESIAN_POINT('',(1.994,-2.159,0.851));
#10153 = LINE('',#10154,#10155);
#10154 = CARTESIAN_POINT('',(1.994,-1.651,0.851));
#10155 = VECTOR('',#10156,1.);
#10156 = DIRECTION('',(0.,-1.,0.));
#10157 = ORIENTED_EDGE('',*,*,#10158,.F.);
#10158 = EDGE_CURVE('',#10159,#10149,#10161,.T.);
#10159 = VERTEX_POINT('',#10160);
#10160 = CARTESIAN_POINT('',(2.14,-1.651,0.851));
#10161 = LINE('',#10162,#10163);
#10162 = CARTESIAN_POINT('',(2.14,-1.651,0.851));
#10163 = VECTOR('',#10164,1.);
#10164 = DIRECTION('',(-1.,0.,0.));
#10165 = ORIENTED_EDGE('',*,*,#10166,.F.);
#10166 = EDGE_CURVE('',#10167,#10159,#10169,.T.);
#10167 = VERTEX_POINT('',#10168);
#10168 = CARTESIAN_POINT('',(2.14,-2.159,0.851));
#10169 = LINE('',#10170,#10171);
#10170 = CARTESIAN_POINT('',(2.14,-2.159,0.851));
#10171 = VECTOR('',#10172,1.);
#10172 = DIRECTION('',(0.,1.,0.));
#10173 = ORIENTED_EDGE('',*,*,#10174,.F.);
#10174 = EDGE_CURVE('',#10151,#10167,#10175,.T.);
#10175 = LINE('',#10176,#10177);
#10176 = CARTESIAN_POINT('',(1.994,-2.159,0.851));
#10177 = VECTOR('',#10178,1.);
#10178 = DIRECTION('',(1.,0.,0.));
#10179 = PLANE('',#10180);
#10180 = AXIS2_PLACEMENT_3D('',#10181,#10182,#10183);
#10181 = CARTESIAN_POINT('',(1.994,-2.159,0.851));
#10182 = DIRECTION('',(0.,0.,1.));
#10183 = DIRECTION('',(0.,1.,0.));
#10184 = SHELL_BASED_SURFACE_MODEL('',(#10185));
#10185 = OPEN_SHELL('',(#10186));
#10186 = ADVANCED_FACE('',(#10187),#10221,.F.);
#10187 = FACE_BOUND('',#10188,.F.);
#10188 = EDGE_LOOP('',(#10189,#10199,#10207,#10215));
#10189 = ORIENTED_EDGE('',*,*,#10190,.T.);
#10190 = EDGE_CURVE('',#10191,#10193,#10195,.T.);
#10191 = VERTEX_POINT('',#10192);
#10192 = CARTESIAN_POINT('',(2.707,-2.159,0.442));
#10193 = VERTEX_POINT('',#10194);
#10194 = CARTESIAN_POINT('',(2.631,-2.159,0.728));
#10195 = LINE('',#10196,#10197);
#10196 = CARTESIAN_POINT('',(2.707,-2.159,0.442));
#10197 = VECTOR('',#10198,1.);
#10198 = DIRECTION('',(-0.258969313954,0.,0.965885549343));
#10199 = ORIENTED_EDGE('',*,*,#10200,.T.);
#10200 = EDGE_CURVE('',#10193,#10201,#10203,.T.);
#10201 = VERTEX_POINT('',#10202);
#10202 = CARTESIAN_POINT('',(2.631,-1.651,0.728));
#10203 = LINE('',#10204,#10205);
#10204 = CARTESIAN_POINT('',(2.631,-2.159,0.728));
#10205 = VECTOR('',#10206,1.);
#10206 = DIRECTION('',(0.,1.,0.));
#10207 = ORIENTED_EDGE('',*,*,#10208,.T.);
#10208 = EDGE_CURVE('',#10201,#10209,#10211,.T.);
#10209 = VERTEX_POINT('',#10210);
#10210 = CARTESIAN_POINT('',(2.707,-1.651,0.442));
#10211 = LINE('',#10212,#10213);
#10212 = CARTESIAN_POINT('',(2.631,-1.651,0.728));
#10213 = VECTOR('',#10214,1.);
#10214 = DIRECTION('',(0.258969313954,0.,-0.965885549343));
#10215 = ORIENTED_EDGE('',*,*,#10216,.T.);
#10216 = EDGE_CURVE('',#10209,#10191,#10217,.T.);
#10217 = LINE('',#10218,#10219);
#10218 = CARTESIAN_POINT('',(2.707,-1.651,0.442));
#10219 = VECTOR('',#10220,1.);
#10220 = DIRECTION('',(0.,-1.,0.));
#10221 = PLANE('',#10222);
#10222 = AXIS2_PLACEMENT_3D('',#10223,#10224,#10225);
#10223 = CARTESIAN_POINT('',(2.707,-2.159,0.442));
#10224 = DIRECTION('',(-0.965885549343,0.,-0.258969313954));
#10225 = DIRECTION('',(-0.258969313954,0.,0.965885549343));
#10226 = SHELL_BASED_SURFACE_MODEL('',(#10227));
#10227 = OPEN_SHELL('',(#10228));
#10228 = ADVANCED_FACE('',(#10229),#10263,.F.);
#10229 = FACE_BOUND('',#10230,.F.);
#10230 = EDGE_LOOP('',(#10231,#10241,#10249,#10257));
#10231 = ORIENTED_EDGE('',*,*,#10232,.T.);
#10232 = EDGE_CURVE('',#10233,#10235,#10237,.T.);
#10233 = VERTEX_POINT('',#10234);
#10234 = CARTESIAN_POINT('',(2.462,-1.651,0.377));
#10235 = VERTEX_POINT('',#10236);
#10236 = CARTESIAN_POINT('',(2.385,-1.651,0.663));
#10237 = LINE('',#10238,#10239);
#10238 = CARTESIAN_POINT('',(2.462,-1.651,0.377));
#10239 = VECTOR('',#10240,1.);
#10240 = DIRECTION('',(-0.258969313954,0.,0.965885549343));
#10241 = ORIENTED_EDGE('',*,*,#10242,.T.);
#10242 = EDGE_CURVE('',#10235,#10243,#10245,.T.);
#10243 = VERTEX_POINT('',#10244);
#10244 = CARTESIAN_POINT('',(2.385,-2.159,0.663));
#10245 = LINE('',#10246,#10247);
#10246 = CARTESIAN_POINT('',(2.385,-1.651,0.663));
#10247 = VECTOR('',#10248,1.);
#10248 = DIRECTION('',(0.,-1.,0.));
#10249 = ORIENTED_EDGE('',*,*,#10250,.T.);
#10250 = EDGE_CURVE('',#10243,#10251,#10253,.T.);
#10251 = VERTEX_POINT('',#10252);
#10252 = CARTESIAN_POINT('',(2.462,-2.159,0.377));
#10253 = LINE('',#10254,#10255);
#10254 = CARTESIAN_POINT('',(2.385,-2.159,0.663));
#10255 = VECTOR('',#10256,1.);
#10256 = DIRECTION('',(0.258969313954,0.,-0.965885549343));
#10257 = ORIENTED_EDGE('',*,*,#10258,.T.);
#10258 = EDGE_CURVE('',#10251,#10233,#10259,.T.);
#10259 = LINE('',#10260,#10261);
#10260 = CARTESIAN_POINT('',(2.462,-2.159,0.377));
#10261 = VECTOR('',#10262,1.);
#10262 = DIRECTION('',(0.,1.,0.));
#10263 = PLANE('',#10264);
#10264 = AXIS2_PLACEMENT_3D('',#10265,#10266,#10267);
#10265 = CARTESIAN_POINT('',(2.462,-1.651,0.377));
#10266 = DIRECTION('',(0.965885549343,0.,0.258969313954));
#10267 = DIRECTION('',(-0.258969313954,0.,0.965885549343));
#10268 = SHELL_BASED_SURFACE_MODEL('',(#10269));
#10269 = OPEN_SHELL('',(#10270));
#10270 = ADVANCED_FACE('',(#10271),#10305,.F.);
#10271 = FACE_BOUND('',#10272,.T.);
#10272 = EDGE_LOOP('',(#10273,#10283,#10291,#10299));
#10273 = ORIENTED_EDGE('',*,*,#10274,.F.);
#10274 = EDGE_CURVE('',#10275,#10277,#10279,.T.);
#10275 = VERTEX_POINT('',#10276);
#10276 = CARTESIAN_POINT('',(3.099,-1.651,0.254));
#10277 = VERTEX_POINT('',#10278);
#10278 = CARTESIAN_POINT('',(3.099,-2.159,0.254));
#10279 = LINE('',#10280,#10281);
#10280 = CARTESIAN_POINT('',(3.099,-1.651,0.254));
#10281 = VECTOR('',#10282,1.);
#10282 = DIRECTION('',(0.,-1.,0.));
#10283 = ORIENTED_EDGE('',*,*,#10284,.F.);
#10284 = EDGE_CURVE('',#10285,#10275,#10287,.T.);
#10285 = VERTEX_POINT('',#10286);
#10286 = CARTESIAN_POINT('',(2.953,-1.651,0.254));
#10287 = LINE('',#10288,#10289);
#10288 = CARTESIAN_POINT('',(2.953,-1.651,0.254));
#10289 = VECTOR('',#10290,1.);
#10290 = DIRECTION('',(1.,0.,0.));
#10291 = ORIENTED_EDGE('',*,*,#10292,.F.);
#10292 = EDGE_CURVE('',#10293,#10285,#10295,.T.);
#10293 = VERTEX_POINT('',#10294);
#10294 = CARTESIAN_POINT('',(2.953,-2.159,0.254));
#10295 = LINE('',#10296,#10297);
#10296 = CARTESIAN_POINT('',(2.953,-2.159,0.254));
#10297 = VECTOR('',#10298,1.);
#10298 = DIRECTION('',(0.,1.,0.));
#10299 = ORIENTED_EDGE('',*,*,#10300,.F.);
#10300 = EDGE_CURVE('',#10277,#10293,#10301,.T.);
#10301 = LINE('',#10302,#10303);
#10302 = CARTESIAN_POINT('',(3.099,-2.159,0.254));
#10303 = VECTOR('',#10304,1.);
#10304 = DIRECTION('',(-1.,0.,0.));
#10305 = PLANE('',#10306);
#10306 = AXIS2_PLACEMENT_3D('',#10307,#10308,#10309);
#10307 = CARTESIAN_POINT('',(3.099,-2.159,0.254));
#10308 = DIRECTION('',(0.,0.,-1.));
#10309 = DIRECTION('',(0.,1.,0.));
#10310 = SHELL_BASED_SURFACE_MODEL('',(#10311));
#10311 = OPEN_SHELL('',(#10312));
#10312 = ADVANCED_FACE('',(#10313),#10347,.F.);
#10313 = FACE_BOUND('',#10314,.T.);
#10314 = EDGE_LOOP('',(#10315,#10325,#10333,#10341));
#10315 = ORIENTED_EDGE('',*,*,#10316,.F.);
#10316 = EDGE_CURVE('',#10317,#10319,#10321,.T.);
#10317 = VERTEX_POINT('',#10318);
#10318 = CARTESIAN_POINT('',(2.953,-1.651,0.));
#10319 = VERTEX_POINT('',#10320);
#10320 = CARTESIAN_POINT('',(2.953,-2.159,0.));
#10321 = LINE('',#10322,#10323);
#10322 = CARTESIAN_POINT('',(2.953,-1.651,0.));
#10323 = VECTOR('',#10324,1.);
#10324 = DIRECTION('',(0.,-1.,0.));
#10325 = ORIENTED_EDGE('',*,*,#10326,.F.);
#10326 = EDGE_CURVE('',#10327,#10317,#10329,.T.);
#10327 = VERTEX_POINT('',#10328);
#10328 = CARTESIAN_POINT('',(3.099,-1.651,0.));
#10329 = LINE('',#10330,#10331);
#10330 = CARTESIAN_POINT('',(3.099,-1.651,0.));
#10331 = VECTOR('',#10332,1.);
#10332 = DIRECTION('',(-1.,0.,0.));
#10333 = ORIENTED_EDGE('',*,*,#10334,.F.);
#10334 = EDGE_CURVE('',#10335,#10327,#10337,.T.);
#10335 = VERTEX_POINT('',#10336);
#10336 = CARTESIAN_POINT('',(3.099,-2.159,0.));
#10337 = LINE('',#10338,#10339);
#10338 = CARTESIAN_POINT('',(3.099,-2.159,0.));
#10339 = VECTOR('',#10340,1.);
#10340 = DIRECTION('',(0.,1.,0.));
#10341 = ORIENTED_EDGE('',*,*,#10342,.F.);
#10342 = EDGE_CURVE('',#10319,#10335,#10343,.T.);
#10343 = LINE('',#10344,#10345);
#10344 = CARTESIAN_POINT('',(2.953,-2.159,0.));
#10345 = VECTOR('',#10346,1.);
#10346 = DIRECTION('',(1.,0.,0.));
#10347 = PLANE('',#10348);
#10348 = AXIS2_PLACEMENT_3D('',#10349,#10350,#10351);
#10349 = CARTESIAN_POINT('',(2.953,-2.159,0.));
#10350 = DIRECTION('',(0.,0.,1.));
#10351 = DIRECTION('',(0.,1.,0.));
#10352 = SHELL_BASED_SURFACE_MODEL('',(#10353));
#10353 = OPEN_SHELL('',(#10354));
#10354 = ADVANCED_FACE('',(#10355),#10389,.F.);
#10355 = FACE_BOUND('',#10356,.T.);
#10356 = EDGE_LOOP('',(#10357,#10367,#10375,#10383));
#10357 = ORIENTED_EDGE('',*,*,#10358,.F.);
#10358 = EDGE_CURVE('',#10359,#10361,#10363,.T.);
#10359 = VERTEX_POINT('',#10360);
#10360 = CARTESIAN_POINT('',(3.099,-1.651,0.));
#10361 = VERTEX_POINT('',#10362);
#10362 = CARTESIAN_POINT('',(3.099,-2.159,0.));
#10363 = LINE('',#10364,#10365);
#10364 = CARTESIAN_POINT('',(3.099,-1.651,0.));
#10365 = VECTOR('',#10366,1.);
#10366 = DIRECTION('',(0.,-1.,0.));
#10367 = ORIENTED_EDGE('',*,*,#10368,.F.);
#10368 = EDGE_CURVE('',#10369,#10359,#10371,.T.);
#10369 = VERTEX_POINT('',#10370);
#10370 = CARTESIAN_POINT('',(3.099,-1.651,0.254));
#10371 = LINE('',#10372,#10373);
#10372 = CARTESIAN_POINT('',(3.099,-1.651,0.254));
#10373 = VECTOR('',#10374,1.);
#10374 = DIRECTION('',(0.,0.,-1.));
#10375 = ORIENTED_EDGE('',*,*,#10376,.F.);
#10376 = EDGE_CURVE('',#10377,#10369,#10379,.T.);
#10377 = VERTEX_POINT('',#10378);
#10378 = CARTESIAN_POINT('',(3.099,-2.159,0.254));
#10379 = LINE('',#10380,#10381);
#10380 = CARTESIAN_POINT('',(3.099,-2.159,0.254));
#10381 = VECTOR('',#10382,1.);
#10382 = DIRECTION('',(0.,1.,0.));
#10383 = ORIENTED_EDGE('',*,*,#10384,.F.);
#10384 = EDGE_CURVE('',#10361,#10377,#10385,.T.);
#10385 = LINE('',#10386,#10387);
#10386 = CARTESIAN_POINT('',(3.099,-2.159,0.));
#10387 = VECTOR('',#10388,1.);
#10388 = DIRECTION('',(0.,0.,1.));
#10389 = PLANE('',#10390);
#10390 = AXIS2_PLACEMENT_3D('',#10391,#10392,#10393);
#10391 = CARTESIAN_POINT('',(3.099,-2.159,0.));
#10392 = DIRECTION('',(-1.,0.,0.));
#10393 = DIRECTION('',(0.,0.,1.));
#10394 = SHELL_BASED_SURFACE_MODEL('',(#10395));
#10395 = OPEN_SHELL('',(#10396));
#10396 = ADVANCED_FACE('',(#10397),#10433,.T.);
#10397 = FACE_BOUND('',#10398,.T.);
#10398 = EDGE_LOOP('',(#10399,#10410,#10418,#10427));
#10399 = ORIENTED_EDGE('',*,*,#10400,.T.);
#10400 = EDGE_CURVE('',#10401,#10403,#10405,.T.);
#10401 = VERTEX_POINT('',#10402);
#10402 = CARTESIAN_POINT('',(2.14,-2.159,1.105));
#10403 = VERTEX_POINT('',#10404);
#10404 = CARTESIAN_POINT('',(2.631,-2.159,0.728));
#10405 = CIRCLE('',#10406,0.508);
#10406 = AXIS2_PLACEMENT_3D('',#10407,#10408,#10409);
#10407 = CARTESIAN_POINT('',(2.14,-2.159,0.597));
#10408 = DIRECTION('',(0.,1.,0.));
#10409 = DIRECTION('',(0.,-0.,1.));
#10410 = ORIENTED_EDGE('',*,*,#10411,.T.);
#10411 = EDGE_CURVE('',#10403,#10412,#10414,.T.);
#10412 = VERTEX_POINT('',#10413);
#10413 = CARTESIAN_POINT('',(2.631,-1.651,0.728));
#10414 = LINE('',#10415,#10416);
#10415 = CARTESIAN_POINT('',(2.631,-2.159,0.728));
#10416 = VECTOR('',#10417,1.);
#10417 = DIRECTION('',(0.,1.,0.));
#10418 = ORIENTED_EDGE('',*,*,#10419,.F.);
#10419 = EDGE_CURVE('',#10420,#10412,#10422,.T.);
#10420 = VERTEX_POINT('',#10421);
#10421 = CARTESIAN_POINT('',(2.14,-1.651,1.105));
#10422 = CIRCLE('',#10423,0.508);
#10423 = AXIS2_PLACEMENT_3D('',#10424,#10425,#10426);
#10424 = CARTESIAN_POINT('',(2.14,-1.651,0.597));
#10425 = DIRECTION('',(0.,1.,0.));
#10426 = DIRECTION('',(0.,-0.,1.));
#10427 = ORIENTED_EDGE('',*,*,#10428,.F.);
#10428 = EDGE_CURVE('',#10401,#10420,#10429,.T.);
#10429 = LINE('',#10430,#10431);
#10430 = CARTESIAN_POINT('',(2.14,-2.159,1.105));
#10431 = VECTOR('',#10432,1.);
#10432 = DIRECTION('',(0.,1.,0.));
#10433 = CYLINDRICAL_SURFACE('',#10434,0.508);
#10434 = AXIS2_PLACEMENT_3D('',#10435,#10436,#10437);
#10435 = CARTESIAN_POINT('',(2.14,-1.651,0.597));
#10436 = DIRECTION('',(0.,-1.,0.));
#10437 = DIRECTION('',(0.,0.,1.));
#10438 = SHELL_BASED_SURFACE_MODEL('',(#10439));
#10439 = OPEN_SHELL('',(#10440));
#10440 = ADVANCED_FACE('',(#10441),#10477,.F.);
#10441 = FACE_BOUND('',#10442,.F.);
#10442 = EDGE_LOOP('',(#10443,#10453,#10462,#10470));
#10443 = ORIENTED_EDGE('',*,*,#10444,.T.);
#10444 = EDGE_CURVE('',#10445,#10447,#10449,.T.);
#10445 = VERTEX_POINT('',#10446);
#10446 = CARTESIAN_POINT('',(2.14,-1.651,0.851));
#10447 = VERTEX_POINT('',#10448);
#10448 = CARTESIAN_POINT('',(2.14,-2.159,0.851));
#10449 = LINE('',#10450,#10451);
#10450 = CARTESIAN_POINT('',(2.14,-1.651,0.851));
#10451 = VECTOR('',#10452,1.);
#10452 = DIRECTION('',(0.,-1.,0.));
#10453 = ORIENTED_EDGE('',*,*,#10454,.T.);
#10454 = EDGE_CURVE('',#10447,#10455,#10457,.T.);
#10455 = VERTEX_POINT('',#10456);
#10456 = CARTESIAN_POINT('',(2.385,-2.159,0.663));
#10457 = CIRCLE('',#10458,0.254);
#10458 = AXIS2_PLACEMENT_3D('',#10459,#10460,#10461);
#10459 = CARTESIAN_POINT('',(2.14,-2.159,0.597));
#10460 = DIRECTION('',(0.,1.,0.));
#10461 = DIRECTION('',(0.,-0.,1.));
#10462 = ORIENTED_EDGE('',*,*,#10463,.F.);
#10463 = EDGE_CURVE('',#10464,#10455,#10466,.T.);
#10464 = VERTEX_POINT('',#10465);
#10465 = CARTESIAN_POINT('',(2.385,-1.651,0.663));
#10466 = LINE('',#10467,#10468);
#10467 = CARTESIAN_POINT('',(2.385,-1.651,0.663));
#10468 = VECTOR('',#10469,1.);
#10469 = DIRECTION('',(0.,-1.,0.));
#10470 = ORIENTED_EDGE('',*,*,#10471,.F.);
#10471 = EDGE_CURVE('',#10445,#10464,#10472,.T.);
#10472 = CIRCLE('',#10473,0.254);
#10473 = AXIS2_PLACEMENT_3D('',#10474,#10475,#10476);
#10474 = CARTESIAN_POINT('',(2.14,-1.651,0.597));
#10475 = DIRECTION('',(0.,1.,0.));
#10476 = DIRECTION('',(0.,-0.,1.));
#10477 = CYLINDRICAL_SURFACE('',#10478,0.254);
#10478 = AXIS2_PLACEMENT_3D('',#10479,#10480,#10481);
#10479 = CARTESIAN_POINT('',(2.14,-1.651,0.597));
#10480 = DIRECTION('',(0.,1.,0.));
#10481 = DIRECTION('',(0.,0.,-1.));
#10482 = SHELL_BASED_SURFACE_MODEL('',(#10483));
#10483 = OPEN_SHELL('',(#10484));
#10484 = ADVANCED_FACE('',(#10485),#10521,.F.);
#10485 = FACE_BOUND('',#10486,.F.);
#10486 = EDGE_LOOP('',(#10487,#10498,#10506,#10515));
#10487 = ORIENTED_EDGE('',*,*,#10488,.T.);
#10488 = EDGE_CURVE('',#10489,#10491,#10493,.T.);
#10489 = VERTEX_POINT('',#10490);
#10490 = CARTESIAN_POINT('',(2.953,-2.159,0.254));
#10491 = VERTEX_POINT('',#10492);
#10492 = CARTESIAN_POINT('',(2.707,-2.159,0.442));
#10493 = CIRCLE('',#10494,0.254);
#10494 = AXIS2_PLACEMENT_3D('',#10495,#10496,#10497);
#10495 = CARTESIAN_POINT('',(2.953,-2.159,0.508));
#10496 = DIRECTION('',(0.,1.,0.));
#10497 = DIRECTION('',(0.,-0.,1.));
#10498 = ORIENTED_EDGE('',*,*,#10499,.T.);
#10499 = EDGE_CURVE('',#10491,#10500,#10502,.T.);
#10500 = VERTEX_POINT('',#10501);
#10501 = CARTESIAN_POINT('',(2.707,-1.651,0.442));
#10502 = LINE('',#10503,#10504);
#10503 = CARTESIAN_POINT('',(2.707,-2.159,0.442));
#10504 = VECTOR('',#10505,1.);
#10505 = DIRECTION('',(0.,1.,0.));
#10506 = ORIENTED_EDGE('',*,*,#10507,.F.);
#10507 = EDGE_CURVE('',#10508,#10500,#10510,.T.);
#10508 = VERTEX_POINT('',#10509);
#10509 = CARTESIAN_POINT('',(2.953,-1.651,0.254));
#10510 = CIRCLE('',#10511,0.254);
#10511 = AXIS2_PLACEMENT_3D('',#10512,#10513,#10514);
#10512 = CARTESIAN_POINT('',(2.953,-1.651,0.508));
#10513 = DIRECTION('',(0.,1.,0.));
#10514 = DIRECTION('',(0.,-0.,1.));
#10515 = ORIENTED_EDGE('',*,*,#10516,.F.);
#10516 = EDGE_CURVE('',#10489,#10508,#10517,.T.);
#10517 = LINE('',#10518,#10519);
#10518 = CARTESIAN_POINT('',(2.953,-2.159,0.254));
#10519 = VECTOR('',#10520,1.);
#10520 = DIRECTION('',(0.,1.,0.));
#10521 = CYLINDRICAL_SURFACE('',#10522,0.254);
#10522 = AXIS2_PLACEMENT_3D('',#10523,#10524,#10525);
#10523 = CARTESIAN_POINT('',(2.953,-2.159,0.508));
#10524 = DIRECTION('',(0.,-1.,0.));
#10525 = DIRECTION('',(0.,0.,-1.));
#10526 = SHELL_BASED_SURFACE_MODEL('',(#10527));
#10527 = OPEN_SHELL('',(#10528));
#10528 = ADVANCED_FACE('',(#10529),#10565,.T.);
#10529 = FACE_BOUND('',#10530,.T.);
#10530 = EDGE_LOOP('',(#10531,#10541,#10550,#10558));
#10531 = ORIENTED_EDGE('',*,*,#10532,.T.);
#10532 = EDGE_CURVE('',#10533,#10535,#10537,.T.);
#10533 = VERTEX_POINT('',#10534);
#10534 = CARTESIAN_POINT('',(2.953,-1.651,0.));
#10535 = VERTEX_POINT('',#10536);
#10536 = CARTESIAN_POINT('',(2.953,-2.159,0.));
#10537 = LINE('',#10538,#10539);
#10538 = CARTESIAN_POINT('',(2.953,-1.651,0.));
#10539 = VECTOR('',#10540,1.);
#10540 = DIRECTION('',(0.,-1.,0.));
#10541 = ORIENTED_EDGE('',*,*,#10542,.T.);
#10542 = EDGE_CURVE('',#10535,#10543,#10545,.T.);
#10543 = VERTEX_POINT('',#10544);
#10544 = CARTESIAN_POINT('',(2.462,-2.159,0.377));
#10545 = CIRCLE('',#10546,0.508);
#10546 = AXIS2_PLACEMENT_3D('',#10547,#10548,#10549);
#10547 = CARTESIAN_POINT('',(2.953,-2.159,0.508));
#10548 = DIRECTION('',(0.,1.,0.));
#10549 = DIRECTION('',(0.,-0.,1.));
#10550 = ORIENTED_EDGE('',*,*,#10551,.F.);
#10551 = EDGE_CURVE('',#10552,#10543,#10554,.T.);
#10552 = VERTEX_POINT('',#10553);
#10553 = CARTESIAN_POINT('',(2.462,-1.651,0.377));
#10554 = LINE('',#10555,#10556);
#10555 = CARTESIAN_POINT('',(2.462,-1.651,0.377));
#10556 = VECTOR('',#10557,1.);
#10557 = DIRECTION('',(0.,-1.,0.));
#10558 = ORIENTED_EDGE('',*,*,#10559,.F.);
#10559 = EDGE_CURVE('',#10533,#10552,#10560,.T.);
#10560 = CIRCLE('',#10561,0.508);
#10561 = AXIS2_PLACEMENT_3D('',#10562,#10563,#10564);
#10562 = CARTESIAN_POINT('',(2.953,-1.651,0.508));
#10563 = DIRECTION('',(0.,1.,0.));
#10564 = DIRECTION('',(0.,-0.,1.));
#10565 = CYLINDRICAL_SURFACE('',#10566,0.508);
#10566 = AXIS2_PLACEMENT_3D('',#10567,#10568,#10569);
#10567 = CARTESIAN_POINT('',(2.953,-2.159,0.508));
#10568 = DIRECTION('',(0.,1.,0.));
#10569 = DIRECTION('',(0.,-0.,1.));
#10570 = SHELL_BASED_SURFACE_MODEL('',(#10571));
#10571 = OPEN_SHELL('',(#10572));
#10572 = ADVANCED_FACE('',(#10573),#10675,.T.);
#10573 = FACE_BOUND('',#10574,.T.);
#10574 = EDGE_LOOP('',(#10575,#10585,#10593,#10601,#10610,#10618,#10627,
    #10635,#10643,#10651,#10660,#10668));
#10575 = ORIENTED_EDGE('',*,*,#10576,.T.);
#10576 = EDGE_CURVE('',#10577,#10579,#10581,.T.);
#10577 = VERTEX_POINT('',#10578);
#10578 = CARTESIAN_POINT('',(2.14,-2.159,1.105));
#10579 = VERTEX_POINT('',#10580);
#10580 = CARTESIAN_POINT('',(1.994,-2.159,1.105));
#10581 = LINE('',#10582,#10583);
#10582 = CARTESIAN_POINT('',(2.14,-2.159,1.105));
#10583 = VECTOR('',#10584,1.);
#10584 = DIRECTION('',(-1.,0.,0.));
#10585 = ORIENTED_EDGE('',*,*,#10586,.T.);
#10586 = EDGE_CURVE('',#10579,#10587,#10589,.T.);
#10587 = VERTEX_POINT('',#10588);
#10588 = CARTESIAN_POINT('',(1.994,-2.159,0.851));
#10589 = LINE('',#10590,#10591);
#10590 = CARTESIAN_POINT('',(1.994,-2.159,1.105));
#10591 = VECTOR('',#10592,1.);
#10592 = DIRECTION('',(0.,0.,-1.));
#10593 = ORIENTED_EDGE('',*,*,#10594,.T.);
#10594 = EDGE_CURVE('',#10587,#10595,#10597,.T.);
#10595 = VERTEX_POINT('',#10596);
#10596 = CARTESIAN_POINT('',(2.14,-2.159,0.851));
#10597 = LINE('',#10598,#10599);
#10598 = CARTESIAN_POINT('',(1.994,-2.159,0.851));
#10599 = VECTOR('',#10600,1.);
#10600 = DIRECTION('',(1.,0.,0.));
#10601 = ORIENTED_EDGE('',*,*,#10602,.T.);
#10602 = EDGE_CURVE('',#10595,#10603,#10605,.T.);
#10603 = VERTEX_POINT('',#10604);
#10604 = CARTESIAN_POINT('',(2.385,-2.159,0.663));
#10605 = CIRCLE('',#10606,0.254);
#10606 = AXIS2_PLACEMENT_3D('',#10607,#10608,#10609);
#10607 = CARTESIAN_POINT('',(2.14,-2.159,0.597));
#10608 = DIRECTION('',(0.,1.,0.));
#10609 = DIRECTION('',(0.,-0.,1.));
#10610 = ORIENTED_EDGE('',*,*,#10611,.T.);
#10611 = EDGE_CURVE('',#10603,#10612,#10614,.T.);
#10612 = VERTEX_POINT('',#10613);
#10613 = CARTESIAN_POINT('',(2.462,-2.159,0.377));
#10614 = LINE('',#10615,#10616);
#10615 = CARTESIAN_POINT('',(2.385,-2.159,0.663));
#10616 = VECTOR('',#10617,1.);
#10617 = DIRECTION('',(0.258969313954,0.,-0.965885549343));
#10618 = ORIENTED_EDGE('',*,*,#10619,.T.);
#10619 = EDGE_CURVE('',#10612,#10620,#10622,.T.);
#10620 = VERTEX_POINT('',#10621);
#10621 = CARTESIAN_POINT('',(2.953,-2.159,0.));
#10622 = CIRCLE('',#10623,0.508);
#10623 = AXIS2_PLACEMENT_3D('',#10624,#10625,#10626);
#10624 = CARTESIAN_POINT('',(2.953,-2.159,0.508));
#10625 = DIRECTION('',(0.,-1.,0.));
#10626 = DIRECTION('',(0.,0.,1.));
#10627 = ORIENTED_EDGE('',*,*,#10628,.T.);
#10628 = EDGE_CURVE('',#10620,#10629,#10631,.T.);
#10629 = VERTEX_POINT('',#10630);
#10630 = CARTESIAN_POINT('',(3.099,-2.159,0.));
#10631 = LINE('',#10632,#10633);
#10632 = CARTESIAN_POINT('',(2.953,-2.159,0.));
#10633 = VECTOR('',#10634,1.);
#10634 = DIRECTION('',(1.,0.,0.));
#10635 = ORIENTED_EDGE('',*,*,#10636,.T.);
#10636 = EDGE_CURVE('',#10629,#10637,#10639,.T.);
#10637 = VERTEX_POINT('',#10638);
#10638 = CARTESIAN_POINT('',(3.099,-2.159,0.254));
#10639 = LINE('',#10640,#10641);
#10640 = CARTESIAN_POINT('',(3.099,-2.159,0.));
#10641 = VECTOR('',#10642,1.);
#10642 = DIRECTION('',(0.,0.,1.));
#10643 = ORIENTED_EDGE('',*,*,#10644,.T.);
#10644 = EDGE_CURVE('',#10637,#10645,#10647,.T.);
#10645 = VERTEX_POINT('',#10646);
#10646 = CARTESIAN_POINT('',(2.953,-2.159,0.254));
#10647 = LINE('',#10648,#10649);
#10648 = CARTESIAN_POINT('',(3.099,-2.159,0.254));
#10649 = VECTOR('',#10650,1.);
#10650 = DIRECTION('',(-1.,0.,0.));
#10651 = ORIENTED_EDGE('',*,*,#10652,.T.);
#10652 = EDGE_CURVE('',#10645,#10653,#10655,.T.);
#10653 = VERTEX_POINT('',#10654);
#10654 = CARTESIAN_POINT('',(2.707,-2.159,0.442));
#10655 = CIRCLE('',#10656,0.254);
#10656 = AXIS2_PLACEMENT_3D('',#10657,#10658,#10659);
#10657 = CARTESIAN_POINT('',(2.953,-2.159,0.508));
#10658 = DIRECTION('',(0.,1.,0.));
#10659 = DIRECTION('',(0.,-0.,1.));
#10660 = ORIENTED_EDGE('',*,*,#10661,.T.);
#10661 = EDGE_CURVE('',#10653,#10662,#10664,.T.);
#10662 = VERTEX_POINT('',#10663);
#10663 = CARTESIAN_POINT('',(2.631,-2.159,0.728));
#10664 = LINE('',#10665,#10666);
#10665 = CARTESIAN_POINT('',(2.707,-2.159,0.442));
#10666 = VECTOR('',#10667,1.);
#10667 = DIRECTION('',(-0.258969313954,0.,0.965885549343));
#10668 = ORIENTED_EDGE('',*,*,#10669,.T.);
#10669 = EDGE_CURVE('',#10662,#10577,#10670,.T.);
#10670 = CIRCLE('',#10671,0.508);
#10671 = AXIS2_PLACEMENT_3D('',#10672,#10673,#10674);
#10672 = CARTESIAN_POINT('',(2.14,-2.159,0.597));
#10673 = DIRECTION('',(0.,-1.,0.));
#10674 = DIRECTION('',(0.,0.,1.));
#10675 = PLANE('',#10676);
#10676 = AXIS2_PLACEMENT_3D('',#10677,#10678,#10679);
#10677 = CARTESIAN_POINT('',(1.994,-2.159,0.851));
#10678 = DIRECTION('',(0.,-1.,0.));
#10679 = DIRECTION('',(1.,0.,0.));
#10680 = SHELL_BASED_SURFACE_MODEL('',(#10681));
#10681 = OPEN_SHELL('',(#10682));
#10682 = ADVANCED_FACE('',(#10683),#10785,.T.);
#10683 = FACE_BOUND('',#10684,.T.);
#10684 = EDGE_LOOP('',(#10685,#10695,#10703,#10711,#10720,#10728,#10737,
    #10745,#10753,#10761,#10770,#10778));
#10685 = ORIENTED_EDGE('',*,*,#10686,.T.);
#10686 = EDGE_CURVE('',#10687,#10689,#10691,.T.);
#10687 = VERTEX_POINT('',#10688);
#10688 = CARTESIAN_POINT('',(2.14,-1.651,0.851));
#10689 = VERTEX_POINT('',#10690);
#10690 = CARTESIAN_POINT('',(1.994,-1.651,0.851));
#10691 = LINE('',#10692,#10693);
#10692 = CARTESIAN_POINT('',(2.14,-1.651,0.851));
#10693 = VECTOR('',#10694,1.);
#10694 = DIRECTION('',(-1.,0.,0.));
#10695 = ORIENTED_EDGE('',*,*,#10696,.T.);
#10696 = EDGE_CURVE('',#10689,#10697,#10699,.T.);
#10697 = VERTEX_POINT('',#10698);
#10698 = CARTESIAN_POINT('',(1.994,-1.651,1.105));
#10699 = LINE('',#10700,#10701);
#10700 = CARTESIAN_POINT('',(1.994,-1.651,0.851));
#10701 = VECTOR('',#10702,1.);
#10702 = DIRECTION('',(0.,0.,1.));
#10703 = ORIENTED_EDGE('',*,*,#10704,.T.);
#10704 = EDGE_CURVE('',#10697,#10705,#10707,.T.);
#10705 = VERTEX_POINT('',#10706);
#10706 = CARTESIAN_POINT('',(2.14,-1.651,1.105));
#10707 = LINE('',#10708,#10709);
#10708 = CARTESIAN_POINT('',(1.994,-1.651,1.105));
#10709 = VECTOR('',#10710,1.);
#10710 = DIRECTION('',(1.,0.,0.));
#10711 = ORIENTED_EDGE('',*,*,#10712,.T.);
#10712 = EDGE_CURVE('',#10705,#10713,#10715,.T.);
#10713 = VERTEX_POINT('',#10714);
#10714 = CARTESIAN_POINT('',(2.631,-1.651,0.728));
#10715 = CIRCLE('',#10716,0.508);
#10716 = AXIS2_PLACEMENT_3D('',#10717,#10718,#10719);
#10717 = CARTESIAN_POINT('',(2.14,-1.651,0.597));
#10718 = DIRECTION('',(0.,1.,0.));
#10719 = DIRECTION('',(0.,-0.,1.));
#10720 = ORIENTED_EDGE('',*,*,#10721,.T.);
#10721 = EDGE_CURVE('',#10713,#10722,#10724,.T.);
#10722 = VERTEX_POINT('',#10723);
#10723 = CARTESIAN_POINT('',(2.707,-1.651,0.442));
#10724 = LINE('',#10725,#10726);
#10725 = CARTESIAN_POINT('',(2.631,-1.651,0.728));
#10726 = VECTOR('',#10727,1.);
#10727 = DIRECTION('',(0.258969313954,0.,-0.965885549343));
#10728 = ORIENTED_EDGE('',*,*,#10729,.T.);
#10729 = EDGE_CURVE('',#10722,#10730,#10732,.T.);
#10730 = VERTEX_POINT('',#10731);
#10731 = CARTESIAN_POINT('',(2.953,-1.651,0.254));
#10732 = CIRCLE('',#10733,0.254);
#10733 = AXIS2_PLACEMENT_3D('',#10734,#10735,#10736);
#10734 = CARTESIAN_POINT('',(2.953,-1.651,0.508));
#10735 = DIRECTION('',(0.,-1.,0.));
#10736 = DIRECTION('',(0.,0.,1.));
#10737 = ORIENTED_EDGE('',*,*,#10738,.T.);
#10738 = EDGE_CURVE('',#10730,#10739,#10741,.T.);
#10739 = VERTEX_POINT('',#10740);
#10740 = CARTESIAN_POINT('',(3.099,-1.651,0.254));
#10741 = LINE('',#10742,#10743);
#10742 = CARTESIAN_POINT('',(2.953,-1.651,0.254));
#10743 = VECTOR('',#10744,1.);
#10744 = DIRECTION('',(1.,0.,0.));
#10745 = ORIENTED_EDGE('',*,*,#10746,.T.);
#10746 = EDGE_CURVE('',#10739,#10747,#10749,.T.);
#10747 = VERTEX_POINT('',#10748);
#10748 = CARTESIAN_POINT('',(3.099,-1.651,0.));
#10749 = LINE('',#10750,#10751);
#10750 = CARTESIAN_POINT('',(3.099,-1.651,0.254));
#10751 = VECTOR('',#10752,1.);
#10752 = DIRECTION('',(0.,0.,-1.));
#10753 = ORIENTED_EDGE('',*,*,#10754,.T.);
#10754 = EDGE_CURVE('',#10747,#10755,#10757,.T.);
#10755 = VERTEX_POINT('',#10756);
#10756 = CARTESIAN_POINT('',(2.953,-1.651,0.));
#10757 = LINE('',#10758,#10759);
#10758 = CARTESIAN_POINT('',(3.099,-1.651,0.));
#10759 = VECTOR('',#10760,1.);
#10760 = DIRECTION('',(-1.,0.,0.));
#10761 = ORIENTED_EDGE('',*,*,#10762,.T.);
#10762 = EDGE_CURVE('',#10755,#10763,#10765,.T.);
#10763 = VERTEX_POINT('',#10764);
#10764 = CARTESIAN_POINT('',(2.462,-1.651,0.377));
#10765 = CIRCLE('',#10766,0.508);
#10766 = AXIS2_PLACEMENT_3D('',#10767,#10768,#10769);
#10767 = CARTESIAN_POINT('',(2.953,-1.651,0.508));
#10768 = DIRECTION('',(0.,1.,0.));
#10769 = DIRECTION('',(0.,-0.,1.));
#10770 = ORIENTED_EDGE('',*,*,#10771,.T.);
#10771 = EDGE_CURVE('',#10763,#10772,#10774,.T.);
#10772 = VERTEX_POINT('',#10773);
#10773 = CARTESIAN_POINT('',(2.385,-1.651,0.663));
#10774 = LINE('',#10775,#10776);
#10775 = CARTESIAN_POINT('',(2.462,-1.651,0.377));
#10776 = VECTOR('',#10777,1.);
#10777 = DIRECTION('',(-0.258969313954,0.,0.965885549343));
#10778 = ORIENTED_EDGE('',*,*,#10779,.T.);
#10779 = EDGE_CURVE('',#10772,#10687,#10780,.T.);
#10780 = CIRCLE('',#10781,0.254);
#10781 = AXIS2_PLACEMENT_3D('',#10782,#10783,#10784);
#10782 = CARTESIAN_POINT('',(2.14,-1.651,0.597));
#10783 = DIRECTION('',(0.,-1.,0.));
#10784 = DIRECTION('',(0.,0.,1.));
#10785 = PLANE('',#10786);
#10786 = AXIS2_PLACEMENT_3D('',#10787,#10788,#10789);
#10787 = CARTESIAN_POINT('',(2.953,-1.651,0.254));
#10788 = DIRECTION('',(0.,1.,0.));
#10789 = DIRECTION('',(1.,0.,0.));
#10790 = SHELL_BASED_SURFACE_MODEL('',(#10791));
#10791 = OPEN_SHELL('',(#10792));
#10792 = ADVANCED_FACE('',(#10793),#10827,.F.);
#10793 = FACE_BOUND('',#10794,.T.);
#10794 = EDGE_LOOP('',(#10795,#10805,#10813,#10821));
#10795 = ORIENTED_EDGE('',*,*,#10796,.F.);
#10796 = EDGE_CURVE('',#10797,#10799,#10801,.T.);
#10797 = VERTEX_POINT('',#10798);
#10798 = CARTESIAN_POINT('',(1.994,-0.889,0.851));
#10799 = VERTEX_POINT('',#10800);
#10800 = CARTESIAN_POINT('',(1.994,-0.381,0.851));
#10801 = LINE('',#10802,#10803);
#10802 = CARTESIAN_POINT('',(1.994,-0.889,0.851));
#10803 = VECTOR('',#10804,1.);
#10804 = DIRECTION('',(0.,1.,0.));
#10805 = ORIENTED_EDGE('',*,*,#10806,.F.);
#10806 = EDGE_CURVE('',#10807,#10797,#10809,.T.);
#10807 = VERTEX_POINT('',#10808);
#10808 = CARTESIAN_POINT('',(1.994,-0.889,1.105));
#10809 = LINE('',#10810,#10811);
#10810 = CARTESIAN_POINT('',(1.994,-0.889,1.105));
#10811 = VECTOR('',#10812,1.);
#10812 = DIRECTION('',(0.,0.,-1.));
#10813 = ORIENTED_EDGE('',*,*,#10814,.F.);
#10814 = EDGE_CURVE('',#10815,#10807,#10817,.T.);
#10815 = VERTEX_POINT('',#10816);
#10816 = CARTESIAN_POINT('',(1.994,-0.381,1.105));
#10817 = LINE('',#10818,#10819);
#10818 = CARTESIAN_POINT('',(1.994,-0.381,1.105));
#10819 = VECTOR('',#10820,1.);
#10820 = DIRECTION('',(0.,-1.,0.));
#10821 = ORIENTED_EDGE('',*,*,#10822,.F.);
#10822 = EDGE_CURVE('',#10799,#10815,#10823,.T.);
#10823 = LINE('',#10824,#10825);
#10824 = CARTESIAN_POINT('',(1.994,-0.381,0.851));
#10825 = VECTOR('',#10826,1.);
#10826 = DIRECTION('',(0.,0.,1.));
#10827 = PLANE('',#10828);
#10828 = AXIS2_PLACEMENT_3D('',#10829,#10830,#10831);
#10829 = CARTESIAN_POINT('',(1.994,-0.381,0.851));
#10830 = DIRECTION('',(1.,0.,0.));
#10831 = DIRECTION('',(0.,0.,1.));
#10832 = SHELL_BASED_SURFACE_MODEL('',(#10833));
#10833 = OPEN_SHELL('',(#10834));
#10834 = ADVANCED_FACE('',(#10835),#10869,.F.);
#10835 = FACE_BOUND('',#10836,.T.);
#10836 = EDGE_LOOP('',(#10837,#10847,#10855,#10863));
#10837 = ORIENTED_EDGE('',*,*,#10838,.F.);
#10838 = EDGE_CURVE('',#10839,#10841,#10843,.T.);
#10839 = VERTEX_POINT('',#10840);
#10840 = CARTESIAN_POINT('',(1.994,-0.889,1.105));
#10841 = VERTEX_POINT('',#10842);
#10842 = CARTESIAN_POINT('',(1.994,-0.381,1.105));
#10843 = LINE('',#10844,#10845);
#10844 = CARTESIAN_POINT('',(1.994,-0.889,1.105));
#10845 = VECTOR('',#10846,1.);
#10846 = DIRECTION('',(0.,1.,0.));
#10847 = ORIENTED_EDGE('',*,*,#10848,.F.);
#10848 = EDGE_CURVE('',#10849,#10839,#10851,.T.);
#10849 = VERTEX_POINT('',#10850);
#10850 = CARTESIAN_POINT('',(2.14,-0.889,1.105));
#10851 = LINE('',#10852,#10853);
#10852 = CARTESIAN_POINT('',(2.14,-0.889,1.105));
#10853 = VECTOR('',#10854,1.);
#10854 = DIRECTION('',(-1.,0.,0.));
#10855 = ORIENTED_EDGE('',*,*,#10856,.F.);
#10856 = EDGE_CURVE('',#10857,#10849,#10859,.T.);
#10857 = VERTEX_POINT('',#10858);
#10858 = CARTESIAN_POINT('',(2.14,-0.381,1.105));
#10859 = LINE('',#10860,#10861);
#10860 = CARTESIAN_POINT('',(2.14,-0.381,1.105));
#10861 = VECTOR('',#10862,1.);
#10862 = DIRECTION('',(0.,-1.,0.));
#10863 = ORIENTED_EDGE('',*,*,#10864,.F.);
#10864 = EDGE_CURVE('',#10841,#10857,#10865,.T.);
#10865 = LINE('',#10866,#10867);
#10866 = CARTESIAN_POINT('',(1.994,-0.381,1.105));
#10867 = VECTOR('',#10868,1.);
#10868 = DIRECTION('',(1.,0.,0.));
#10869 = PLANE('',#10870);
#10870 = AXIS2_PLACEMENT_3D('',#10871,#10872,#10873);
#10871 = CARTESIAN_POINT('',(1.994,-0.381,1.105));
#10872 = DIRECTION('',(0.,0.,-1.));
#10873 = DIRECTION('',(0.,1.,0.));
#10874 = SHELL_BASED_SURFACE_MODEL('',(#10875));
#10875 = OPEN_SHELL('',(#10876));
#10876 = ADVANCED_FACE('',(#10877),#10911,.F.);
#10877 = FACE_BOUND('',#10878,.T.);
#10878 = EDGE_LOOP('',(#10879,#10889,#10897,#10905));
#10879 = ORIENTED_EDGE('',*,*,#10880,.F.);
#10880 = EDGE_CURVE('',#10881,#10883,#10885,.T.);
#10881 = VERTEX_POINT('',#10882);
#10882 = CARTESIAN_POINT('',(1.994,-0.381,0.851));
#10883 = VERTEX_POINT('',#10884);
#10884 = CARTESIAN_POINT('',(1.994,-0.889,0.851));
#10885 = LINE('',#10886,#10887);
#10886 = CARTESIAN_POINT('',(1.994,-0.381,0.851));
#10887 = VECTOR('',#10888,1.);
#10888 = DIRECTION('',(0.,-1.,0.));
#10889 = ORIENTED_EDGE('',*,*,#10890,.F.);
#10890 = EDGE_CURVE('',#10891,#10881,#10893,.T.);
#10891 = VERTEX_POINT('',#10892);
#10892 = CARTESIAN_POINT('',(2.14,-0.381,0.851));
#10893 = LINE('',#10894,#10895);
#10894 = CARTESIAN_POINT('',(2.14,-0.381,0.851));
#10895 = VECTOR('',#10896,1.);
#10896 = DIRECTION('',(-1.,0.,0.));
#10897 = ORIENTED_EDGE('',*,*,#10898,.F.);
#10898 = EDGE_CURVE('',#10899,#10891,#10901,.T.);
#10899 = VERTEX_POINT('',#10900);
#10900 = CARTESIAN_POINT('',(2.14,-0.889,0.851));
#10901 = LINE('',#10902,#10903);
#10902 = CARTESIAN_POINT('',(2.14,-0.889,0.851));
#10903 = VECTOR('',#10904,1.);
#10904 = DIRECTION('',(0.,1.,0.));
#10905 = ORIENTED_EDGE('',*,*,#10906,.F.);
#10906 = EDGE_CURVE('',#10883,#10899,#10907,.T.);
#10907 = LINE('',#10908,#10909);
#10908 = CARTESIAN_POINT('',(1.994,-0.889,0.851));
#10909 = VECTOR('',#10910,1.);
#10910 = DIRECTION('',(1.,0.,0.));
#10911 = PLANE('',#10912);
#10912 = AXIS2_PLACEMENT_3D('',#10913,#10914,#10915);
#10913 = CARTESIAN_POINT('',(1.994,-0.889,0.851));
#10914 = DIRECTION('',(0.,0.,1.));
#10915 = DIRECTION('',(0.,1.,0.));
#10916 = SHELL_BASED_SURFACE_MODEL('',(#10917));
#10917 = OPEN_SHELL('',(#10918));
#10918 = ADVANCED_FACE('',(#10919),#10953,.F.);
#10919 = FACE_BOUND('',#10920,.F.);
#10920 = EDGE_LOOP('',(#10921,#10931,#10939,#10947));
#10921 = ORIENTED_EDGE('',*,*,#10922,.T.);
#10922 = EDGE_CURVE('',#10923,#10925,#10927,.T.);
#10923 = VERTEX_POINT('',#10924);
#10924 = CARTESIAN_POINT('',(2.707,-0.889,0.442));
#10925 = VERTEX_POINT('',#10926);
#10926 = CARTESIAN_POINT('',(2.631,-0.889,0.728));
#10927 = LINE('',#10928,#10929);
#10928 = CARTESIAN_POINT('',(2.707,-0.889,0.442));
#10929 = VECTOR('',#10930,1.);
#10930 = DIRECTION('',(-0.258969313954,0.,0.965885549343));
#10931 = ORIENTED_EDGE('',*,*,#10932,.T.);
#10932 = EDGE_CURVE('',#10925,#10933,#10935,.T.);
#10933 = VERTEX_POINT('',#10934);
#10934 = CARTESIAN_POINT('',(2.631,-0.381,0.728));
#10935 = LINE('',#10936,#10937);
#10936 = CARTESIAN_POINT('',(2.631,-0.889,0.728));
#10937 = VECTOR('',#10938,1.);
#10938 = DIRECTION('',(0.,1.,0.));
#10939 = ORIENTED_EDGE('',*,*,#10940,.T.);
#10940 = EDGE_CURVE('',#10933,#10941,#10943,.T.);
#10941 = VERTEX_POINT('',#10942);
#10942 = CARTESIAN_POINT('',(2.707,-0.381,0.442));
#10943 = LINE('',#10944,#10945);
#10944 = CARTESIAN_POINT('',(2.631,-0.381,0.728));
#10945 = VECTOR('',#10946,1.);
#10946 = DIRECTION('',(0.258969313954,0.,-0.965885549343));
#10947 = ORIENTED_EDGE('',*,*,#10948,.T.);
#10948 = EDGE_CURVE('',#10941,#10923,#10949,.T.);
#10949 = LINE('',#10950,#10951);
#10950 = CARTESIAN_POINT('',(2.707,-0.381,0.442));
#10951 = VECTOR('',#10952,1.);
#10952 = DIRECTION('',(0.,-1.,0.));
#10953 = PLANE('',#10954);
#10954 = AXIS2_PLACEMENT_3D('',#10955,#10956,#10957);
#10955 = CARTESIAN_POINT('',(2.707,-0.889,0.442));
#10956 = DIRECTION('',(-0.965885549343,0.,-0.258969313954));
#10957 = DIRECTION('',(-0.258969313954,0.,0.965885549343));
#10958 = SHELL_BASED_SURFACE_MODEL('',(#10959));
#10959 = OPEN_SHELL('',(#10960));
#10960 = ADVANCED_FACE('',(#10961),#10995,.F.);
#10961 = FACE_BOUND('',#10962,.F.);
#10962 = EDGE_LOOP('',(#10963,#10973,#10981,#10989));
#10963 = ORIENTED_EDGE('',*,*,#10964,.T.);
#10964 = EDGE_CURVE('',#10965,#10967,#10969,.T.);
#10965 = VERTEX_POINT('',#10966);
#10966 = CARTESIAN_POINT('',(2.462,-0.381,0.377));
#10967 = VERTEX_POINT('',#10968);
#10968 = CARTESIAN_POINT('',(2.385,-0.381,0.663));
#10969 = LINE('',#10970,#10971);
#10970 = CARTESIAN_POINT('',(2.462,-0.381,0.377));
#10971 = VECTOR('',#10972,1.);
#10972 = DIRECTION('',(-0.258969313954,0.,0.965885549343));
#10973 = ORIENTED_EDGE('',*,*,#10974,.T.);
#10974 = EDGE_CURVE('',#10967,#10975,#10977,.T.);
#10975 = VERTEX_POINT('',#10976);
#10976 = CARTESIAN_POINT('',(2.385,-0.889,0.663));
#10977 = LINE('',#10978,#10979);
#10978 = CARTESIAN_POINT('',(2.385,-0.381,0.663));
#10979 = VECTOR('',#10980,1.);
#10980 = DIRECTION('',(0.,-1.,0.));
#10981 = ORIENTED_EDGE('',*,*,#10982,.T.);
#10982 = EDGE_CURVE('',#10975,#10983,#10985,.T.);
#10983 = VERTEX_POINT('',#10984);
#10984 = CARTESIAN_POINT('',(2.462,-0.889,0.377));
#10985 = LINE('',#10986,#10987);
#10986 = CARTESIAN_POINT('',(2.385,-0.889,0.663));
#10987 = VECTOR('',#10988,1.);
#10988 = DIRECTION('',(0.258969313954,0.,-0.965885549343));
#10989 = ORIENTED_EDGE('',*,*,#10990,.T.);
#10990 = EDGE_CURVE('',#10983,#10965,#10991,.T.);
#10991 = LINE('',#10992,#10993);
#10992 = CARTESIAN_POINT('',(2.462,-0.889,0.377));
#10993 = VECTOR('',#10994,1.);
#10994 = DIRECTION('',(0.,1.,0.));
#10995 = PLANE('',#10996);
#10996 = AXIS2_PLACEMENT_3D('',#10997,#10998,#10999);
#10997 = CARTESIAN_POINT('',(2.462,-0.381,0.377));
#10998 = DIRECTION('',(0.965885549343,0.,0.258969313954));
#10999 = DIRECTION('',(-0.258969313954,0.,0.965885549343));
#11000 = SHELL_BASED_SURFACE_MODEL('',(#11001));
#11001 = OPEN_SHELL('',(#11002));
#11002 = ADVANCED_FACE('',(#11003),#11037,.F.);
#11003 = FACE_BOUND('',#11004,.T.);
#11004 = EDGE_LOOP('',(#11005,#11015,#11023,#11031));
#11005 = ORIENTED_EDGE('',*,*,#11006,.F.);
#11006 = EDGE_CURVE('',#11007,#11009,#11011,.T.);
#11007 = VERTEX_POINT('',#11008);
#11008 = CARTESIAN_POINT('',(3.099,-0.381,0.254));
#11009 = VERTEX_POINT('',#11010);
#11010 = CARTESIAN_POINT('',(3.099,-0.889,0.254));
#11011 = LINE('',#11012,#11013);
#11012 = CARTESIAN_POINT('',(3.099,-0.381,0.254));
#11013 = VECTOR('',#11014,1.);
#11014 = DIRECTION('',(0.,-1.,0.));
#11015 = ORIENTED_EDGE('',*,*,#11016,.F.);
#11016 = EDGE_CURVE('',#11017,#11007,#11019,.T.);
#11017 = VERTEX_POINT('',#11018);
#11018 = CARTESIAN_POINT('',(2.953,-0.381,0.254));
#11019 = LINE('',#11020,#11021);
#11020 = CARTESIAN_POINT('',(2.953,-0.381,0.254));
#11021 = VECTOR('',#11022,1.);
#11022 = DIRECTION('',(1.,0.,0.));
#11023 = ORIENTED_EDGE('',*,*,#11024,.F.);
#11024 = EDGE_CURVE('',#11025,#11017,#11027,.T.);
#11025 = VERTEX_POINT('',#11026);
#11026 = CARTESIAN_POINT('',(2.953,-0.889,0.254));
#11027 = LINE('',#11028,#11029);
#11028 = CARTESIAN_POINT('',(2.953,-0.889,0.254));
#11029 = VECTOR('',#11030,1.);
#11030 = DIRECTION('',(0.,1.,0.));
#11031 = ORIENTED_EDGE('',*,*,#11032,.F.);
#11032 = EDGE_CURVE('',#11009,#11025,#11033,.T.);
#11033 = LINE('',#11034,#11035);
#11034 = CARTESIAN_POINT('',(3.099,-0.889,0.254));
#11035 = VECTOR('',#11036,1.);
#11036 = DIRECTION('',(-1.,0.,0.));
#11037 = PLANE('',#11038);
#11038 = AXIS2_PLACEMENT_3D('',#11039,#11040,#11041);
#11039 = CARTESIAN_POINT('',(3.099,-0.889,0.254));
#11040 = DIRECTION('',(0.,0.,-1.));
#11041 = DIRECTION('',(0.,1.,0.));
#11042 = SHELL_BASED_SURFACE_MODEL('',(#11043));
#11043 = OPEN_SHELL('',(#11044));
#11044 = ADVANCED_FACE('',(#11045),#11079,.F.);
#11045 = FACE_BOUND('',#11046,.T.);
#11046 = EDGE_LOOP('',(#11047,#11057,#11065,#11073));
#11047 = ORIENTED_EDGE('',*,*,#11048,.F.);
#11048 = EDGE_CURVE('',#11049,#11051,#11053,.T.);
#11049 = VERTEX_POINT('',#11050);
#11050 = CARTESIAN_POINT('',(2.953,-0.381,0.));
#11051 = VERTEX_POINT('',#11052);
#11052 = CARTESIAN_POINT('',(2.953,-0.889,0.));
#11053 = LINE('',#11054,#11055);
#11054 = CARTESIAN_POINT('',(2.953,-0.381,0.));
#11055 = VECTOR('',#11056,1.);
#11056 = DIRECTION('',(0.,-1.,0.));
#11057 = ORIENTED_EDGE('',*,*,#11058,.F.);
#11058 = EDGE_CURVE('',#11059,#11049,#11061,.T.);
#11059 = VERTEX_POINT('',#11060);
#11060 = CARTESIAN_POINT('',(3.099,-0.381,0.));
#11061 = LINE('',#11062,#11063);
#11062 = CARTESIAN_POINT('',(3.099,-0.381,0.));
#11063 = VECTOR('',#11064,1.);
#11064 = DIRECTION('',(-1.,0.,0.));
#11065 = ORIENTED_EDGE('',*,*,#11066,.F.);
#11066 = EDGE_CURVE('',#11067,#11059,#11069,.T.);
#11067 = VERTEX_POINT('',#11068);
#11068 = CARTESIAN_POINT('',(3.099,-0.889,0.));
#11069 = LINE('',#11070,#11071);
#11070 = CARTESIAN_POINT('',(3.099,-0.889,0.));
#11071 = VECTOR('',#11072,1.);
#11072 = DIRECTION('',(0.,1.,0.));
#11073 = ORIENTED_EDGE('',*,*,#11074,.F.);
#11074 = EDGE_CURVE('',#11051,#11067,#11075,.T.);
#11075 = LINE('',#11076,#11077);
#11076 = CARTESIAN_POINT('',(2.953,-0.889,0.));
#11077 = VECTOR('',#11078,1.);
#11078 = DIRECTION('',(1.,0.,0.));
#11079 = PLANE('',#11080);
#11080 = AXIS2_PLACEMENT_3D('',#11081,#11082,#11083);
#11081 = CARTESIAN_POINT('',(2.953,-0.889,0.));
#11082 = DIRECTION('',(0.,0.,1.));
#11083 = DIRECTION('',(0.,1.,0.));
#11084 = SHELL_BASED_SURFACE_MODEL('',(#11085));
#11085 = OPEN_SHELL('',(#11086));
#11086 = ADVANCED_FACE('',(#11087),#11121,.F.);
#11087 = FACE_BOUND('',#11088,.T.);
#11088 = EDGE_LOOP('',(#11089,#11099,#11107,#11115));
#11089 = ORIENTED_EDGE('',*,*,#11090,.F.);
#11090 = EDGE_CURVE('',#11091,#11093,#11095,.T.);
#11091 = VERTEX_POINT('',#11092);
#11092 = CARTESIAN_POINT('',(3.099,-0.381,0.));
#11093 = VERTEX_POINT('',#11094);
#11094 = CARTESIAN_POINT('',(3.099,-0.889,0.));
#11095 = LINE('',#11096,#11097);
#11096 = CARTESIAN_POINT('',(3.099,-0.381,0.));
#11097 = VECTOR('',#11098,1.);
#11098 = DIRECTION('',(0.,-1.,0.));
#11099 = ORIENTED_EDGE('',*,*,#11100,.F.);
#11100 = EDGE_CURVE('',#11101,#11091,#11103,.T.);
#11101 = VERTEX_POINT('',#11102);
#11102 = CARTESIAN_POINT('',(3.099,-0.381,0.254));
#11103 = LINE('',#11104,#11105);
#11104 = CARTESIAN_POINT('',(3.099,-0.381,0.254));
#11105 = VECTOR('',#11106,1.);
#11106 = DIRECTION('',(0.,0.,-1.));
#11107 = ORIENTED_EDGE('',*,*,#11108,.F.);
#11108 = EDGE_CURVE('',#11109,#11101,#11111,.T.);
#11109 = VERTEX_POINT('',#11110);
#11110 = CARTESIAN_POINT('',(3.099,-0.889,0.254));
#11111 = LINE('',#11112,#11113);
#11112 = CARTESIAN_POINT('',(3.099,-0.889,0.254));
#11113 = VECTOR('',#11114,1.);
#11114 = DIRECTION('',(0.,1.,0.));
#11115 = ORIENTED_EDGE('',*,*,#11116,.F.);
#11116 = EDGE_CURVE('',#11093,#11109,#11117,.T.);
#11117 = LINE('',#11118,#11119);
#11118 = CARTESIAN_POINT('',(3.099,-0.889,0.));
#11119 = VECTOR('',#11120,1.);
#11120 = DIRECTION('',(0.,0.,1.));
#11121 = PLANE('',#11122);
#11122 = AXIS2_PLACEMENT_3D('',#11123,#11124,#11125);
#11123 = CARTESIAN_POINT('',(3.099,-0.889,0.));
#11124 = DIRECTION('',(-1.,0.,0.));
#11125 = DIRECTION('',(0.,0.,1.));
#11126 = SHELL_BASED_SURFACE_MODEL('',(#11127));
#11127 = OPEN_SHELL('',(#11128));
#11128 = ADVANCED_FACE('',(#11129),#11165,.T.);
#11129 = FACE_BOUND('',#11130,.T.);
#11130 = EDGE_LOOP('',(#11131,#11142,#11150,#11159));
#11131 = ORIENTED_EDGE('',*,*,#11132,.T.);
#11132 = EDGE_CURVE('',#11133,#11135,#11137,.T.);
#11133 = VERTEX_POINT('',#11134);
#11134 = CARTESIAN_POINT('',(2.14,-0.889,1.105));
#11135 = VERTEX_POINT('',#11136);
#11136 = CARTESIAN_POINT('',(2.631,-0.889,0.728));
#11137 = CIRCLE('',#11138,0.508);
#11138 = AXIS2_PLACEMENT_3D('',#11139,#11140,#11141);
#11139 = CARTESIAN_POINT('',(2.14,-0.889,0.597));
#11140 = DIRECTION('',(0.,1.,0.));
#11141 = DIRECTION('',(0.,-0.,1.));
#11142 = ORIENTED_EDGE('',*,*,#11143,.T.);
#11143 = EDGE_CURVE('',#11135,#11144,#11146,.T.);
#11144 = VERTEX_POINT('',#11145);
#11145 = CARTESIAN_POINT('',(2.631,-0.381,0.728));
#11146 = LINE('',#11147,#11148);
#11147 = CARTESIAN_POINT('',(2.631,-0.889,0.728));
#11148 = VECTOR('',#11149,1.);
#11149 = DIRECTION('',(0.,1.,0.));
#11150 = ORIENTED_EDGE('',*,*,#11151,.F.);
#11151 = EDGE_CURVE('',#11152,#11144,#11154,.T.);
#11152 = VERTEX_POINT('',#11153);
#11153 = CARTESIAN_POINT('',(2.14,-0.381,1.105));
#11154 = CIRCLE('',#11155,0.508);
#11155 = AXIS2_PLACEMENT_3D('',#11156,#11157,#11158);
#11156 = CARTESIAN_POINT('',(2.14,-0.381,0.597));
#11157 = DIRECTION('',(0.,1.,0.));
#11158 = DIRECTION('',(0.,-0.,1.));
#11159 = ORIENTED_EDGE('',*,*,#11160,.F.);
#11160 = EDGE_CURVE('',#11133,#11152,#11161,.T.);
#11161 = LINE('',#11162,#11163);
#11162 = CARTESIAN_POINT('',(2.14,-0.889,1.105));
#11163 = VECTOR('',#11164,1.);
#11164 = DIRECTION('',(0.,1.,0.));
#11165 = CYLINDRICAL_SURFACE('',#11166,0.508);
#11166 = AXIS2_PLACEMENT_3D('',#11167,#11168,#11169);
#11167 = CARTESIAN_POINT('',(2.14,-0.381,0.597));
#11168 = DIRECTION('',(0.,-1.,0.));
#11169 = DIRECTION('',(0.,0.,1.));
#11170 = SHELL_BASED_SURFACE_MODEL('',(#11171));
#11171 = OPEN_SHELL('',(#11172));
#11172 = ADVANCED_FACE('',(#11173),#11209,.F.);
#11173 = FACE_BOUND('',#11174,.F.);
#11174 = EDGE_LOOP('',(#11175,#11185,#11194,#11202));
#11175 = ORIENTED_EDGE('',*,*,#11176,.T.);
#11176 = EDGE_CURVE('',#11177,#11179,#11181,.T.);
#11177 = VERTEX_POINT('',#11178);
#11178 = CARTESIAN_POINT('',(2.14,-0.381,0.851));
#11179 = VERTEX_POINT('',#11180);
#11180 = CARTESIAN_POINT('',(2.14,-0.889,0.851));
#11181 = LINE('',#11182,#11183);
#11182 = CARTESIAN_POINT('',(2.14,-0.381,0.851));
#11183 = VECTOR('',#11184,1.);
#11184 = DIRECTION('',(0.,-1.,0.));
#11185 = ORIENTED_EDGE('',*,*,#11186,.T.);
#11186 = EDGE_CURVE('',#11179,#11187,#11189,.T.);
#11187 = VERTEX_POINT('',#11188);
#11188 = CARTESIAN_POINT('',(2.385,-0.889,0.663));
#11189 = CIRCLE('',#11190,0.254);
#11190 = AXIS2_PLACEMENT_3D('',#11191,#11192,#11193);
#11191 = CARTESIAN_POINT('',(2.14,-0.889,0.597));
#11192 = DIRECTION('',(0.,1.,0.));
#11193 = DIRECTION('',(0.,-0.,1.));
#11194 = ORIENTED_EDGE('',*,*,#11195,.F.);
#11195 = EDGE_CURVE('',#11196,#11187,#11198,.T.);
#11196 = VERTEX_POINT('',#11197);
#11197 = CARTESIAN_POINT('',(2.385,-0.381,0.663));
#11198 = LINE('',#11199,#11200);
#11199 = CARTESIAN_POINT('',(2.385,-0.381,0.663));
#11200 = VECTOR('',#11201,1.);
#11201 = DIRECTION('',(0.,-1.,0.));
#11202 = ORIENTED_EDGE('',*,*,#11203,.F.);
#11203 = EDGE_CURVE('',#11177,#11196,#11204,.T.);
#11204 = CIRCLE('',#11205,0.254);
#11205 = AXIS2_PLACEMENT_3D('',#11206,#11207,#11208);
#11206 = CARTESIAN_POINT('',(2.14,-0.381,0.597));
#11207 = DIRECTION('',(0.,1.,0.));
#11208 = DIRECTION('',(0.,-0.,1.));
#11209 = CYLINDRICAL_SURFACE('',#11210,0.254);
#11210 = AXIS2_PLACEMENT_3D('',#11211,#11212,#11213);
#11211 = CARTESIAN_POINT('',(2.14,-0.381,0.597));
#11212 = DIRECTION('',(0.,1.,0.));
#11213 = DIRECTION('',(0.,0.,-1.));
#11214 = SHELL_BASED_SURFACE_MODEL('',(#11215));
#11215 = OPEN_SHELL('',(#11216));
#11216 = ADVANCED_FACE('',(#11217),#11253,.F.);
#11217 = FACE_BOUND('',#11218,.F.);
#11218 = EDGE_LOOP('',(#11219,#11230,#11238,#11247));
#11219 = ORIENTED_EDGE('',*,*,#11220,.T.);
#11220 = EDGE_CURVE('',#11221,#11223,#11225,.T.);
#11221 = VERTEX_POINT('',#11222);
#11222 = CARTESIAN_POINT('',(2.953,-0.889,0.254));
#11223 = VERTEX_POINT('',#11224);
#11224 = CARTESIAN_POINT('',(2.707,-0.889,0.442));
#11225 = CIRCLE('',#11226,0.254);
#11226 = AXIS2_PLACEMENT_3D('',#11227,#11228,#11229);
#11227 = CARTESIAN_POINT('',(2.953,-0.889,0.508));
#11228 = DIRECTION('',(0.,1.,0.));
#11229 = DIRECTION('',(0.,-0.,1.));
#11230 = ORIENTED_EDGE('',*,*,#11231,.T.);
#11231 = EDGE_CURVE('',#11223,#11232,#11234,.T.);
#11232 = VERTEX_POINT('',#11233);
#11233 = CARTESIAN_POINT('',(2.707,-0.381,0.442));
#11234 = LINE('',#11235,#11236);
#11235 = CARTESIAN_POINT('',(2.707,-0.889,0.442));
#11236 = VECTOR('',#11237,1.);
#11237 = DIRECTION('',(0.,1.,0.));
#11238 = ORIENTED_EDGE('',*,*,#11239,.F.);
#11239 = EDGE_CURVE('',#11240,#11232,#11242,.T.);
#11240 = VERTEX_POINT('',#11241);
#11241 = CARTESIAN_POINT('',(2.953,-0.381,0.254));
#11242 = CIRCLE('',#11243,0.254);
#11243 = AXIS2_PLACEMENT_3D('',#11244,#11245,#11246);
#11244 = CARTESIAN_POINT('',(2.953,-0.381,0.508));
#11245 = DIRECTION('',(0.,1.,0.));
#11246 = DIRECTION('',(0.,-0.,1.));
#11247 = ORIENTED_EDGE('',*,*,#11248,.F.);
#11248 = EDGE_CURVE('',#11221,#11240,#11249,.T.);
#11249 = LINE('',#11250,#11251);
#11250 = CARTESIAN_POINT('',(2.953,-0.889,0.254));
#11251 = VECTOR('',#11252,1.);
#11252 = DIRECTION('',(0.,1.,0.));
#11253 = CYLINDRICAL_SURFACE('',#11254,0.254);
#11254 = AXIS2_PLACEMENT_3D('',#11255,#11256,#11257);
#11255 = CARTESIAN_POINT('',(2.953,-0.889,0.508));
#11256 = DIRECTION('',(0.,-1.,0.));
#11257 = DIRECTION('',(0.,0.,-1.));
#11258 = SHELL_BASED_SURFACE_MODEL('',(#11259));
#11259 = OPEN_SHELL('',(#11260));
#11260 = ADVANCED_FACE('',(#11261),#11297,.T.);
#11261 = FACE_BOUND('',#11262,.T.);
#11262 = EDGE_LOOP('',(#11263,#11273,#11282,#11290));
#11263 = ORIENTED_EDGE('',*,*,#11264,.T.);
#11264 = EDGE_CURVE('',#11265,#11267,#11269,.T.);
#11265 = VERTEX_POINT('',#11266);
#11266 = CARTESIAN_POINT('',(2.953,-0.381,0.));
#11267 = VERTEX_POINT('',#11268);
#11268 = CARTESIAN_POINT('',(2.953,-0.889,0.));
#11269 = LINE('',#11270,#11271);
#11270 = CARTESIAN_POINT('',(2.953,-0.381,0.));
#11271 = VECTOR('',#11272,1.);
#11272 = DIRECTION('',(0.,-1.,0.));
#11273 = ORIENTED_EDGE('',*,*,#11274,.T.);
#11274 = EDGE_CURVE('',#11267,#11275,#11277,.T.);
#11275 = VERTEX_POINT('',#11276);
#11276 = CARTESIAN_POINT('',(2.462,-0.889,0.377));
#11277 = CIRCLE('',#11278,0.508);
#11278 = AXIS2_PLACEMENT_3D('',#11279,#11280,#11281);
#11279 = CARTESIAN_POINT('',(2.953,-0.889,0.508));
#11280 = DIRECTION('',(0.,1.,0.));
#11281 = DIRECTION('',(0.,-0.,1.));
#11282 = ORIENTED_EDGE('',*,*,#11283,.F.);
#11283 = EDGE_CURVE('',#11284,#11275,#11286,.T.);
#11284 = VERTEX_POINT('',#11285);
#11285 = CARTESIAN_POINT('',(2.462,-0.381,0.377));
#11286 = LINE('',#11287,#11288);
#11287 = CARTESIAN_POINT('',(2.462,-0.381,0.377));
#11288 = VECTOR('',#11289,1.);
#11289 = DIRECTION('',(0.,-1.,0.));
#11290 = ORIENTED_EDGE('',*,*,#11291,.F.);
#11291 = EDGE_CURVE('',#11265,#11284,#11292,.T.);
#11292 = CIRCLE('',#11293,0.508);
#11293 = AXIS2_PLACEMENT_3D('',#11294,#11295,#11296);
#11294 = CARTESIAN_POINT('',(2.953,-0.381,0.508));
#11295 = DIRECTION('',(0.,1.,0.));
#11296 = DIRECTION('',(0.,-0.,1.));
#11297 = CYLINDRICAL_SURFACE('',#11298,0.508);
#11298 = AXIS2_PLACEMENT_3D('',#11299,#11300,#11301);
#11299 = CARTESIAN_POINT('',(2.953,-0.889,0.508));
#11300 = DIRECTION('',(0.,1.,0.));
#11301 = DIRECTION('',(0.,-0.,1.));
#11302 = SHELL_BASED_SURFACE_MODEL('',(#11303));
#11303 = OPEN_SHELL('',(#11304));
#11304 = ADVANCED_FACE('',(#11305),#11407,.T.);
#11305 = FACE_BOUND('',#11306,.T.);
#11306 = EDGE_LOOP('',(#11307,#11317,#11325,#11333,#11342,#11350,#11359,
    #11367,#11375,#11383,#11392,#11400));
#11307 = ORIENTED_EDGE('',*,*,#11308,.T.);
#11308 = EDGE_CURVE('',#11309,#11311,#11313,.T.);
#11309 = VERTEX_POINT('',#11310);
#11310 = CARTESIAN_POINT('',(2.14,-0.889,1.105));
#11311 = VERTEX_POINT('',#11312);
#11312 = CARTESIAN_POINT('',(1.994,-0.889,1.105));
#11313 = LINE('',#11314,#11315);
#11314 = CARTESIAN_POINT('',(2.14,-0.889,1.105));
#11315 = VECTOR('',#11316,1.);
#11316 = DIRECTION('',(-1.,0.,0.));
#11317 = ORIENTED_EDGE('',*,*,#11318,.T.);
#11318 = EDGE_CURVE('',#11311,#11319,#11321,.T.);
#11319 = VERTEX_POINT('',#11320);
#11320 = CARTESIAN_POINT('',(1.994,-0.889,0.851));
#11321 = LINE('',#11322,#11323);
#11322 = CARTESIAN_POINT('',(1.994,-0.889,1.105));
#11323 = VECTOR('',#11324,1.);
#11324 = DIRECTION('',(0.,0.,-1.));
#11325 = ORIENTED_EDGE('',*,*,#11326,.T.);
#11326 = EDGE_CURVE('',#11319,#11327,#11329,.T.);
#11327 = VERTEX_POINT('',#11328);
#11328 = CARTESIAN_POINT('',(2.14,-0.889,0.851));
#11329 = LINE('',#11330,#11331);
#11330 = CARTESIAN_POINT('',(1.994,-0.889,0.851));
#11331 = VECTOR('',#11332,1.);
#11332 = DIRECTION('',(1.,0.,0.));
#11333 = ORIENTED_EDGE('',*,*,#11334,.T.);
#11334 = EDGE_CURVE('',#11327,#11335,#11337,.T.);
#11335 = VERTEX_POINT('',#11336);
#11336 = CARTESIAN_POINT('',(2.385,-0.889,0.663));
#11337 = CIRCLE('',#11338,0.254);
#11338 = AXIS2_PLACEMENT_3D('',#11339,#11340,#11341);
#11339 = CARTESIAN_POINT('',(2.14,-0.889,0.597));
#11340 = DIRECTION('',(0.,1.,0.));
#11341 = DIRECTION('',(0.,-0.,1.));
#11342 = ORIENTED_EDGE('',*,*,#11343,.T.);
#11343 = EDGE_CURVE('',#11335,#11344,#11346,.T.);
#11344 = VERTEX_POINT('',#11345);
#11345 = CARTESIAN_POINT('',(2.462,-0.889,0.377));
#11346 = LINE('',#11347,#11348);
#11347 = CARTESIAN_POINT('',(2.385,-0.889,0.663));
#11348 = VECTOR('',#11349,1.);
#11349 = DIRECTION('',(0.258969313954,0.,-0.965885549343));
#11350 = ORIENTED_EDGE('',*,*,#11351,.T.);
#11351 = EDGE_CURVE('',#11344,#11352,#11354,.T.);
#11352 = VERTEX_POINT('',#11353);
#11353 = CARTESIAN_POINT('',(2.953,-0.889,0.));
#11354 = CIRCLE('',#11355,0.508);
#11355 = AXIS2_PLACEMENT_3D('',#11356,#11357,#11358);
#11356 = CARTESIAN_POINT('',(2.953,-0.889,0.508));
#11357 = DIRECTION('',(0.,-1.,0.));
#11358 = DIRECTION('',(0.,0.,1.));
#11359 = ORIENTED_EDGE('',*,*,#11360,.T.);
#11360 = EDGE_CURVE('',#11352,#11361,#11363,.T.);
#11361 = VERTEX_POINT('',#11362);
#11362 = CARTESIAN_POINT('',(3.099,-0.889,0.));
#11363 = LINE('',#11364,#11365);
#11364 = CARTESIAN_POINT('',(2.953,-0.889,0.));
#11365 = VECTOR('',#11366,1.);
#11366 = DIRECTION('',(1.,0.,0.));
#11367 = ORIENTED_EDGE('',*,*,#11368,.T.);
#11368 = EDGE_CURVE('',#11361,#11369,#11371,.T.);
#11369 = VERTEX_POINT('',#11370);
#11370 = CARTESIAN_POINT('',(3.099,-0.889,0.254));
#11371 = LINE('',#11372,#11373);
#11372 = CARTESIAN_POINT('',(3.099,-0.889,0.));
#11373 = VECTOR('',#11374,1.);
#11374 = DIRECTION('',(0.,0.,1.));
#11375 = ORIENTED_EDGE('',*,*,#11376,.T.);
#11376 = EDGE_CURVE('',#11369,#11377,#11379,.T.);
#11377 = VERTEX_POINT('',#11378);
#11378 = CARTESIAN_POINT('',(2.953,-0.889,0.254));
#11379 = LINE('',#11380,#11381);
#11380 = CARTESIAN_POINT('',(3.099,-0.889,0.254));
#11381 = VECTOR('',#11382,1.);
#11382 = DIRECTION('',(-1.,0.,0.));
#11383 = ORIENTED_EDGE('',*,*,#11384,.T.);
#11384 = EDGE_CURVE('',#11377,#11385,#11387,.T.);
#11385 = VERTEX_POINT('',#11386);
#11386 = CARTESIAN_POINT('',(2.707,-0.889,0.442));
#11387 = CIRCLE('',#11388,0.254);
#11388 = AXIS2_PLACEMENT_3D('',#11389,#11390,#11391);
#11389 = CARTESIAN_POINT('',(2.953,-0.889,0.508));
#11390 = DIRECTION('',(0.,1.,0.));
#11391 = DIRECTION('',(0.,-0.,1.));
#11392 = ORIENTED_EDGE('',*,*,#11393,.T.);
#11393 = EDGE_CURVE('',#11385,#11394,#11396,.T.);
#11394 = VERTEX_POINT('',#11395);
#11395 = CARTESIAN_POINT('',(2.631,-0.889,0.728));
#11396 = LINE('',#11397,#11398);
#11397 = CARTESIAN_POINT('',(2.707,-0.889,0.442));
#11398 = VECTOR('',#11399,1.);
#11399 = DIRECTION('',(-0.258969313954,0.,0.965885549343));
#11400 = ORIENTED_EDGE('',*,*,#11401,.T.);
#11401 = EDGE_CURVE('',#11394,#11309,#11402,.T.);
#11402 = CIRCLE('',#11403,0.508);
#11403 = AXIS2_PLACEMENT_3D('',#11404,#11405,#11406);
#11404 = CARTESIAN_POINT('',(2.14,-0.889,0.597));
#11405 = DIRECTION('',(0.,-1.,0.));
#11406 = DIRECTION('',(0.,0.,1.));
#11407 = PLANE('',#11408);
#11408 = AXIS2_PLACEMENT_3D('',#11409,#11410,#11411);
#11409 = CARTESIAN_POINT('',(1.994,-0.889,0.851));
#11410 = DIRECTION('',(0.,-1.,0.));
#11411 = DIRECTION('',(1.,0.,0.));
#11412 = SHELL_BASED_SURFACE_MODEL('',(#11413));
#11413 = OPEN_SHELL('',(#11414));
#11414 = ADVANCED_FACE('',(#11415),#11517,.T.);
#11415 = FACE_BOUND('',#11416,.T.);
#11416 = EDGE_LOOP('',(#11417,#11427,#11435,#11443,#11452,#11460,#11469,
    #11477,#11485,#11493,#11502,#11510));
#11417 = ORIENTED_EDGE('',*,*,#11418,.T.);
#11418 = EDGE_CURVE('',#11419,#11421,#11423,.T.);
#11419 = VERTEX_POINT('',#11420);
#11420 = CARTESIAN_POINT('',(2.14,-0.381,0.851));
#11421 = VERTEX_POINT('',#11422);
#11422 = CARTESIAN_POINT('',(1.994,-0.381,0.851));
#11423 = LINE('',#11424,#11425);
#11424 = CARTESIAN_POINT('',(2.14,-0.381,0.851));
#11425 = VECTOR('',#11426,1.);
#11426 = DIRECTION('',(-1.,0.,0.));
#11427 = ORIENTED_EDGE('',*,*,#11428,.T.);
#11428 = EDGE_CURVE('',#11421,#11429,#11431,.T.);
#11429 = VERTEX_POINT('',#11430);
#11430 = CARTESIAN_POINT('',(1.994,-0.381,1.105));
#11431 = LINE('',#11432,#11433);
#11432 = CARTESIAN_POINT('',(1.994,-0.381,0.851));
#11433 = VECTOR('',#11434,1.);
#11434 = DIRECTION('',(0.,0.,1.));
#11435 = ORIENTED_EDGE('',*,*,#11436,.T.);
#11436 = EDGE_CURVE('',#11429,#11437,#11439,.T.);
#11437 = VERTEX_POINT('',#11438);
#11438 = CARTESIAN_POINT('',(2.14,-0.381,1.105));
#11439 = LINE('',#11440,#11441);
#11440 = CARTESIAN_POINT('',(1.994,-0.381,1.105));
#11441 = VECTOR('',#11442,1.);
#11442 = DIRECTION('',(1.,0.,0.));
#11443 = ORIENTED_EDGE('',*,*,#11444,.T.);
#11444 = EDGE_CURVE('',#11437,#11445,#11447,.T.);
#11445 = VERTEX_POINT('',#11446);
#11446 = CARTESIAN_POINT('',(2.631,-0.381,0.728));
#11447 = CIRCLE('',#11448,0.508);
#11448 = AXIS2_PLACEMENT_3D('',#11449,#11450,#11451);
#11449 = CARTESIAN_POINT('',(2.14,-0.381,0.597));
#11450 = DIRECTION('',(0.,1.,0.));
#11451 = DIRECTION('',(0.,-0.,1.));
#11452 = ORIENTED_EDGE('',*,*,#11453,.T.);
#11453 = EDGE_CURVE('',#11445,#11454,#11456,.T.);
#11454 = VERTEX_POINT('',#11455);
#11455 = CARTESIAN_POINT('',(2.707,-0.381,0.442));
#11456 = LINE('',#11457,#11458);
#11457 = CARTESIAN_POINT('',(2.631,-0.381,0.728));
#11458 = VECTOR('',#11459,1.);
#11459 = DIRECTION('',(0.258969313954,0.,-0.965885549343));
#11460 = ORIENTED_EDGE('',*,*,#11461,.T.);
#11461 = EDGE_CURVE('',#11454,#11462,#11464,.T.);
#11462 = VERTEX_POINT('',#11463);
#11463 = CARTESIAN_POINT('',(2.953,-0.381,0.254));
#11464 = CIRCLE('',#11465,0.254);
#11465 = AXIS2_PLACEMENT_3D('',#11466,#11467,#11468);
#11466 = CARTESIAN_POINT('',(2.953,-0.381,0.508));
#11467 = DIRECTION('',(0.,-1.,0.));
#11468 = DIRECTION('',(0.,0.,1.));
#11469 = ORIENTED_EDGE('',*,*,#11470,.T.);
#11470 = EDGE_CURVE('',#11462,#11471,#11473,.T.);
#11471 = VERTEX_POINT('',#11472);
#11472 = CARTESIAN_POINT('',(3.099,-0.381,0.254));
#11473 = LINE('',#11474,#11475);
#11474 = CARTESIAN_POINT('',(2.953,-0.381,0.254));
#11475 = VECTOR('',#11476,1.);
#11476 = DIRECTION('',(1.,0.,0.));
#11477 = ORIENTED_EDGE('',*,*,#11478,.T.);
#11478 = EDGE_CURVE('',#11471,#11479,#11481,.T.);
#11479 = VERTEX_POINT('',#11480);
#11480 = CARTESIAN_POINT('',(3.099,-0.381,0.));
#11481 = LINE('',#11482,#11483);
#11482 = CARTESIAN_POINT('',(3.099,-0.381,0.254));
#11483 = VECTOR('',#11484,1.);
#11484 = DIRECTION('',(0.,0.,-1.));
#11485 = ORIENTED_EDGE('',*,*,#11486,.T.);
#11486 = EDGE_CURVE('',#11479,#11487,#11489,.T.);
#11487 = VERTEX_POINT('',#11488);
#11488 = CARTESIAN_POINT('',(2.953,-0.381,0.));
#11489 = LINE('',#11490,#11491);
#11490 = CARTESIAN_POINT('',(3.099,-0.381,0.));
#11491 = VECTOR('',#11492,1.);
#11492 = DIRECTION('',(-1.,0.,0.));
#11493 = ORIENTED_EDGE('',*,*,#11494,.T.);
#11494 = EDGE_CURVE('',#11487,#11495,#11497,.T.);
#11495 = VERTEX_POINT('',#11496);
#11496 = CARTESIAN_POINT('',(2.462,-0.381,0.377));
#11497 = CIRCLE('',#11498,0.508);
#11498 = AXIS2_PLACEMENT_3D('',#11499,#11500,#11501);
#11499 = CARTESIAN_POINT('',(2.953,-0.381,0.508));
#11500 = DIRECTION('',(0.,1.,0.));
#11501 = DIRECTION('',(0.,-0.,1.));
#11502 = ORIENTED_EDGE('',*,*,#11503,.T.);
#11503 = EDGE_CURVE('',#11495,#11504,#11506,.T.);
#11504 = VERTEX_POINT('',#11505);
#11505 = CARTESIAN_POINT('',(2.385,-0.381,0.663));
#11506 = LINE('',#11507,#11508);
#11507 = CARTESIAN_POINT('',(2.462,-0.381,0.377));
#11508 = VECTOR('',#11509,1.);
#11509 = DIRECTION('',(-0.258969313954,0.,0.965885549343));
#11510 = ORIENTED_EDGE('',*,*,#11511,.T.);
#11511 = EDGE_CURVE('',#11504,#11419,#11512,.T.);
#11512 = CIRCLE('',#11513,0.254);
#11513 = AXIS2_PLACEMENT_3D('',#11514,#11515,#11516);
#11514 = CARTESIAN_POINT('',(2.14,-0.381,0.597));
#11515 = DIRECTION('',(0.,-1.,0.));
#11516 = DIRECTION('',(0.,0.,1.));
#11517 = PLANE('',#11518);
#11518 = AXIS2_PLACEMENT_3D('',#11519,#11520,#11521);
#11519 = CARTESIAN_POINT('',(2.953,-0.381,0.254));
#11520 = DIRECTION('',(0.,1.,0.));
#11521 = DIRECTION('',(1.,0.,0.));
#11522 = SHELL_BASED_SURFACE_MODEL('',(#11523));
#11523 = OPEN_SHELL('',(#11524));
#11524 = ADVANCED_FACE('',(#11525),#11559,.F.);
#11525 = FACE_BOUND('',#11526,.T.);
#11526 = EDGE_LOOP('',(#11527,#11537,#11545,#11553));
#11527 = ORIENTED_EDGE('',*,*,#11528,.F.);
#11528 = EDGE_CURVE('',#11529,#11531,#11533,.T.);
#11529 = VERTEX_POINT('',#11530);
#11530 = CARTESIAN_POINT('',(1.994,0.381,0.851));
#11531 = VERTEX_POINT('',#11532);
#11532 = CARTESIAN_POINT('',(1.994,0.889,0.851));
#11533 = LINE('',#11534,#11535);
#11534 = CARTESIAN_POINT('',(1.994,0.381,0.851));
#11535 = VECTOR('',#11536,1.);
#11536 = DIRECTION('',(0.,1.,0.));
#11537 = ORIENTED_EDGE('',*,*,#11538,.F.);
#11538 = EDGE_CURVE('',#11539,#11529,#11541,.T.);
#11539 = VERTEX_POINT('',#11540);
#11540 = CARTESIAN_POINT('',(1.994,0.381,1.105));
#11541 = LINE('',#11542,#11543);
#11542 = CARTESIAN_POINT('',(1.994,0.381,1.105));
#11543 = VECTOR('',#11544,1.);
#11544 = DIRECTION('',(0.,0.,-1.));
#11545 = ORIENTED_EDGE('',*,*,#11546,.F.);
#11546 = EDGE_CURVE('',#11547,#11539,#11549,.T.);
#11547 = VERTEX_POINT('',#11548);
#11548 = CARTESIAN_POINT('',(1.994,0.889,1.105));
#11549 = LINE('',#11550,#11551);
#11550 = CARTESIAN_POINT('',(1.994,0.889,1.105));
#11551 = VECTOR('',#11552,1.);
#11552 = DIRECTION('',(0.,-1.,0.));
#11553 = ORIENTED_EDGE('',*,*,#11554,.F.);
#11554 = EDGE_CURVE('',#11531,#11547,#11555,.T.);
#11555 = LINE('',#11556,#11557);
#11556 = CARTESIAN_POINT('',(1.994,0.889,0.851));
#11557 = VECTOR('',#11558,1.);
#11558 = DIRECTION('',(0.,0.,1.));
#11559 = PLANE('',#11560);
#11560 = AXIS2_PLACEMENT_3D('',#11561,#11562,#11563);
#11561 = CARTESIAN_POINT('',(1.994,0.889,0.851));
#11562 = DIRECTION('',(1.,0.,0.));
#11563 = DIRECTION('',(0.,0.,1.));
#11564 = SHELL_BASED_SURFACE_MODEL('',(#11565));
#11565 = OPEN_SHELL('',(#11566));
#11566 = ADVANCED_FACE('',(#11567),#11601,.F.);
#11567 = FACE_BOUND('',#11568,.T.);
#11568 = EDGE_LOOP('',(#11569,#11579,#11587,#11595));
#11569 = ORIENTED_EDGE('',*,*,#11570,.F.);
#11570 = EDGE_CURVE('',#11571,#11573,#11575,.T.);
#11571 = VERTEX_POINT('',#11572);
#11572 = CARTESIAN_POINT('',(1.994,0.381,1.105));
#11573 = VERTEX_POINT('',#11574);
#11574 = CARTESIAN_POINT('',(1.994,0.889,1.105));
#11575 = LINE('',#11576,#11577);
#11576 = CARTESIAN_POINT('',(1.994,0.381,1.105));
#11577 = VECTOR('',#11578,1.);
#11578 = DIRECTION('',(0.,1.,0.));
#11579 = ORIENTED_EDGE('',*,*,#11580,.F.);
#11580 = EDGE_CURVE('',#11581,#11571,#11583,.T.);
#11581 = VERTEX_POINT('',#11582);
#11582 = CARTESIAN_POINT('',(2.14,0.381,1.105));
#11583 = LINE('',#11584,#11585);
#11584 = CARTESIAN_POINT('',(2.14,0.381,1.105));
#11585 = VECTOR('',#11586,1.);
#11586 = DIRECTION('',(-1.,0.,0.));
#11587 = ORIENTED_EDGE('',*,*,#11588,.F.);
#11588 = EDGE_CURVE('',#11589,#11581,#11591,.T.);
#11589 = VERTEX_POINT('',#11590);
#11590 = CARTESIAN_POINT('',(2.14,0.889,1.105));
#11591 = LINE('',#11592,#11593);
#11592 = CARTESIAN_POINT('',(2.14,0.889,1.105));
#11593 = VECTOR('',#11594,1.);
#11594 = DIRECTION('',(0.,-1.,0.));
#11595 = ORIENTED_EDGE('',*,*,#11596,.F.);
#11596 = EDGE_CURVE('',#11573,#11589,#11597,.T.);
#11597 = LINE('',#11598,#11599);
#11598 = CARTESIAN_POINT('',(1.994,0.889,1.105));
#11599 = VECTOR('',#11600,1.);
#11600 = DIRECTION('',(1.,0.,0.));
#11601 = PLANE('',#11602);
#11602 = AXIS2_PLACEMENT_3D('',#11603,#11604,#11605);
#11603 = CARTESIAN_POINT('',(1.994,0.889,1.105));
#11604 = DIRECTION('',(0.,0.,-1.));
#11605 = DIRECTION('',(0.,1.,0.));
#11606 = SHELL_BASED_SURFACE_MODEL('',(#11607));
#11607 = OPEN_SHELL('',(#11608));
#11608 = ADVANCED_FACE('',(#11609),#11643,.F.);
#11609 = FACE_BOUND('',#11610,.T.);
#11610 = EDGE_LOOP('',(#11611,#11621,#11629,#11637));
#11611 = ORIENTED_EDGE('',*,*,#11612,.F.);
#11612 = EDGE_CURVE('',#11613,#11615,#11617,.T.);
#11613 = VERTEX_POINT('',#11614);
#11614 = CARTESIAN_POINT('',(1.994,0.889,0.851));
#11615 = VERTEX_POINT('',#11616);
#11616 = CARTESIAN_POINT('',(1.994,0.381,0.851));
#11617 = LINE('',#11618,#11619);
#11618 = CARTESIAN_POINT('',(1.994,0.889,0.851));
#11619 = VECTOR('',#11620,1.);
#11620 = DIRECTION('',(0.,-1.,0.));
#11621 = ORIENTED_EDGE('',*,*,#11622,.F.);
#11622 = EDGE_CURVE('',#11623,#11613,#11625,.T.);
#11623 = VERTEX_POINT('',#11624);
#11624 = CARTESIAN_POINT('',(2.14,0.889,0.851));
#11625 = LINE('',#11626,#11627);
#11626 = CARTESIAN_POINT('',(2.14,0.889,0.851));
#11627 = VECTOR('',#11628,1.);
#11628 = DIRECTION('',(-1.,0.,0.));
#11629 = ORIENTED_EDGE('',*,*,#11630,.F.);
#11630 = EDGE_CURVE('',#11631,#11623,#11633,.T.);
#11631 = VERTEX_POINT('',#11632);
#11632 = CARTESIAN_POINT('',(2.14,0.381,0.851));
#11633 = LINE('',#11634,#11635);
#11634 = CARTESIAN_POINT('',(2.14,0.381,0.851));
#11635 = VECTOR('',#11636,1.);
#11636 = DIRECTION('',(0.,1.,0.));
#11637 = ORIENTED_EDGE('',*,*,#11638,.F.);
#11638 = EDGE_CURVE('',#11615,#11631,#11639,.T.);
#11639 = LINE('',#11640,#11641);
#11640 = CARTESIAN_POINT('',(1.994,0.381,0.851));
#11641 = VECTOR('',#11642,1.);
#11642 = DIRECTION('',(1.,0.,0.));
#11643 = PLANE('',#11644);
#11644 = AXIS2_PLACEMENT_3D('',#11645,#11646,#11647);
#11645 = CARTESIAN_POINT('',(1.994,0.381,0.851));
#11646 = DIRECTION('',(0.,0.,1.));
#11647 = DIRECTION('',(0.,1.,0.));
#11648 = SHELL_BASED_SURFACE_MODEL('',(#11649));
#11649 = OPEN_SHELL('',(#11650));
#11650 = ADVANCED_FACE('',(#11651),#11685,.F.);
#11651 = FACE_BOUND('',#11652,.F.);
#11652 = EDGE_LOOP('',(#11653,#11663,#11671,#11679));
#11653 = ORIENTED_EDGE('',*,*,#11654,.T.);
#11654 = EDGE_CURVE('',#11655,#11657,#11659,.T.);
#11655 = VERTEX_POINT('',#11656);
#11656 = CARTESIAN_POINT('',(2.707,0.381,0.442));
#11657 = VERTEX_POINT('',#11658);
#11658 = CARTESIAN_POINT('',(2.631,0.381,0.728));
#11659 = LINE('',#11660,#11661);
#11660 = CARTESIAN_POINT('',(2.707,0.381,0.442));
#11661 = VECTOR('',#11662,1.);
#11662 = DIRECTION('',(-0.258969313954,0.,0.965885549343));
#11663 = ORIENTED_EDGE('',*,*,#11664,.T.);
#11664 = EDGE_CURVE('',#11657,#11665,#11667,.T.);
#11665 = VERTEX_POINT('',#11666);
#11666 = CARTESIAN_POINT('',(2.631,0.889,0.728));
#11667 = LINE('',#11668,#11669);
#11668 = CARTESIAN_POINT('',(2.631,0.381,0.728));
#11669 = VECTOR('',#11670,1.);
#11670 = DIRECTION('',(0.,1.,0.));
#11671 = ORIENTED_EDGE('',*,*,#11672,.T.);
#11672 = EDGE_CURVE('',#11665,#11673,#11675,.T.);
#11673 = VERTEX_POINT('',#11674);
#11674 = CARTESIAN_POINT('',(2.707,0.889,0.442));
#11675 = LINE('',#11676,#11677);
#11676 = CARTESIAN_POINT('',(2.631,0.889,0.728));
#11677 = VECTOR('',#11678,1.);
#11678 = DIRECTION('',(0.258969313954,0.,-0.965885549343));
#11679 = ORIENTED_EDGE('',*,*,#11680,.T.);
#11680 = EDGE_CURVE('',#11673,#11655,#11681,.T.);
#11681 = LINE('',#11682,#11683);
#11682 = CARTESIAN_POINT('',(2.707,0.889,0.442));
#11683 = VECTOR('',#11684,1.);
#11684 = DIRECTION('',(0.,-1.,0.));
#11685 = PLANE('',#11686);
#11686 = AXIS2_PLACEMENT_3D('',#11687,#11688,#11689);
#11687 = CARTESIAN_POINT('',(2.707,0.381,0.442));
#11688 = DIRECTION('',(-0.965885549343,0.,-0.258969313954));
#11689 = DIRECTION('',(-0.258969313954,0.,0.965885549343));
#11690 = SHELL_BASED_SURFACE_MODEL('',(#11691));
#11691 = OPEN_SHELL('',(#11692));
#11692 = ADVANCED_FACE('',(#11693),#11727,.F.);
#11693 = FACE_BOUND('',#11694,.F.);
#11694 = EDGE_LOOP('',(#11695,#11705,#11713,#11721));
#11695 = ORIENTED_EDGE('',*,*,#11696,.T.);
#11696 = EDGE_CURVE('',#11697,#11699,#11701,.T.);
#11697 = VERTEX_POINT('',#11698);
#11698 = CARTESIAN_POINT('',(2.462,0.889,0.377));
#11699 = VERTEX_POINT('',#11700);
#11700 = CARTESIAN_POINT('',(2.385,0.889,0.663));
#11701 = LINE('',#11702,#11703);
#11702 = CARTESIAN_POINT('',(2.462,0.889,0.377));
#11703 = VECTOR('',#11704,1.);
#11704 = DIRECTION('',(-0.258969313954,0.,0.965885549343));
#11705 = ORIENTED_EDGE('',*,*,#11706,.T.);
#11706 = EDGE_CURVE('',#11699,#11707,#11709,.T.);
#11707 = VERTEX_POINT('',#11708);
#11708 = CARTESIAN_POINT('',(2.385,0.381,0.663));
#11709 = LINE('',#11710,#11711);
#11710 = CARTESIAN_POINT('',(2.385,0.889,0.663));
#11711 = VECTOR('',#11712,1.);
#11712 = DIRECTION('',(0.,-1.,0.));
#11713 = ORIENTED_EDGE('',*,*,#11714,.T.);
#11714 = EDGE_CURVE('',#11707,#11715,#11717,.T.);
#11715 = VERTEX_POINT('',#11716);
#11716 = CARTESIAN_POINT('',(2.462,0.381,0.377));
#11717 = LINE('',#11718,#11719);
#11718 = CARTESIAN_POINT('',(2.385,0.381,0.663));
#11719 = VECTOR('',#11720,1.);
#11720 = DIRECTION('',(0.258969313954,0.,-0.965885549343));
#11721 = ORIENTED_EDGE('',*,*,#11722,.T.);
#11722 = EDGE_CURVE('',#11715,#11697,#11723,.T.);
#11723 = LINE('',#11724,#11725);
#11724 = CARTESIAN_POINT('',(2.462,0.381,0.377));
#11725 = VECTOR('',#11726,1.);
#11726 = DIRECTION('',(0.,1.,0.));
#11727 = PLANE('',#11728);
#11728 = AXIS2_PLACEMENT_3D('',#11729,#11730,#11731);
#11729 = CARTESIAN_POINT('',(2.462,0.889,0.377));
#11730 = DIRECTION('',(0.965885549343,0.,0.258969313954));
#11731 = DIRECTION('',(-0.258969313954,0.,0.965885549343));
#11732 = SHELL_BASED_SURFACE_MODEL('',(#11733));
#11733 = OPEN_SHELL('',(#11734));
#11734 = ADVANCED_FACE('',(#11735),#11769,.F.);
#11735 = FACE_BOUND('',#11736,.T.);
#11736 = EDGE_LOOP('',(#11737,#11747,#11755,#11763));
#11737 = ORIENTED_EDGE('',*,*,#11738,.F.);
#11738 = EDGE_CURVE('',#11739,#11741,#11743,.T.);
#11739 = VERTEX_POINT('',#11740);
#11740 = CARTESIAN_POINT('',(3.099,0.889,0.254));
#11741 = VERTEX_POINT('',#11742);
#11742 = CARTESIAN_POINT('',(3.099,0.381,0.254));
#11743 = LINE('',#11744,#11745);
#11744 = CARTESIAN_POINT('',(3.099,0.889,0.254));
#11745 = VECTOR('',#11746,1.);
#11746 = DIRECTION('',(0.,-1.,0.));
#11747 = ORIENTED_EDGE('',*,*,#11748,.F.);
#11748 = EDGE_CURVE('',#11749,#11739,#11751,.T.);
#11749 = VERTEX_POINT('',#11750);
#11750 = CARTESIAN_POINT('',(2.953,0.889,0.254));
#11751 = LINE('',#11752,#11753);
#11752 = CARTESIAN_POINT('',(2.953,0.889,0.254));
#11753 = VECTOR('',#11754,1.);
#11754 = DIRECTION('',(1.,0.,0.));
#11755 = ORIENTED_EDGE('',*,*,#11756,.F.);
#11756 = EDGE_CURVE('',#11757,#11749,#11759,.T.);
#11757 = VERTEX_POINT('',#11758);
#11758 = CARTESIAN_POINT('',(2.953,0.381,0.254));
#11759 = LINE('',#11760,#11761);
#11760 = CARTESIAN_POINT('',(2.953,0.381,0.254));
#11761 = VECTOR('',#11762,1.);
#11762 = DIRECTION('',(0.,1.,0.));
#11763 = ORIENTED_EDGE('',*,*,#11764,.F.);
#11764 = EDGE_CURVE('',#11741,#11757,#11765,.T.);
#11765 = LINE('',#11766,#11767);
#11766 = CARTESIAN_POINT('',(3.099,0.381,0.254));
#11767 = VECTOR('',#11768,1.);
#11768 = DIRECTION('',(-1.,0.,0.));
#11769 = PLANE('',#11770);
#11770 = AXIS2_PLACEMENT_3D('',#11771,#11772,#11773);
#11771 = CARTESIAN_POINT('',(3.099,0.381,0.254));
#11772 = DIRECTION('',(0.,0.,-1.));
#11773 = DIRECTION('',(0.,1.,0.));
#11774 = SHELL_BASED_SURFACE_MODEL('',(#11775));
#11775 = OPEN_SHELL('',(#11776));
#11776 = ADVANCED_FACE('',(#11777),#11811,.F.);
#11777 = FACE_BOUND('',#11778,.T.);
#11778 = EDGE_LOOP('',(#11779,#11789,#11797,#11805));
#11779 = ORIENTED_EDGE('',*,*,#11780,.F.);
#11780 = EDGE_CURVE('',#11781,#11783,#11785,.T.);
#11781 = VERTEX_POINT('',#11782);
#11782 = CARTESIAN_POINT('',(2.953,0.889,0.));
#11783 = VERTEX_POINT('',#11784);
#11784 = CARTESIAN_POINT('',(2.953,0.381,0.));
#11785 = LINE('',#11786,#11787);
#11786 = CARTESIAN_POINT('',(2.953,0.889,0.));
#11787 = VECTOR('',#11788,1.);
#11788 = DIRECTION('',(0.,-1.,0.));
#11789 = ORIENTED_EDGE('',*,*,#11790,.F.);
#11790 = EDGE_CURVE('',#11791,#11781,#11793,.T.);
#11791 = VERTEX_POINT('',#11792);
#11792 = CARTESIAN_POINT('',(3.099,0.889,0.));
#11793 = LINE('',#11794,#11795);
#11794 = CARTESIAN_POINT('',(3.099,0.889,0.));
#11795 = VECTOR('',#11796,1.);
#11796 = DIRECTION('',(-1.,0.,0.));
#11797 = ORIENTED_EDGE('',*,*,#11798,.F.);
#11798 = EDGE_CURVE('',#11799,#11791,#11801,.T.);
#11799 = VERTEX_POINT('',#11800);
#11800 = CARTESIAN_POINT('',(3.099,0.381,0.));
#11801 = LINE('',#11802,#11803);
#11802 = CARTESIAN_POINT('',(3.099,0.381,0.));
#11803 = VECTOR('',#11804,1.);
#11804 = DIRECTION('',(0.,1.,0.));
#11805 = ORIENTED_EDGE('',*,*,#11806,.F.);
#11806 = EDGE_CURVE('',#11783,#11799,#11807,.T.);
#11807 = LINE('',#11808,#11809);
#11808 = CARTESIAN_POINT('',(2.953,0.381,0.));
#11809 = VECTOR('',#11810,1.);
#11810 = DIRECTION('',(1.,0.,0.));
#11811 = PLANE('',#11812);
#11812 = AXIS2_PLACEMENT_3D('',#11813,#11814,#11815);
#11813 = CARTESIAN_POINT('',(2.953,0.381,0.));
#11814 = DIRECTION('',(0.,0.,1.));
#11815 = DIRECTION('',(0.,1.,0.));
#11816 = SHELL_BASED_SURFACE_MODEL('',(#11817));
#11817 = OPEN_SHELL('',(#11818));
#11818 = ADVANCED_FACE('',(#11819),#11853,.F.);
#11819 = FACE_BOUND('',#11820,.T.);
#11820 = EDGE_LOOP('',(#11821,#11831,#11839,#11847));
#11821 = ORIENTED_EDGE('',*,*,#11822,.F.);
#11822 = EDGE_CURVE('',#11823,#11825,#11827,.T.);
#11823 = VERTEX_POINT('',#11824);
#11824 = CARTESIAN_POINT('',(3.099,0.889,0.));
#11825 = VERTEX_POINT('',#11826);
#11826 = CARTESIAN_POINT('',(3.099,0.381,0.));
#11827 = LINE('',#11828,#11829);
#11828 = CARTESIAN_POINT('',(3.099,0.889,0.));
#11829 = VECTOR('',#11830,1.);
#11830 = DIRECTION('',(0.,-1.,0.));
#11831 = ORIENTED_EDGE('',*,*,#11832,.F.);
#11832 = EDGE_CURVE('',#11833,#11823,#11835,.T.);
#11833 = VERTEX_POINT('',#11834);
#11834 = CARTESIAN_POINT('',(3.099,0.889,0.254));
#11835 = LINE('',#11836,#11837);
#11836 = CARTESIAN_POINT('',(3.099,0.889,0.254));
#11837 = VECTOR('',#11838,1.);
#11838 = DIRECTION('',(0.,0.,-1.));
#11839 = ORIENTED_EDGE('',*,*,#11840,.F.);
#11840 = EDGE_CURVE('',#11841,#11833,#11843,.T.);
#11841 = VERTEX_POINT('',#11842);
#11842 = CARTESIAN_POINT('',(3.099,0.381,0.254));
#11843 = LINE('',#11844,#11845);
#11844 = CARTESIAN_POINT('',(3.099,0.381,0.254));
#11845 = VECTOR('',#11846,1.);
#11846 = DIRECTION('',(0.,1.,0.));
#11847 = ORIENTED_EDGE('',*,*,#11848,.F.);
#11848 = EDGE_CURVE('',#11825,#11841,#11849,.T.);
#11849 = LINE('',#11850,#11851);
#11850 = CARTESIAN_POINT('',(3.099,0.381,0.));
#11851 = VECTOR('',#11852,1.);
#11852 = DIRECTION('',(0.,0.,1.));
#11853 = PLANE('',#11854);
#11854 = AXIS2_PLACEMENT_3D('',#11855,#11856,#11857);
#11855 = CARTESIAN_POINT('',(3.099,0.381,0.));
#11856 = DIRECTION('',(-1.,0.,0.));
#11857 = DIRECTION('',(0.,0.,1.));
#11858 = SHELL_BASED_SURFACE_MODEL('',(#11859));
#11859 = OPEN_SHELL('',(#11860));
#11860 = ADVANCED_FACE('',(#11861),#11897,.T.);
#11861 = FACE_BOUND('',#11862,.T.);
#11862 = EDGE_LOOP('',(#11863,#11874,#11882,#11891));
#11863 = ORIENTED_EDGE('',*,*,#11864,.T.);
#11864 = EDGE_CURVE('',#11865,#11867,#11869,.T.);
#11865 = VERTEX_POINT('',#11866);
#11866 = CARTESIAN_POINT('',(2.14,0.381,1.105));
#11867 = VERTEX_POINT('',#11868);
#11868 = CARTESIAN_POINT('',(2.631,0.381,0.728));
#11869 = CIRCLE('',#11870,0.508);
#11870 = AXIS2_PLACEMENT_3D('',#11871,#11872,#11873);
#11871 = CARTESIAN_POINT('',(2.14,0.381,0.597));
#11872 = DIRECTION('',(0.,1.,0.));
#11873 = DIRECTION('',(0.,-0.,1.));
#11874 = ORIENTED_EDGE('',*,*,#11875,.T.);
#11875 = EDGE_CURVE('',#11867,#11876,#11878,.T.);
#11876 = VERTEX_POINT('',#11877);
#11877 = CARTESIAN_POINT('',(2.631,0.889,0.728));
#11878 = LINE('',#11879,#11880);
#11879 = CARTESIAN_POINT('',(2.631,0.381,0.728));
#11880 = VECTOR('',#11881,1.);
#11881 = DIRECTION('',(0.,1.,0.));
#11882 = ORIENTED_EDGE('',*,*,#11883,.F.);
#11883 = EDGE_CURVE('',#11884,#11876,#11886,.T.);
#11884 = VERTEX_POINT('',#11885);
#11885 = CARTESIAN_POINT('',(2.14,0.889,1.105));
#11886 = CIRCLE('',#11887,0.508);
#11887 = AXIS2_PLACEMENT_3D('',#11888,#11889,#11890);
#11888 = CARTESIAN_POINT('',(2.14,0.889,0.597));
#11889 = DIRECTION('',(0.,1.,0.));
#11890 = DIRECTION('',(0.,-0.,1.));
#11891 = ORIENTED_EDGE('',*,*,#11892,.F.);
#11892 = EDGE_CURVE('',#11865,#11884,#11893,.T.);
#11893 = LINE('',#11894,#11895);
#11894 = CARTESIAN_POINT('',(2.14,0.381,1.105));
#11895 = VECTOR('',#11896,1.);
#11896 = DIRECTION('',(0.,1.,0.));
#11897 = CYLINDRICAL_SURFACE('',#11898,0.508);
#11898 = AXIS2_PLACEMENT_3D('',#11899,#11900,#11901);
#11899 = CARTESIAN_POINT('',(2.14,0.889,0.597));
#11900 = DIRECTION('',(0.,-1.,0.));
#11901 = DIRECTION('',(0.,0.,1.));
#11902 = SHELL_BASED_SURFACE_MODEL('',(#11903));
#11903 = OPEN_SHELL('',(#11904));
#11904 = ADVANCED_FACE('',(#11905),#11941,.F.);
#11905 = FACE_BOUND('',#11906,.F.);
#11906 = EDGE_LOOP('',(#11907,#11917,#11926,#11934));
#11907 = ORIENTED_EDGE('',*,*,#11908,.T.);
#11908 = EDGE_CURVE('',#11909,#11911,#11913,.T.);
#11909 = VERTEX_POINT('',#11910);
#11910 = CARTESIAN_POINT('',(2.14,0.889,0.851));
#11911 = VERTEX_POINT('',#11912);
#11912 = CARTESIAN_POINT('',(2.14,0.381,0.851));
#11913 = LINE('',#11914,#11915);
#11914 = CARTESIAN_POINT('',(2.14,0.889,0.851));
#11915 = VECTOR('',#11916,1.);
#11916 = DIRECTION('',(0.,-1.,0.));
#11917 = ORIENTED_EDGE('',*,*,#11918,.T.);
#11918 = EDGE_CURVE('',#11911,#11919,#11921,.T.);
#11919 = VERTEX_POINT('',#11920);
#11920 = CARTESIAN_POINT('',(2.385,0.381,0.663));
#11921 = CIRCLE('',#11922,0.254);
#11922 = AXIS2_PLACEMENT_3D('',#11923,#11924,#11925);
#11923 = CARTESIAN_POINT('',(2.14,0.381,0.597));
#11924 = DIRECTION('',(0.,1.,0.));
#11925 = DIRECTION('',(0.,-0.,1.));
#11926 = ORIENTED_EDGE('',*,*,#11927,.F.);
#11927 = EDGE_CURVE('',#11928,#11919,#11930,.T.);
#11928 = VERTEX_POINT('',#11929);
#11929 = CARTESIAN_POINT('',(2.385,0.889,0.663));
#11930 = LINE('',#11931,#11932);
#11931 = CARTESIAN_POINT('',(2.385,0.889,0.663));
#11932 = VECTOR('',#11933,1.);
#11933 = DIRECTION('',(0.,-1.,0.));
#11934 = ORIENTED_EDGE('',*,*,#11935,.F.);
#11935 = EDGE_CURVE('',#11909,#11928,#11936,.T.);
#11936 = CIRCLE('',#11937,0.254);
#11937 = AXIS2_PLACEMENT_3D('',#11938,#11939,#11940);
#11938 = CARTESIAN_POINT('',(2.14,0.889,0.597));
#11939 = DIRECTION('',(0.,1.,0.));
#11940 = DIRECTION('',(0.,-0.,1.));
#11941 = CYLINDRICAL_SURFACE('',#11942,0.254);
#11942 = AXIS2_PLACEMENT_3D('',#11943,#11944,#11945);
#11943 = CARTESIAN_POINT('',(2.14,0.889,0.597));
#11944 = DIRECTION('',(0.,1.,0.));
#11945 = DIRECTION('',(0.,0.,-1.));
#11946 = SHELL_BASED_SURFACE_MODEL('',(#11947));
#11947 = OPEN_SHELL('',(#11948));
#11948 = ADVANCED_FACE('',(#11949),#11985,.F.);
#11949 = FACE_BOUND('',#11950,.F.);
#11950 = EDGE_LOOP('',(#11951,#11962,#11970,#11979));
#11951 = ORIENTED_EDGE('',*,*,#11952,.T.);
#11952 = EDGE_CURVE('',#11953,#11955,#11957,.T.);
#11953 = VERTEX_POINT('',#11954);
#11954 = CARTESIAN_POINT('',(2.953,0.381,0.254));
#11955 = VERTEX_POINT('',#11956);
#11956 = CARTESIAN_POINT('',(2.707,0.381,0.442));
#11957 = CIRCLE('',#11958,0.254);
#11958 = AXIS2_PLACEMENT_3D('',#11959,#11960,#11961);
#11959 = CARTESIAN_POINT('',(2.953,0.381,0.508));
#11960 = DIRECTION('',(0.,1.,0.));
#11961 = DIRECTION('',(0.,-0.,1.));
#11962 = ORIENTED_EDGE('',*,*,#11963,.T.);
#11963 = EDGE_CURVE('',#11955,#11964,#11966,.T.);
#11964 = VERTEX_POINT('',#11965);
#11965 = CARTESIAN_POINT('',(2.707,0.889,0.442));
#11966 = LINE('',#11967,#11968);
#11967 = CARTESIAN_POINT('',(2.707,0.381,0.442));
#11968 = VECTOR('',#11969,1.);
#11969 = DIRECTION('',(0.,1.,0.));
#11970 = ORIENTED_EDGE('',*,*,#11971,.F.);
#11971 = EDGE_CURVE('',#11972,#11964,#11974,.T.);
#11972 = VERTEX_POINT('',#11973);
#11973 = CARTESIAN_POINT('',(2.953,0.889,0.254));
#11974 = CIRCLE('',#11975,0.254);
#11975 = AXIS2_PLACEMENT_3D('',#11976,#11977,#11978);
#11976 = CARTESIAN_POINT('',(2.953,0.889,0.508));
#11977 = DIRECTION('',(0.,1.,0.));
#11978 = DIRECTION('',(0.,-0.,1.));
#11979 = ORIENTED_EDGE('',*,*,#11980,.F.);
#11980 = EDGE_CURVE('',#11953,#11972,#11981,.T.);
#11981 = LINE('',#11982,#11983);
#11982 = CARTESIAN_POINT('',(2.953,0.381,0.254));
#11983 = VECTOR('',#11984,1.);
#11984 = DIRECTION('',(0.,1.,0.));
#11985 = CYLINDRICAL_SURFACE('',#11986,0.254);
#11986 = AXIS2_PLACEMENT_3D('',#11987,#11988,#11989);
#11987 = CARTESIAN_POINT('',(2.953,0.381,0.508));
#11988 = DIRECTION('',(0.,-1.,0.));
#11989 = DIRECTION('',(0.,0.,-1.));
#11990 = SHELL_BASED_SURFACE_MODEL('',(#11991));
#11991 = OPEN_SHELL('',(#11992));
#11992 = ADVANCED_FACE('',(#11993),#12029,.T.);
#11993 = FACE_BOUND('',#11994,.T.);
#11994 = EDGE_LOOP('',(#11995,#12005,#12014,#12022));
#11995 = ORIENTED_EDGE('',*,*,#11996,.T.);
#11996 = EDGE_CURVE('',#11997,#11999,#12001,.T.);
#11997 = VERTEX_POINT('',#11998);
#11998 = CARTESIAN_POINT('',(2.953,0.889,0.));
#11999 = VERTEX_POINT('',#12000);
#12000 = CARTESIAN_POINT('',(2.953,0.381,0.));
#12001 = LINE('',#12002,#12003);
#12002 = CARTESIAN_POINT('',(2.953,0.889,0.));
#12003 = VECTOR('',#12004,1.);
#12004 = DIRECTION('',(0.,-1.,0.));
#12005 = ORIENTED_EDGE('',*,*,#12006,.T.);
#12006 = EDGE_CURVE('',#11999,#12007,#12009,.T.);
#12007 = VERTEX_POINT('',#12008);
#12008 = CARTESIAN_POINT('',(2.462,0.381,0.377));
#12009 = CIRCLE('',#12010,0.508);
#12010 = AXIS2_PLACEMENT_3D('',#12011,#12012,#12013);
#12011 = CARTESIAN_POINT('',(2.953,0.381,0.508));
#12012 = DIRECTION('',(0.,1.,0.));
#12013 = DIRECTION('',(0.,-0.,1.));
#12014 = ORIENTED_EDGE('',*,*,#12015,.F.);
#12015 = EDGE_CURVE('',#12016,#12007,#12018,.T.);
#12016 = VERTEX_POINT('',#12017);
#12017 = CARTESIAN_POINT('',(2.462,0.889,0.377));
#12018 = LINE('',#12019,#12020);
#12019 = CARTESIAN_POINT('',(2.462,0.889,0.377));
#12020 = VECTOR('',#12021,1.);
#12021 = DIRECTION('',(0.,-1.,0.));
#12022 = ORIENTED_EDGE('',*,*,#12023,.F.);
#12023 = EDGE_CURVE('',#11997,#12016,#12024,.T.);
#12024 = CIRCLE('',#12025,0.508);
#12025 = AXIS2_PLACEMENT_3D('',#12026,#12027,#12028);
#12026 = CARTESIAN_POINT('',(2.953,0.889,0.508));
#12027 = DIRECTION('',(0.,1.,0.));
#12028 = DIRECTION('',(0.,-0.,1.));
#12029 = CYLINDRICAL_SURFACE('',#12030,0.508);
#12030 = AXIS2_PLACEMENT_3D('',#12031,#12032,#12033);
#12031 = CARTESIAN_POINT('',(2.953,0.381,0.508));
#12032 = DIRECTION('',(0.,1.,0.));
#12033 = DIRECTION('',(0.,-0.,1.));
#12034 = SHELL_BASED_SURFACE_MODEL('',(#12035));
#12035 = OPEN_SHELL('',(#12036));
#12036 = ADVANCED_FACE('',(#12037),#12139,.T.);
#12037 = FACE_BOUND('',#12038,.T.);
#12038 = EDGE_LOOP('',(#12039,#12049,#12057,#12065,#12074,#12082,#12091,
    #12099,#12107,#12115,#12124,#12132));
#12039 = ORIENTED_EDGE('',*,*,#12040,.T.);
#12040 = EDGE_CURVE('',#12041,#12043,#12045,.T.);
#12041 = VERTEX_POINT('',#12042);
#12042 = CARTESIAN_POINT('',(2.14,0.381,1.105));
#12043 = VERTEX_POINT('',#12044);
#12044 = CARTESIAN_POINT('',(1.994,0.381,1.105));
#12045 = LINE('',#12046,#12047);
#12046 = CARTESIAN_POINT('',(2.14,0.381,1.105));
#12047 = VECTOR('',#12048,1.);
#12048 = DIRECTION('',(-1.,0.,0.));
#12049 = ORIENTED_EDGE('',*,*,#12050,.T.);
#12050 = EDGE_CURVE('',#12043,#12051,#12053,.T.);
#12051 = VERTEX_POINT('',#12052);
#12052 = CARTESIAN_POINT('',(1.994,0.381,0.851));
#12053 = LINE('',#12054,#12055);
#12054 = CARTESIAN_POINT('',(1.994,0.381,1.105));
#12055 = VECTOR('',#12056,1.);
#12056 = DIRECTION('',(0.,0.,-1.));
#12057 = ORIENTED_EDGE('',*,*,#12058,.T.);
#12058 = EDGE_CURVE('',#12051,#12059,#12061,.T.);
#12059 = VERTEX_POINT('',#12060);
#12060 = CARTESIAN_POINT('',(2.14,0.381,0.851));
#12061 = LINE('',#12062,#12063);
#12062 = CARTESIAN_POINT('',(1.994,0.381,0.851));
#12063 = VECTOR('',#12064,1.);
#12064 = DIRECTION('',(1.,0.,0.));
#12065 = ORIENTED_EDGE('',*,*,#12066,.T.);
#12066 = EDGE_CURVE('',#12059,#12067,#12069,.T.);
#12067 = VERTEX_POINT('',#12068);
#12068 = CARTESIAN_POINT('',(2.385,0.381,0.663));
#12069 = CIRCLE('',#12070,0.254);
#12070 = AXIS2_PLACEMENT_3D('',#12071,#12072,#12073);
#12071 = CARTESIAN_POINT('',(2.14,0.381,0.597));
#12072 = DIRECTION('',(0.,1.,0.));
#12073 = DIRECTION('',(0.,-0.,1.));
#12074 = ORIENTED_EDGE('',*,*,#12075,.T.);
#12075 = EDGE_CURVE('',#12067,#12076,#12078,.T.);
#12076 = VERTEX_POINT('',#12077);
#12077 = CARTESIAN_POINT('',(2.462,0.381,0.377));
#12078 = LINE('',#12079,#12080);
#12079 = CARTESIAN_POINT('',(2.385,0.381,0.663));
#12080 = VECTOR('',#12081,1.);
#12081 = DIRECTION('',(0.258969313954,0.,-0.965885549343));
#12082 = ORIENTED_EDGE('',*,*,#12083,.T.);
#12083 = EDGE_CURVE('',#12076,#12084,#12086,.T.);
#12084 = VERTEX_POINT('',#12085);
#12085 = CARTESIAN_POINT('',(2.953,0.381,0.));
#12086 = CIRCLE('',#12087,0.508);
#12087 = AXIS2_PLACEMENT_3D('',#12088,#12089,#12090);
#12088 = CARTESIAN_POINT('',(2.953,0.381,0.508));
#12089 = DIRECTION('',(0.,-1.,0.));
#12090 = DIRECTION('',(0.,0.,1.));
#12091 = ORIENTED_EDGE('',*,*,#12092,.T.);
#12092 = EDGE_CURVE('',#12084,#12093,#12095,.T.);
#12093 = VERTEX_POINT('',#12094);
#12094 = CARTESIAN_POINT('',(3.099,0.381,0.));
#12095 = LINE('',#12096,#12097);
#12096 = CARTESIAN_POINT('',(2.953,0.381,0.));
#12097 = VECTOR('',#12098,1.);
#12098 = DIRECTION('',(1.,0.,0.));
#12099 = ORIENTED_EDGE('',*,*,#12100,.T.);
#12100 = EDGE_CURVE('',#12093,#12101,#12103,.T.);
#12101 = VERTEX_POINT('',#12102);
#12102 = CARTESIAN_POINT('',(3.099,0.381,0.254));
#12103 = LINE('',#12104,#12105);
#12104 = CARTESIAN_POINT('',(3.099,0.381,0.));
#12105 = VECTOR('',#12106,1.);
#12106 = DIRECTION('',(0.,0.,1.));
#12107 = ORIENTED_EDGE('',*,*,#12108,.T.);
#12108 = EDGE_CURVE('',#12101,#12109,#12111,.T.);
#12109 = VERTEX_POINT('',#12110);
#12110 = CARTESIAN_POINT('',(2.953,0.381,0.254));
#12111 = LINE('',#12112,#12113);
#12112 = CARTESIAN_POINT('',(3.099,0.381,0.254));
#12113 = VECTOR('',#12114,1.);
#12114 = DIRECTION('',(-1.,0.,0.));
#12115 = ORIENTED_EDGE('',*,*,#12116,.T.);
#12116 = EDGE_CURVE('',#12109,#12117,#12119,.T.);
#12117 = VERTEX_POINT('',#12118);
#12118 = CARTESIAN_POINT('',(2.707,0.381,0.442));
#12119 = CIRCLE('',#12120,0.254);
#12120 = AXIS2_PLACEMENT_3D('',#12121,#12122,#12123);
#12121 = CARTESIAN_POINT('',(2.953,0.381,0.508));
#12122 = DIRECTION('',(0.,1.,0.));
#12123 = DIRECTION('',(0.,-0.,1.));
#12124 = ORIENTED_EDGE('',*,*,#12125,.T.);
#12125 = EDGE_CURVE('',#12117,#12126,#12128,.T.);
#12126 = VERTEX_POINT('',#12127);
#12127 = CARTESIAN_POINT('',(2.631,0.381,0.728));
#12128 = LINE('',#12129,#12130);
#12129 = CARTESIAN_POINT('',(2.707,0.381,0.442));
#12130 = VECTOR('',#12131,1.);
#12131 = DIRECTION('',(-0.258969313954,0.,0.965885549343));
#12132 = ORIENTED_EDGE('',*,*,#12133,.T.);
#12133 = EDGE_CURVE('',#12126,#12041,#12134,.T.);
#12134 = CIRCLE('',#12135,0.508);
#12135 = AXIS2_PLACEMENT_3D('',#12136,#12137,#12138);
#12136 = CARTESIAN_POINT('',(2.14,0.381,0.597));
#12137 = DIRECTION('',(0.,-1.,0.));
#12138 = DIRECTION('',(0.,0.,1.));
#12139 = PLANE('',#12140);
#12140 = AXIS2_PLACEMENT_3D('',#12141,#12142,#12143);
#12141 = CARTESIAN_POINT('',(1.994,0.381,0.851));
#12142 = DIRECTION('',(0.,-1.,0.));
#12143 = DIRECTION('',(1.,0.,0.));
#12144 = SHELL_BASED_SURFACE_MODEL('',(#12145));
#12145 = OPEN_SHELL('',(#12146));
#12146 = ADVANCED_FACE('',(#12147),#12249,.T.);
#12147 = FACE_BOUND('',#12148,.T.);
#12148 = EDGE_LOOP('',(#12149,#12159,#12167,#12175,#12184,#12192,#12201,
    #12209,#12217,#12225,#12234,#12242));
#12149 = ORIENTED_EDGE('',*,*,#12150,.T.);
#12150 = EDGE_CURVE('',#12151,#12153,#12155,.T.);
#12151 = VERTEX_POINT('',#12152);
#12152 = CARTESIAN_POINT('',(2.14,0.889,0.851));
#12153 = VERTEX_POINT('',#12154);
#12154 = CARTESIAN_POINT('',(1.994,0.889,0.851));
#12155 = LINE('',#12156,#12157);
#12156 = CARTESIAN_POINT('',(2.14,0.889,0.851));
#12157 = VECTOR('',#12158,1.);
#12158 = DIRECTION('',(-1.,0.,0.));
#12159 = ORIENTED_EDGE('',*,*,#12160,.T.);
#12160 = EDGE_CURVE('',#12153,#12161,#12163,.T.);
#12161 = VERTEX_POINT('',#12162);
#12162 = CARTESIAN_POINT('',(1.994,0.889,1.105));
#12163 = LINE('',#12164,#12165);
#12164 = CARTESIAN_POINT('',(1.994,0.889,0.851));
#12165 = VECTOR('',#12166,1.);
#12166 = DIRECTION('',(0.,0.,1.));
#12167 = ORIENTED_EDGE('',*,*,#12168,.T.);
#12168 = EDGE_CURVE('',#12161,#12169,#12171,.T.);
#12169 = VERTEX_POINT('',#12170);
#12170 = CARTESIAN_POINT('',(2.14,0.889,1.105));
#12171 = LINE('',#12172,#12173);
#12172 = CARTESIAN_POINT('',(1.994,0.889,1.105));
#12173 = VECTOR('',#12174,1.);
#12174 = DIRECTION('',(1.,0.,0.));
#12175 = ORIENTED_EDGE('',*,*,#12176,.T.);
#12176 = EDGE_CURVE('',#12169,#12177,#12179,.T.);
#12177 = VERTEX_POINT('',#12178);
#12178 = CARTESIAN_POINT('',(2.631,0.889,0.728));
#12179 = CIRCLE('',#12180,0.508);
#12180 = AXIS2_PLACEMENT_3D('',#12181,#12182,#12183);
#12181 = CARTESIAN_POINT('',(2.14,0.889,0.597));
#12182 = DIRECTION('',(0.,1.,0.));
#12183 = DIRECTION('',(0.,-0.,1.));
#12184 = ORIENTED_EDGE('',*,*,#12185,.T.);
#12185 = EDGE_CURVE('',#12177,#12186,#12188,.T.);
#12186 = VERTEX_POINT('',#12187);
#12187 = CARTESIAN_POINT('',(2.707,0.889,0.442));
#12188 = LINE('',#12189,#12190);
#12189 = CARTESIAN_POINT('',(2.631,0.889,0.728));
#12190 = VECTOR('',#12191,1.);
#12191 = DIRECTION('',(0.258969313954,0.,-0.965885549343));
#12192 = ORIENTED_EDGE('',*,*,#12193,.T.);
#12193 = EDGE_CURVE('',#12186,#12194,#12196,.T.);
#12194 = VERTEX_POINT('',#12195);
#12195 = CARTESIAN_POINT('',(2.953,0.889,0.254));
#12196 = CIRCLE('',#12197,0.254);
#12197 = AXIS2_PLACEMENT_3D('',#12198,#12199,#12200);
#12198 = CARTESIAN_POINT('',(2.953,0.889,0.508));
#12199 = DIRECTION('',(0.,-1.,0.));
#12200 = DIRECTION('',(0.,0.,1.));
#12201 = ORIENTED_EDGE('',*,*,#12202,.T.);
#12202 = EDGE_CURVE('',#12194,#12203,#12205,.T.);
#12203 = VERTEX_POINT('',#12204);
#12204 = CARTESIAN_POINT('',(3.099,0.889,0.254));
#12205 = LINE('',#12206,#12207);
#12206 = CARTESIAN_POINT('',(2.953,0.889,0.254));
#12207 = VECTOR('',#12208,1.);
#12208 = DIRECTION('',(1.,0.,0.));
#12209 = ORIENTED_EDGE('',*,*,#12210,.T.);
#12210 = EDGE_CURVE('',#12203,#12211,#12213,.T.);
#12211 = VERTEX_POINT('',#12212);
#12212 = CARTESIAN_POINT('',(3.099,0.889,0.));
#12213 = LINE('',#12214,#12215);
#12214 = CARTESIAN_POINT('',(3.099,0.889,0.254));
#12215 = VECTOR('',#12216,1.);
#12216 = DIRECTION('',(0.,0.,-1.));
#12217 = ORIENTED_EDGE('',*,*,#12218,.T.);
#12218 = EDGE_CURVE('',#12211,#12219,#12221,.T.);
#12219 = VERTEX_POINT('',#12220);
#12220 = CARTESIAN_POINT('',(2.953,0.889,0.));
#12221 = LINE('',#12222,#12223);
#12222 = CARTESIAN_POINT('',(3.099,0.889,0.));
#12223 = VECTOR('',#12224,1.);
#12224 = DIRECTION('',(-1.,0.,0.));
#12225 = ORIENTED_EDGE('',*,*,#12226,.T.);
#12226 = EDGE_CURVE('',#12219,#12227,#12229,.T.);
#12227 = VERTEX_POINT('',#12228);
#12228 = CARTESIAN_POINT('',(2.462,0.889,0.377));
#12229 = CIRCLE('',#12230,0.508);
#12230 = AXIS2_PLACEMENT_3D('',#12231,#12232,#12233);
#12231 = CARTESIAN_POINT('',(2.953,0.889,0.508));
#12232 = DIRECTION('',(0.,1.,0.));
#12233 = DIRECTION('',(0.,-0.,1.));
#12234 = ORIENTED_EDGE('',*,*,#12235,.T.);
#12235 = EDGE_CURVE('',#12227,#12236,#12238,.T.);
#12236 = VERTEX_POINT('',#12237);
#12237 = CARTESIAN_POINT('',(2.385,0.889,0.663));
#12238 = LINE('',#12239,#12240);
#12239 = CARTESIAN_POINT('',(2.462,0.889,0.377));
#12240 = VECTOR('',#12241,1.);
#12241 = DIRECTION('',(-0.258969313954,0.,0.965885549343));
#12242 = ORIENTED_EDGE('',*,*,#12243,.T.);
#12243 = EDGE_CURVE('',#12236,#12151,#12244,.T.);
#12244 = CIRCLE('',#12245,0.254);
#12245 = AXIS2_PLACEMENT_3D('',#12246,#12247,#12248);
#12246 = CARTESIAN_POINT('',(2.14,0.889,0.597));
#12247 = DIRECTION('',(0.,-1.,0.));
#12248 = DIRECTION('',(0.,0.,1.));
#12249 = PLANE('',#12250);
#12250 = AXIS2_PLACEMENT_3D('',#12251,#12252,#12253);
#12251 = CARTESIAN_POINT('',(2.953,0.889,0.254));
#12252 = DIRECTION('',(0.,1.,0.));
#12253 = DIRECTION('',(1.,0.,0.));
#12254 = SHELL_BASED_SURFACE_MODEL('',(#12255));
#12255 = OPEN_SHELL('',(#12256));
#12256 = ADVANCED_FACE('',(#12257),#12291,.F.);
#12257 = FACE_BOUND('',#12258,.T.);
#12258 = EDGE_LOOP('',(#12259,#12269,#12277,#12285));
#12259 = ORIENTED_EDGE('',*,*,#12260,.F.);
#12260 = EDGE_CURVE('',#12261,#12263,#12265,.T.);
#12261 = VERTEX_POINT('',#12262);
#12262 = CARTESIAN_POINT('',(1.994,1.651,0.851));
#12263 = VERTEX_POINT('',#12264);
#12264 = CARTESIAN_POINT('',(1.994,2.159,0.851));
#12265 = LINE('',#12266,#12267);
#12266 = CARTESIAN_POINT('',(1.994,1.651,0.851));
#12267 = VECTOR('',#12268,1.);
#12268 = DIRECTION('',(0.,1.,0.));
#12269 = ORIENTED_EDGE('',*,*,#12270,.F.);
#12270 = EDGE_CURVE('',#12271,#12261,#12273,.T.);
#12271 = VERTEX_POINT('',#12272);
#12272 = CARTESIAN_POINT('',(1.994,1.651,1.105));
#12273 = LINE('',#12274,#12275);
#12274 = CARTESIAN_POINT('',(1.994,1.651,1.105));
#12275 = VECTOR('',#12276,1.);
#12276 = DIRECTION('',(0.,0.,-1.));
#12277 = ORIENTED_EDGE('',*,*,#12278,.F.);
#12278 = EDGE_CURVE('',#12279,#12271,#12281,.T.);
#12279 = VERTEX_POINT('',#12280);
#12280 = CARTESIAN_POINT('',(1.994,2.159,1.105));
#12281 = LINE('',#12282,#12283);
#12282 = CARTESIAN_POINT('',(1.994,2.159,1.105));
#12283 = VECTOR('',#12284,1.);
#12284 = DIRECTION('',(0.,-1.,0.));
#12285 = ORIENTED_EDGE('',*,*,#12286,.F.);
#12286 = EDGE_CURVE('',#12263,#12279,#12287,.T.);
#12287 = LINE('',#12288,#12289);
#12288 = CARTESIAN_POINT('',(1.994,2.159,0.851));
#12289 = VECTOR('',#12290,1.);
#12290 = DIRECTION('',(0.,0.,1.));
#12291 = PLANE('',#12292);
#12292 = AXIS2_PLACEMENT_3D('',#12293,#12294,#12295);
#12293 = CARTESIAN_POINT('',(1.994,2.159,0.851));
#12294 = DIRECTION('',(1.,0.,0.));
#12295 = DIRECTION('',(0.,0.,1.));
#12296 = SHELL_BASED_SURFACE_MODEL('',(#12297));
#12297 = OPEN_SHELL('',(#12298));
#12298 = ADVANCED_FACE('',(#12299),#12333,.F.);
#12299 = FACE_BOUND('',#12300,.T.);
#12300 = EDGE_LOOP('',(#12301,#12311,#12319,#12327));
#12301 = ORIENTED_EDGE('',*,*,#12302,.F.);
#12302 = EDGE_CURVE('',#12303,#12305,#12307,.T.);
#12303 = VERTEX_POINT('',#12304);
#12304 = CARTESIAN_POINT('',(1.994,1.651,1.105));
#12305 = VERTEX_POINT('',#12306);
#12306 = CARTESIAN_POINT('',(1.994,2.159,1.105));
#12307 = LINE('',#12308,#12309);
#12308 = CARTESIAN_POINT('',(1.994,1.651,1.105));
#12309 = VECTOR('',#12310,1.);
#12310 = DIRECTION('',(0.,1.,0.));
#12311 = ORIENTED_EDGE('',*,*,#12312,.F.);
#12312 = EDGE_CURVE('',#12313,#12303,#12315,.T.);
#12313 = VERTEX_POINT('',#12314);
#12314 = CARTESIAN_POINT('',(2.14,1.651,1.105));
#12315 = LINE('',#12316,#12317);
#12316 = CARTESIAN_POINT('',(2.14,1.651,1.105));
#12317 = VECTOR('',#12318,1.);
#12318 = DIRECTION('',(-1.,0.,0.));
#12319 = ORIENTED_EDGE('',*,*,#12320,.F.);
#12320 = EDGE_CURVE('',#12321,#12313,#12323,.T.);
#12321 = VERTEX_POINT('',#12322);
#12322 = CARTESIAN_POINT('',(2.14,2.159,1.105));
#12323 = LINE('',#12324,#12325);
#12324 = CARTESIAN_POINT('',(2.14,2.159,1.105));
#12325 = VECTOR('',#12326,1.);
#12326 = DIRECTION('',(0.,-1.,0.));
#12327 = ORIENTED_EDGE('',*,*,#12328,.F.);
#12328 = EDGE_CURVE('',#12305,#12321,#12329,.T.);
#12329 = LINE('',#12330,#12331);
#12330 = CARTESIAN_POINT('',(1.994,2.159,1.105));
#12331 = VECTOR('',#12332,1.);
#12332 = DIRECTION('',(1.,0.,0.));
#12333 = PLANE('',#12334);
#12334 = AXIS2_PLACEMENT_3D('',#12335,#12336,#12337);
#12335 = CARTESIAN_POINT('',(1.994,2.159,1.105));
#12336 = DIRECTION('',(0.,0.,-1.));
#12337 = DIRECTION('',(0.,1.,0.));
#12338 = SHELL_BASED_SURFACE_MODEL('',(#12339));
#12339 = OPEN_SHELL('',(#12340));
#12340 = ADVANCED_FACE('',(#12341),#12375,.F.);
#12341 = FACE_BOUND('',#12342,.T.);
#12342 = EDGE_LOOP('',(#12343,#12353,#12361,#12369));
#12343 = ORIENTED_EDGE('',*,*,#12344,.F.);
#12344 = EDGE_CURVE('',#12345,#12347,#12349,.T.);
#12345 = VERTEX_POINT('',#12346);
#12346 = CARTESIAN_POINT('',(1.994,2.159,0.851));
#12347 = VERTEX_POINT('',#12348);
#12348 = CARTESIAN_POINT('',(1.994,1.651,0.851));
#12349 = LINE('',#12350,#12351);
#12350 = CARTESIAN_POINT('',(1.994,2.159,0.851));
#12351 = VECTOR('',#12352,1.);
#12352 = DIRECTION('',(0.,-1.,0.));
#12353 = ORIENTED_EDGE('',*,*,#12354,.F.);
#12354 = EDGE_CURVE('',#12355,#12345,#12357,.T.);
#12355 = VERTEX_POINT('',#12356);
#12356 = CARTESIAN_POINT('',(2.14,2.159,0.851));
#12357 = LINE('',#12358,#12359);
#12358 = CARTESIAN_POINT('',(2.14,2.159,0.851));
#12359 = VECTOR('',#12360,1.);
#12360 = DIRECTION('',(-1.,0.,0.));
#12361 = ORIENTED_EDGE('',*,*,#12362,.F.);
#12362 = EDGE_CURVE('',#12363,#12355,#12365,.T.);
#12363 = VERTEX_POINT('',#12364);
#12364 = CARTESIAN_POINT('',(2.14,1.651,0.851));
#12365 = LINE('',#12366,#12367);
#12366 = CARTESIAN_POINT('',(2.14,1.651,0.851));
#12367 = VECTOR('',#12368,1.);
#12368 = DIRECTION('',(0.,1.,0.));
#12369 = ORIENTED_EDGE('',*,*,#12370,.F.);
#12370 = EDGE_CURVE('',#12347,#12363,#12371,.T.);
#12371 = LINE('',#12372,#12373);
#12372 = CARTESIAN_POINT('',(1.994,1.651,0.851));
#12373 = VECTOR('',#12374,1.);
#12374 = DIRECTION('',(1.,0.,0.));
#12375 = PLANE('',#12376);
#12376 = AXIS2_PLACEMENT_3D('',#12377,#12378,#12379);
#12377 = CARTESIAN_POINT('',(1.994,1.651,0.851));
#12378 = DIRECTION('',(0.,0.,1.));
#12379 = DIRECTION('',(0.,1.,0.));
#12380 = SHELL_BASED_SURFACE_MODEL('',(#12381));
#12381 = OPEN_SHELL('',(#12382));
#12382 = ADVANCED_FACE('',(#12383),#12417,.F.);
#12383 = FACE_BOUND('',#12384,.F.);
#12384 = EDGE_LOOP('',(#12385,#12395,#12403,#12411));
#12385 = ORIENTED_EDGE('',*,*,#12386,.T.);
#12386 = EDGE_CURVE('',#12387,#12389,#12391,.T.);
#12387 = VERTEX_POINT('',#12388);
#12388 = CARTESIAN_POINT('',(2.707,1.651,0.442));
#12389 = VERTEX_POINT('',#12390);
#12390 = CARTESIAN_POINT('',(2.631,1.651,0.728));
#12391 = LINE('',#12392,#12393);
#12392 = CARTESIAN_POINT('',(2.707,1.651,0.442));
#12393 = VECTOR('',#12394,1.);
#12394 = DIRECTION('',(-0.258969313954,0.,0.965885549343));
#12395 = ORIENTED_EDGE('',*,*,#12396,.T.);
#12396 = EDGE_CURVE('',#12389,#12397,#12399,.T.);
#12397 = VERTEX_POINT('',#12398);
#12398 = CARTESIAN_POINT('',(2.631,2.159,0.728));
#12399 = LINE('',#12400,#12401);
#12400 = CARTESIAN_POINT('',(2.631,1.651,0.728));
#12401 = VECTOR('',#12402,1.);
#12402 = DIRECTION('',(0.,1.,0.));
#12403 = ORIENTED_EDGE('',*,*,#12404,.T.);
#12404 = EDGE_CURVE('',#12397,#12405,#12407,.T.);
#12405 = VERTEX_POINT('',#12406);
#12406 = CARTESIAN_POINT('',(2.707,2.159,0.442));
#12407 = LINE('',#12408,#12409);
#12408 = CARTESIAN_POINT('',(2.631,2.159,0.728));
#12409 = VECTOR('',#12410,1.);
#12410 = DIRECTION('',(0.258969313954,0.,-0.965885549343));
#12411 = ORIENTED_EDGE('',*,*,#12412,.T.);
#12412 = EDGE_CURVE('',#12405,#12387,#12413,.T.);
#12413 = LINE('',#12414,#12415);
#12414 = CARTESIAN_POINT('',(2.707,2.159,0.442));
#12415 = VECTOR('',#12416,1.);
#12416 = DIRECTION('',(0.,-1.,0.));
#12417 = PLANE('',#12418);
#12418 = AXIS2_PLACEMENT_3D('',#12419,#12420,#12421);
#12419 = CARTESIAN_POINT('',(2.707,1.651,0.442));
#12420 = DIRECTION('',(-0.965885549343,0.,-0.258969313954));
#12421 = DIRECTION('',(-0.258969313954,0.,0.965885549343));
#12422 = SHELL_BASED_SURFACE_MODEL('',(#12423));
#12423 = OPEN_SHELL('',(#12424));
#12424 = ADVANCED_FACE('',(#12425),#12459,.F.);
#12425 = FACE_BOUND('',#12426,.F.);
#12426 = EDGE_LOOP('',(#12427,#12437,#12445,#12453));
#12427 = ORIENTED_EDGE('',*,*,#12428,.T.);
#12428 = EDGE_CURVE('',#12429,#12431,#12433,.T.);
#12429 = VERTEX_POINT('',#12430);
#12430 = CARTESIAN_POINT('',(2.462,2.159,0.377));
#12431 = VERTEX_POINT('',#12432);
#12432 = CARTESIAN_POINT('',(2.385,2.159,0.663));
#12433 = LINE('',#12434,#12435);
#12434 = CARTESIAN_POINT('',(2.462,2.159,0.377));
#12435 = VECTOR('',#12436,1.);
#12436 = DIRECTION('',(-0.258969313954,0.,0.965885549343));
#12437 = ORIENTED_EDGE('',*,*,#12438,.T.);
#12438 = EDGE_CURVE('',#12431,#12439,#12441,.T.);
#12439 = VERTEX_POINT('',#12440);
#12440 = CARTESIAN_POINT('',(2.385,1.651,0.663));
#12441 = LINE('',#12442,#12443);
#12442 = CARTESIAN_POINT('',(2.385,2.159,0.663));
#12443 = VECTOR('',#12444,1.);
#12444 = DIRECTION('',(0.,-1.,0.));
#12445 = ORIENTED_EDGE('',*,*,#12446,.T.);
#12446 = EDGE_CURVE('',#12439,#12447,#12449,.T.);
#12447 = VERTEX_POINT('',#12448);
#12448 = CARTESIAN_POINT('',(2.462,1.651,0.377));
#12449 = LINE('',#12450,#12451);
#12450 = CARTESIAN_POINT('',(2.385,1.651,0.663));
#12451 = VECTOR('',#12452,1.);
#12452 = DIRECTION('',(0.258969313954,0.,-0.965885549343));
#12453 = ORIENTED_EDGE('',*,*,#12454,.T.);
#12454 = EDGE_CURVE('',#12447,#12429,#12455,.T.);
#12455 = LINE('',#12456,#12457);
#12456 = CARTESIAN_POINT('',(2.462,1.651,0.377));
#12457 = VECTOR('',#12458,1.);
#12458 = DIRECTION('',(0.,1.,0.));
#12459 = PLANE('',#12460);
#12460 = AXIS2_PLACEMENT_3D('',#12461,#12462,#12463);
#12461 = CARTESIAN_POINT('',(2.462,2.159,0.377));
#12462 = DIRECTION('',(0.965885549343,0.,0.258969313954));
#12463 = DIRECTION('',(-0.258969313954,0.,0.965885549343));
#12464 = SHELL_BASED_SURFACE_MODEL('',(#12465));
#12465 = OPEN_SHELL('',(#12466));
#12466 = ADVANCED_FACE('',(#12467),#12501,.F.);
#12467 = FACE_BOUND('',#12468,.T.);
#12468 = EDGE_LOOP('',(#12469,#12479,#12487,#12495));
#12469 = ORIENTED_EDGE('',*,*,#12470,.F.);
#12470 = EDGE_CURVE('',#12471,#12473,#12475,.T.);
#12471 = VERTEX_POINT('',#12472);
#12472 = CARTESIAN_POINT('',(3.099,2.159,0.254));
#12473 = VERTEX_POINT('',#12474);
#12474 = CARTESIAN_POINT('',(3.099,1.651,0.254));
#12475 = LINE('',#12476,#12477);
#12476 = CARTESIAN_POINT('',(3.099,2.159,0.254));
#12477 = VECTOR('',#12478,1.);
#12478 = DIRECTION('',(0.,-1.,0.));
#12479 = ORIENTED_EDGE('',*,*,#12480,.F.);
#12480 = EDGE_CURVE('',#12481,#12471,#12483,.T.);
#12481 = VERTEX_POINT('',#12482);
#12482 = CARTESIAN_POINT('',(2.953,2.159,0.254));
#12483 = LINE('',#12484,#12485);
#12484 = CARTESIAN_POINT('',(2.953,2.159,0.254));
#12485 = VECTOR('',#12486,1.);
#12486 = DIRECTION('',(1.,0.,0.));
#12487 = ORIENTED_EDGE('',*,*,#12488,.F.);
#12488 = EDGE_CURVE('',#12489,#12481,#12491,.T.);
#12489 = VERTEX_POINT('',#12490);
#12490 = CARTESIAN_POINT('',(2.953,1.651,0.254));
#12491 = LINE('',#12492,#12493);
#12492 = CARTESIAN_POINT('',(2.953,1.651,0.254));
#12493 = VECTOR('',#12494,1.);
#12494 = DIRECTION('',(0.,1.,0.));
#12495 = ORIENTED_EDGE('',*,*,#12496,.F.);
#12496 = EDGE_CURVE('',#12473,#12489,#12497,.T.);
#12497 = LINE('',#12498,#12499);
#12498 = CARTESIAN_POINT('',(3.099,1.651,0.254));
#12499 = VECTOR('',#12500,1.);
#12500 = DIRECTION('',(-1.,0.,0.));
#12501 = PLANE('',#12502);
#12502 = AXIS2_PLACEMENT_3D('',#12503,#12504,#12505);
#12503 = CARTESIAN_POINT('',(3.099,1.651,0.254));
#12504 = DIRECTION('',(0.,0.,-1.));
#12505 = DIRECTION('',(0.,1.,0.));
#12506 = SHELL_BASED_SURFACE_MODEL('',(#12507));
#12507 = OPEN_SHELL('',(#12508));
#12508 = ADVANCED_FACE('',(#12509),#12543,.F.);
#12509 = FACE_BOUND('',#12510,.T.);
#12510 = EDGE_LOOP('',(#12511,#12521,#12529,#12537));
#12511 = ORIENTED_EDGE('',*,*,#12512,.F.);
#12512 = EDGE_CURVE('',#12513,#12515,#12517,.T.);
#12513 = VERTEX_POINT('',#12514);
#12514 = CARTESIAN_POINT('',(2.953,2.159,0.));
#12515 = VERTEX_POINT('',#12516);
#12516 = CARTESIAN_POINT('',(2.953,1.651,0.));
#12517 = LINE('',#12518,#12519);
#12518 = CARTESIAN_POINT('',(2.953,2.159,0.));
#12519 = VECTOR('',#12520,1.);
#12520 = DIRECTION('',(0.,-1.,0.));
#12521 = ORIENTED_EDGE('',*,*,#12522,.F.);
#12522 = EDGE_CURVE('',#12523,#12513,#12525,.T.);
#12523 = VERTEX_POINT('',#12524);
#12524 = CARTESIAN_POINT('',(3.099,2.159,0.));
#12525 = LINE('',#12526,#12527);
#12526 = CARTESIAN_POINT('',(3.099,2.159,0.));
#12527 = VECTOR('',#12528,1.);
#12528 = DIRECTION('',(-1.,0.,0.));
#12529 = ORIENTED_EDGE('',*,*,#12530,.F.);
#12530 = EDGE_CURVE('',#12531,#12523,#12533,.T.);
#12531 = VERTEX_POINT('',#12532);
#12532 = CARTESIAN_POINT('',(3.099,1.651,0.));
#12533 = LINE('',#12534,#12535);
#12534 = CARTESIAN_POINT('',(3.099,1.651,0.));
#12535 = VECTOR('',#12536,1.);
#12536 = DIRECTION('',(0.,1.,0.));
#12537 = ORIENTED_EDGE('',*,*,#12538,.F.);
#12538 = EDGE_CURVE('',#12515,#12531,#12539,.T.);
#12539 = LINE('',#12540,#12541);
#12540 = CARTESIAN_POINT('',(2.953,1.651,0.));
#12541 = VECTOR('',#12542,1.);
#12542 = DIRECTION('',(1.,0.,0.));
#12543 = PLANE('',#12544);
#12544 = AXIS2_PLACEMENT_3D('',#12545,#12546,#12547);
#12545 = CARTESIAN_POINT('',(2.953,1.651,0.));
#12546 = DIRECTION('',(0.,0.,1.));
#12547 = DIRECTION('',(0.,1.,0.));
#12548 = SHELL_BASED_SURFACE_MODEL('',(#12549));
#12549 = OPEN_SHELL('',(#12550));
#12550 = ADVANCED_FACE('',(#12551),#12585,.F.);
#12551 = FACE_BOUND('',#12552,.T.);
#12552 = EDGE_LOOP('',(#12553,#12563,#12571,#12579));
#12553 = ORIENTED_EDGE('',*,*,#12554,.F.);
#12554 = EDGE_CURVE('',#12555,#12557,#12559,.T.);
#12555 = VERTEX_POINT('',#12556);
#12556 = CARTESIAN_POINT('',(3.099,2.159,0.));
#12557 = VERTEX_POINT('',#12558);
#12558 = CARTESIAN_POINT('',(3.099,1.651,0.));
#12559 = LINE('',#12560,#12561);
#12560 = CARTESIAN_POINT('',(3.099,2.159,0.));
#12561 = VECTOR('',#12562,1.);
#12562 = DIRECTION('',(0.,-1.,0.));
#12563 = ORIENTED_EDGE('',*,*,#12564,.F.);
#12564 = EDGE_CURVE('',#12565,#12555,#12567,.T.);
#12565 = VERTEX_POINT('',#12566);
#12566 = CARTESIAN_POINT('',(3.099,2.159,0.254));
#12567 = LINE('',#12568,#12569);
#12568 = CARTESIAN_POINT('',(3.099,2.159,0.254));
#12569 = VECTOR('',#12570,1.);
#12570 = DIRECTION('',(0.,0.,-1.));
#12571 = ORIENTED_EDGE('',*,*,#12572,.F.);
#12572 = EDGE_CURVE('',#12573,#12565,#12575,.T.);
#12573 = VERTEX_POINT('',#12574);
#12574 = CARTESIAN_POINT('',(3.099,1.651,0.254));
#12575 = LINE('',#12576,#12577);
#12576 = CARTESIAN_POINT('',(3.099,1.651,0.254));
#12577 = VECTOR('',#12578,1.);
#12578 = DIRECTION('',(0.,1.,0.));
#12579 = ORIENTED_EDGE('',*,*,#12580,.F.);
#12580 = EDGE_CURVE('',#12557,#12573,#12581,.T.);
#12581 = LINE('',#12582,#12583);
#12582 = CARTESIAN_POINT('',(3.099,1.651,0.));
#12583 = VECTOR('',#12584,1.);
#12584 = DIRECTION('',(0.,0.,1.));
#12585 = PLANE('',#12586);
#12586 = AXIS2_PLACEMENT_3D('',#12587,#12588,#12589);
#12587 = CARTESIAN_POINT('',(3.099,1.651,0.));
#12588 = DIRECTION('',(-1.,0.,0.));
#12589 = DIRECTION('',(0.,0.,1.));
#12590 = SHELL_BASED_SURFACE_MODEL('',(#12591));
#12591 = OPEN_SHELL('',(#12592));
#12592 = ADVANCED_FACE('',(#12593),#12629,.T.);
#12593 = FACE_BOUND('',#12594,.T.);
#12594 = EDGE_LOOP('',(#12595,#12606,#12614,#12623));
#12595 = ORIENTED_EDGE('',*,*,#12596,.T.);
#12596 = EDGE_CURVE('',#12597,#12599,#12601,.T.);
#12597 = VERTEX_POINT('',#12598);
#12598 = CARTESIAN_POINT('',(2.14,1.651,1.105));
#12599 = VERTEX_POINT('',#12600);
#12600 = CARTESIAN_POINT('',(2.631,1.651,0.728));
#12601 = CIRCLE('',#12602,0.508);
#12602 = AXIS2_PLACEMENT_3D('',#12603,#12604,#12605);
#12603 = CARTESIAN_POINT('',(2.14,1.651,0.597));
#12604 = DIRECTION('',(0.,1.,0.));
#12605 = DIRECTION('',(0.,-0.,1.));
#12606 = ORIENTED_EDGE('',*,*,#12607,.T.);
#12607 = EDGE_CURVE('',#12599,#12608,#12610,.T.);
#12608 = VERTEX_POINT('',#12609);
#12609 = CARTESIAN_POINT('',(2.631,2.159,0.728));
#12610 = LINE('',#12611,#12612);
#12611 = CARTESIAN_POINT('',(2.631,1.651,0.728));
#12612 = VECTOR('',#12613,1.);
#12613 = DIRECTION('',(0.,1.,0.));
#12614 = ORIENTED_EDGE('',*,*,#12615,.F.);
#12615 = EDGE_CURVE('',#12616,#12608,#12618,.T.);
#12616 = VERTEX_POINT('',#12617);
#12617 = CARTESIAN_POINT('',(2.14,2.159,1.105));
#12618 = CIRCLE('',#12619,0.508);
#12619 = AXIS2_PLACEMENT_3D('',#12620,#12621,#12622);
#12620 = CARTESIAN_POINT('',(2.14,2.159,0.597));
#12621 = DIRECTION('',(0.,1.,0.));
#12622 = DIRECTION('',(0.,-0.,1.));
#12623 = ORIENTED_EDGE('',*,*,#12624,.F.);
#12624 = EDGE_CURVE('',#12597,#12616,#12625,.T.);
#12625 = LINE('',#12626,#12627);
#12626 = CARTESIAN_POINT('',(2.14,1.651,1.105));
#12627 = VECTOR('',#12628,1.);
#12628 = DIRECTION('',(0.,1.,0.));
#12629 = CYLINDRICAL_SURFACE('',#12630,0.508);
#12630 = AXIS2_PLACEMENT_3D('',#12631,#12632,#12633);
#12631 = CARTESIAN_POINT('',(2.14,2.159,0.597));
#12632 = DIRECTION('',(0.,-1.,0.));
#12633 = DIRECTION('',(0.,0.,1.));
#12634 = SHELL_BASED_SURFACE_MODEL('',(#12635));
#12635 = OPEN_SHELL('',(#12636));
#12636 = ADVANCED_FACE('',(#12637),#12673,.F.);
#12637 = FACE_BOUND('',#12638,.F.);
#12638 = EDGE_LOOP('',(#12639,#12649,#12658,#12666));
#12639 = ORIENTED_EDGE('',*,*,#12640,.T.);
#12640 = EDGE_CURVE('',#12641,#12643,#12645,.T.);
#12641 = VERTEX_POINT('',#12642);
#12642 = CARTESIAN_POINT('',(2.14,2.159,0.851));
#12643 = VERTEX_POINT('',#12644);
#12644 = CARTESIAN_POINT('',(2.14,1.651,0.851));
#12645 = LINE('',#12646,#12647);
#12646 = CARTESIAN_POINT('',(2.14,2.159,0.851));
#12647 = VECTOR('',#12648,1.);
#12648 = DIRECTION('',(0.,-1.,0.));
#12649 = ORIENTED_EDGE('',*,*,#12650,.T.);
#12650 = EDGE_CURVE('',#12643,#12651,#12653,.T.);
#12651 = VERTEX_POINT('',#12652);
#12652 = CARTESIAN_POINT('',(2.385,1.651,0.663));
#12653 = CIRCLE('',#12654,0.254);
#12654 = AXIS2_PLACEMENT_3D('',#12655,#12656,#12657);
#12655 = CARTESIAN_POINT('',(2.14,1.651,0.597));
#12656 = DIRECTION('',(0.,1.,0.));
#12657 = DIRECTION('',(0.,-0.,1.));
#12658 = ORIENTED_EDGE('',*,*,#12659,.F.);
#12659 = EDGE_CURVE('',#12660,#12651,#12662,.T.);
#12660 = VERTEX_POINT('',#12661);
#12661 = CARTESIAN_POINT('',(2.385,2.159,0.663));
#12662 = LINE('',#12663,#12664);
#12663 = CARTESIAN_POINT('',(2.385,2.159,0.663));
#12664 = VECTOR('',#12665,1.);
#12665 = DIRECTION('',(0.,-1.,0.));
#12666 = ORIENTED_EDGE('',*,*,#12667,.F.);
#12667 = EDGE_CURVE('',#12641,#12660,#12668,.T.);
#12668 = CIRCLE('',#12669,0.254);
#12669 = AXIS2_PLACEMENT_3D('',#12670,#12671,#12672);
#12670 = CARTESIAN_POINT('',(2.14,2.159,0.597));
#12671 = DIRECTION('',(0.,1.,0.));
#12672 = DIRECTION('',(0.,-0.,1.));
#12673 = CYLINDRICAL_SURFACE('',#12674,0.254);
#12674 = AXIS2_PLACEMENT_3D('',#12675,#12676,#12677);
#12675 = CARTESIAN_POINT('',(2.14,2.159,0.597));
#12676 = DIRECTION('',(0.,1.,0.));
#12677 = DIRECTION('',(0.,0.,-1.));
#12678 = SHELL_BASED_SURFACE_MODEL('',(#12679));
#12679 = OPEN_SHELL('',(#12680));
#12680 = ADVANCED_FACE('',(#12681),#12717,.F.);
#12681 = FACE_BOUND('',#12682,.F.);
#12682 = EDGE_LOOP('',(#12683,#12694,#12702,#12711));
#12683 = ORIENTED_EDGE('',*,*,#12684,.T.);
#12684 = EDGE_CURVE('',#12685,#12687,#12689,.T.);
#12685 = VERTEX_POINT('',#12686);
#12686 = CARTESIAN_POINT('',(2.953,1.651,0.254));
#12687 = VERTEX_POINT('',#12688);
#12688 = CARTESIAN_POINT('',(2.707,1.651,0.442));
#12689 = CIRCLE('',#12690,0.254);
#12690 = AXIS2_PLACEMENT_3D('',#12691,#12692,#12693);
#12691 = CARTESIAN_POINT('',(2.953,1.651,0.508));
#12692 = DIRECTION('',(0.,1.,0.));
#12693 = DIRECTION('',(0.,-0.,1.));
#12694 = ORIENTED_EDGE('',*,*,#12695,.T.);
#12695 = EDGE_CURVE('',#12687,#12696,#12698,.T.);
#12696 = VERTEX_POINT('',#12697);
#12697 = CARTESIAN_POINT('',(2.707,2.159,0.442));
#12698 = LINE('',#12699,#12700);
#12699 = CARTESIAN_POINT('',(2.707,1.651,0.442));
#12700 = VECTOR('',#12701,1.);
#12701 = DIRECTION('',(0.,1.,0.));
#12702 = ORIENTED_EDGE('',*,*,#12703,.F.);
#12703 = EDGE_CURVE('',#12704,#12696,#12706,.T.);
#12704 = VERTEX_POINT('',#12705);
#12705 = CARTESIAN_POINT('',(2.953,2.159,0.254));
#12706 = CIRCLE('',#12707,0.254);
#12707 = AXIS2_PLACEMENT_3D('',#12708,#12709,#12710);
#12708 = CARTESIAN_POINT('',(2.953,2.159,0.508));
#12709 = DIRECTION('',(0.,1.,0.));
#12710 = DIRECTION('',(0.,-0.,1.));
#12711 = ORIENTED_EDGE('',*,*,#12712,.F.);
#12712 = EDGE_CURVE('',#12685,#12704,#12713,.T.);
#12713 = LINE('',#12714,#12715);
#12714 = CARTESIAN_POINT('',(2.953,1.651,0.254));
#12715 = VECTOR('',#12716,1.);
#12716 = DIRECTION('',(0.,1.,0.));
#12717 = CYLINDRICAL_SURFACE('',#12718,0.254);
#12718 = AXIS2_PLACEMENT_3D('',#12719,#12720,#12721);
#12719 = CARTESIAN_POINT('',(2.953,1.651,0.508));
#12720 = DIRECTION('',(0.,-1.,0.));
#12721 = DIRECTION('',(0.,0.,-1.));
#12722 = SHELL_BASED_SURFACE_MODEL('',(#12723));
#12723 = OPEN_SHELL('',(#12724));
#12724 = ADVANCED_FACE('',(#12725),#12761,.T.);
#12725 = FACE_BOUND('',#12726,.T.);
#12726 = EDGE_LOOP('',(#12727,#12737,#12746,#12754));
#12727 = ORIENTED_EDGE('',*,*,#12728,.T.);
#12728 = EDGE_CURVE('',#12729,#12731,#12733,.T.);
#12729 = VERTEX_POINT('',#12730);
#12730 = CARTESIAN_POINT('',(2.953,2.159,0.));
#12731 = VERTEX_POINT('',#12732);
#12732 = CARTESIAN_POINT('',(2.953,1.651,0.));
#12733 = LINE('',#12734,#12735);
#12734 = CARTESIAN_POINT('',(2.953,2.159,0.));
#12735 = VECTOR('',#12736,1.);
#12736 = DIRECTION('',(0.,-1.,0.));
#12737 = ORIENTED_EDGE('',*,*,#12738,.T.);
#12738 = EDGE_CURVE('',#12731,#12739,#12741,.T.);
#12739 = VERTEX_POINT('',#12740);
#12740 = CARTESIAN_POINT('',(2.462,1.651,0.377));
#12741 = CIRCLE('',#12742,0.508);
#12742 = AXIS2_PLACEMENT_3D('',#12743,#12744,#12745);
#12743 = CARTESIAN_POINT('',(2.953,1.651,0.508));
#12744 = DIRECTION('',(0.,1.,0.));
#12745 = DIRECTION('',(0.,-0.,1.));
#12746 = ORIENTED_EDGE('',*,*,#12747,.F.);
#12747 = EDGE_CURVE('',#12748,#12739,#12750,.T.);
#12748 = VERTEX_POINT('',#12749);
#12749 = CARTESIAN_POINT('',(2.462,2.159,0.377));
#12750 = LINE('',#12751,#12752);
#12751 = CARTESIAN_POINT('',(2.462,2.159,0.377));
#12752 = VECTOR('',#12753,1.);
#12753 = DIRECTION('',(0.,-1.,0.));
#12754 = ORIENTED_EDGE('',*,*,#12755,.F.);
#12755 = EDGE_CURVE('',#12729,#12748,#12756,.T.);
#12756 = CIRCLE('',#12757,0.508);
#12757 = AXIS2_PLACEMENT_3D('',#12758,#12759,#12760);
#12758 = CARTESIAN_POINT('',(2.953,2.159,0.508));
#12759 = DIRECTION('',(0.,1.,0.));
#12760 = DIRECTION('',(0.,-0.,1.));
#12761 = CYLINDRICAL_SURFACE('',#12762,0.508);
#12762 = AXIS2_PLACEMENT_3D('',#12763,#12764,#12765);
#12763 = CARTESIAN_POINT('',(2.953,1.651,0.508));
#12764 = DIRECTION('',(0.,1.,0.));
#12765 = DIRECTION('',(0.,-0.,1.));
#12766 = SHELL_BASED_SURFACE_MODEL('',(#12767));
#12767 = OPEN_SHELL('',(#12768));
#12768 = ADVANCED_FACE('',(#12769),#12871,.T.);
#12769 = FACE_BOUND('',#12770,.T.);
#12770 = EDGE_LOOP('',(#12771,#12781,#12789,#12797,#12806,#12814,#12823,
    #12831,#12839,#12847,#12856,#12864));
#12771 = ORIENTED_EDGE('',*,*,#12772,.T.);
#12772 = EDGE_CURVE('',#12773,#12775,#12777,.T.);
#12773 = VERTEX_POINT('',#12774);
#12774 = CARTESIAN_POINT('',(2.14,1.651,1.105));
#12775 = VERTEX_POINT('',#12776);
#12776 = CARTESIAN_POINT('',(1.994,1.651,1.105));
#12777 = LINE('',#12778,#12779);
#12778 = CARTESIAN_POINT('',(2.14,1.651,1.105));
#12779 = VECTOR('',#12780,1.);
#12780 = DIRECTION('',(-1.,0.,0.));
#12781 = ORIENTED_EDGE('',*,*,#12782,.T.);
#12782 = EDGE_CURVE('',#12775,#12783,#12785,.T.);
#12783 = VERTEX_POINT('',#12784);
#12784 = CARTESIAN_POINT('',(1.994,1.651,0.851));
#12785 = LINE('',#12786,#12787);
#12786 = CARTESIAN_POINT('',(1.994,1.651,1.105));
#12787 = VECTOR('',#12788,1.);
#12788 = DIRECTION('',(0.,0.,-1.));
#12789 = ORIENTED_EDGE('',*,*,#12790,.T.);
#12790 = EDGE_CURVE('',#12783,#12791,#12793,.T.);
#12791 = VERTEX_POINT('',#12792);
#12792 = CARTESIAN_POINT('',(2.14,1.651,0.851));
#12793 = LINE('',#12794,#12795);
#12794 = CARTESIAN_POINT('',(1.994,1.651,0.851));
#12795 = VECTOR('',#12796,1.);
#12796 = DIRECTION('',(1.,0.,0.));
#12797 = ORIENTED_EDGE('',*,*,#12798,.T.);
#12798 = EDGE_CURVE('',#12791,#12799,#12801,.T.);
#12799 = VERTEX_POINT('',#12800);
#12800 = CARTESIAN_POINT('',(2.385,1.651,0.663));
#12801 = CIRCLE('',#12802,0.254);
#12802 = AXIS2_PLACEMENT_3D('',#12803,#12804,#12805);
#12803 = CARTESIAN_POINT('',(2.14,1.651,0.597));
#12804 = DIRECTION('',(0.,1.,0.));
#12805 = DIRECTION('',(0.,-0.,1.));
#12806 = ORIENTED_EDGE('',*,*,#12807,.T.);
#12807 = EDGE_CURVE('',#12799,#12808,#12810,.T.);
#12808 = VERTEX_POINT('',#12809);
#12809 = CARTESIAN_POINT('',(2.462,1.651,0.377));
#12810 = LINE('',#12811,#12812);
#12811 = CARTESIAN_POINT('',(2.385,1.651,0.663));
#12812 = VECTOR('',#12813,1.);
#12813 = DIRECTION('',(0.258969313954,0.,-0.965885549343));
#12814 = ORIENTED_EDGE('',*,*,#12815,.T.);
#12815 = EDGE_CURVE('',#12808,#12816,#12818,.T.);
#12816 = VERTEX_POINT('',#12817);
#12817 = CARTESIAN_POINT('',(2.953,1.651,0.));
#12818 = CIRCLE('',#12819,0.508);
#12819 = AXIS2_PLACEMENT_3D('',#12820,#12821,#12822);
#12820 = CARTESIAN_POINT('',(2.953,1.651,0.508));
#12821 = DIRECTION('',(0.,-1.,0.));
#12822 = DIRECTION('',(0.,0.,1.));
#12823 = ORIENTED_EDGE('',*,*,#12824,.T.);
#12824 = EDGE_CURVE('',#12816,#12825,#12827,.T.);
#12825 = VERTEX_POINT('',#12826);
#12826 = CARTESIAN_POINT('',(3.099,1.651,0.));
#12827 = LINE('',#12828,#12829);
#12828 = CARTESIAN_POINT('',(2.953,1.651,0.));
#12829 = VECTOR('',#12830,1.);
#12830 = DIRECTION('',(1.,0.,0.));
#12831 = ORIENTED_EDGE('',*,*,#12832,.T.);
#12832 = EDGE_CURVE('',#12825,#12833,#12835,.T.);
#12833 = VERTEX_POINT('',#12834);
#12834 = CARTESIAN_POINT('',(3.099,1.651,0.254));
#12835 = LINE('',#12836,#12837);
#12836 = CARTESIAN_POINT('',(3.099,1.651,0.));
#12837 = VECTOR('',#12838,1.);
#12838 = DIRECTION('',(0.,0.,1.));
#12839 = ORIENTED_EDGE('',*,*,#12840,.T.);
#12840 = EDGE_CURVE('',#12833,#12841,#12843,.T.);
#12841 = VERTEX_POINT('',#12842);
#12842 = CARTESIAN_POINT('',(2.953,1.651,0.254));
#12843 = LINE('',#12844,#12845);
#12844 = CARTESIAN_POINT('',(3.099,1.651,0.254));
#12845 = VECTOR('',#12846,1.);
#12846 = DIRECTION('',(-1.,0.,0.));
#12847 = ORIENTED_EDGE('',*,*,#12848,.T.);
#12848 = EDGE_CURVE('',#12841,#12849,#12851,.T.);
#12849 = VERTEX_POINT('',#12850);
#12850 = CARTESIAN_POINT('',(2.707,1.651,0.442));
#12851 = CIRCLE('',#12852,0.254);
#12852 = AXIS2_PLACEMENT_3D('',#12853,#12854,#12855);
#12853 = CARTESIAN_POINT('',(2.953,1.651,0.508));
#12854 = DIRECTION('',(0.,1.,0.));
#12855 = DIRECTION('',(0.,-0.,1.));
#12856 = ORIENTED_EDGE('',*,*,#12857,.T.);
#12857 = EDGE_CURVE('',#12849,#12858,#12860,.T.);
#12858 = VERTEX_POINT('',#12859);
#12859 = CARTESIAN_POINT('',(2.631,1.651,0.728));
#12860 = LINE('',#12861,#12862);
#12861 = CARTESIAN_POINT('',(2.707,1.651,0.442));
#12862 = VECTOR('',#12863,1.);
#12863 = DIRECTION('',(-0.258969313954,0.,0.965885549343));
#12864 = ORIENTED_EDGE('',*,*,#12865,.T.);
#12865 = EDGE_CURVE('',#12858,#12773,#12866,.T.);
#12866 = CIRCLE('',#12867,0.508);
#12867 = AXIS2_PLACEMENT_3D('',#12868,#12869,#12870);
#12868 = CARTESIAN_POINT('',(2.14,1.651,0.597));
#12869 = DIRECTION('',(0.,-1.,0.));
#12870 = DIRECTION('',(0.,0.,1.));
#12871 = PLANE('',#12872);
#12872 = AXIS2_PLACEMENT_3D('',#12873,#12874,#12875);
#12873 = CARTESIAN_POINT('',(1.994,1.651,0.851));
#12874 = DIRECTION('',(0.,-1.,0.));
#12875 = DIRECTION('',(1.,0.,0.));
#12876 = ( GEOMETRIC_REPRESENTATION_CONTEXT(3) 
GLOBAL_UNCERTAINTY_ASSIGNED_CONTEXT((#12880)) 
GLOBAL_UNIT_ASSIGNED_CONTEXT((#12877,#12878,#12879)) 
REPRESENTATION_CONTEXT('Context #1',
  '3D Context with UNIT and UNCERTAINTY') );
#12877 = ( LENGTH_UNIT() NAMED_UNIT(*) SI_UNIT(.MILLI.,.METRE.) );
#12878 = ( NAMED_UNIT(*) PLANE_ANGLE_UNIT() SI_UNIT($,.RADIAN.) );
#12879 = ( NAMED_UNIT(*) SI_UNIT($,.STERADIAN.) SOLID_ANGLE_UNIT() );
#12880 = UNCERTAINTY_MEASURE_WITH_UNIT(LENGTH_MEASURE(1.E-04),#12877,
  'distance_accuracy_value','confusion accuracy');
#12881 = SHAPE_DEFINITION_REPRESENTATION(#12882,#6379);
#12882 = PRODUCT_DEFINITION_SHAPE('','',#12883);
#12883 = PRODUCT_DEFINITION('design','',#12884,#12887);
#12884 = PRODUCT_DEFINITION_FORMATION('','',#12885);
#12885 = PRODUCT('SO8-L','SO8-L','',(#12886));
#12886 = PRODUCT_CONTEXT('',#2,'mechanical');
#12887 = PRODUCT_DEFINITION_CONTEXT('part definition',#2,'design');
#12888 = CONTEXT_DEPENDENT_SHAPE_REPRESENTATION(#12889,#12891);
#12889 = ( REPRESENTATION_RELATIONSHIP('','',#6379,#6369) 
REPRESENTATION_RELATIONSHIP_WITH_TRANSFORMATION(#12890) 
SHAPE_REPRESENTATION_RELATIONSHIP() );
#12890 = ITEM_DEFINED_TRANSFORMATION('','',#11,#6370);
#12891 = PRODUCT_DEFINITION_SHAPE('Placement','Placement of an item',
  #12892);
#12892 = NEXT_ASSEMBLY_USAGE_OCCURRENCE('34','','',#6364,#12883,$);
#12893 = PRODUCT_RELATED_PRODUCT_CATEGORY('part',$,(#12885));
#12894 = CONTEXT_DEPENDENT_SHAPE_REPRESENTATION(#12895,#12897);
#12895 = ( REPRESENTATION_RELATIONSHIP('','',#6369,#10) 
REPRESENTATION_RELATIONSHIP_WITH_TRANSFORMATION(#12896) 
SHAPE_REPRESENTATION_RELATIONSHIP() );
#12896 = ITEM_DEFINED_TRANSFORMATION('','',#11,#35);
#12897 = PRODUCT_DEFINITION_SHAPE('Placement','Placement of an item',
  #12898);
#12898 = NEXT_ASSEMBLY_USAGE_OCCURRENCE('35','','',#5,#6364,$);
#12899 = PRODUCT_RELATED_PRODUCT_CATEGORY('part',$,(#6366));
#12900 = SHAPE_DEFINITION_REPRESENTATION(#12901,#12907);
#12901 = PRODUCT_DEFINITION_SHAPE('','',#12902);
#12902 = PRODUCT_DEFINITION('design','',#12903,#12906);
#12903 = PRODUCT_DEFINITION_FORMATION('','',#12904);
#12904 = PRODUCT('C1','C1','',(#12905));
#12905 = PRODUCT_CONTEXT('',#2,'mechanical');
#12906 = PRODUCT_DEFINITION_CONTEXT('part definition',#2,'design');
#12907 = SHAPE_REPRESENTATION('',(#11,#12908),#12912);
#12908 = AXIS2_PLACEMENT_3D('',#12909,#12910,#12911);
#12909 = CARTESIAN_POINT('',(12.762001831055,-13.1409995443,
    0.379999250174));
#12910 = DIRECTION('',(0.,0.,1.));
#12911 = DIRECTION('',(-1.,-8.742277657348E-08,0.));
#12912 = ( GEOMETRIC_REPRESENTATION_CONTEXT(3) 
GLOBAL_UNCERTAINTY_ASSIGNED_CONTEXT((#12916)) 
GLOBAL_UNIT_ASSIGNED_CONTEXT((#12913,#12914,#12915)) 
REPRESENTATION_CONTEXT('Context #1',
  '3D Context with UNIT and UNCERTAINTY') );
#12913 = ( LENGTH_UNIT() NAMED_UNIT(*) SI_UNIT(.MILLI.,.METRE.) );
#12914 = ( NAMED_UNIT(*) PLANE_ANGLE_UNIT() SI_UNIT($,.RADIAN.) );
#12915 = ( NAMED_UNIT(*) SI_UNIT($,.STERADIAN.) SOLID_ANGLE_UNIT() );
#12916 = UNCERTAINTY_MEASURE_WITH_UNIT(LENGTH_MEASURE(1.E-07),#12913,
  'distance_accuracy_value','confusion accuracy');
#12917 = ADVANCED_BREP_SHAPE_REPRESENTATION('',(#11,#12918),#13960);
#12918 = MANIFOLD_SOLID_BREP('',#12919);
#12919 = CLOSED_SHELL('',(#12920,#12960,#13000,#13101,#13132,#13163,
    #13194,#13212,#13236,#13254,#13271,#13288,#13306,#13324,#13342,
    #13360,#13377,#13394,#13406,#13437,#13461,#13485,#13502,#13542,
    #13582,#13655,#13686,#13717,#13748,#13766,#13790,#13808,#13825,
    #13842,#13860,#13878,#13896,#13914,#13931,#13948));
#12920 = ADVANCED_FACE('',(#12921),#12955,.F.);
#12921 = FACE_BOUND('',#12922,.T.);
#12922 = EDGE_LOOP('',(#12923,#12933,#12941,#12949));
#12923 = ORIENTED_EDGE('',*,*,#12924,.T.);
#12924 = EDGE_CURVE('',#12925,#12927,#12929,.T.);
#12925 = VERTEX_POINT('',#12926);
#12926 = CARTESIAN_POINT('',(-0.8,0.39,-0.39));
#12927 = VERTEX_POINT('',#12928);
#12928 = CARTESIAN_POINT('',(-0.8,-0.39,-0.39));
#12929 = LINE('',#12930,#12931);
#12930 = CARTESIAN_POINT('',(-0.8,0.4,-0.39));
#12931 = VECTOR('',#12932,1.);
#12932 = DIRECTION('',(0.,-1.,0.));
#12933 = ORIENTED_EDGE('',*,*,#12934,.T.);
#12934 = EDGE_CURVE('',#12927,#12935,#12937,.T.);
#12935 = VERTEX_POINT('',#12936);
#12936 = CARTESIAN_POINT('',(-0.8,-0.39,0.39));
#12937 = LINE('',#12938,#12939);
#12938 = CARTESIAN_POINT('',(-0.8,-0.39,-0.4));
#12939 = VECTOR('',#12940,1.);
#12940 = DIRECTION('',(0.,0.,1.));
#12941 = ORIENTED_EDGE('',*,*,#12942,.T.);
#12942 = EDGE_CURVE('',#12935,#12943,#12945,.T.);
#12943 = VERTEX_POINT('',#12944);
#12944 = CARTESIAN_POINT('',(-0.8,0.39,0.39));
#12945 = LINE('',#12946,#12947);
#12946 = CARTESIAN_POINT('',(-0.8,0.4,0.39));
#12947 = VECTOR('',#12948,1.);
#12948 = DIRECTION('',(-0.,1.,-0.));
#12949 = ORIENTED_EDGE('',*,*,#12950,.T.);
#12950 = EDGE_CURVE('',#12943,#12925,#12951,.T.);
#12951 = LINE('',#12952,#12953);
#12952 = CARTESIAN_POINT('',(-0.8,0.39,-0.4));
#12953 = VECTOR('',#12954,1.);
#12954 = DIRECTION('',(0.,-0.,-1.));
#12955 = PLANE('',#12956);
#12956 = AXIS2_PLACEMENT_3D('',#12957,#12958,#12959);
#12957 = CARTESIAN_POINT('',(-0.8,0.4,-0.4));
#12958 = DIRECTION('',(1.,0.,0.));
#12959 = DIRECTION('',(0.,0.,-1.));
#12960 = ADVANCED_FACE('',(#12961),#12995,.F.);
#12961 = FACE_BOUND('',#12962,.T.);
#12962 = EDGE_LOOP('',(#12963,#12973,#12981,#12989));
#12963 = ORIENTED_EDGE('',*,*,#12964,.T.);
#12964 = EDGE_CURVE('',#12965,#12967,#12969,.T.);
#12965 = VERTEX_POINT('',#12966);
#12966 = CARTESIAN_POINT('',(-0.79,0.39,0.4));
#12967 = VERTEX_POINT('',#12968);
#12968 = CARTESIAN_POINT('',(-0.79,-0.39,0.4));
#12969 = LINE('',#12970,#12971);
#12970 = CARTESIAN_POINT('',(-0.79,0.4,0.4));
#12971 = VECTOR('',#12972,1.);
#12972 = DIRECTION('',(0.,-1.,0.));
#12973 = ORIENTED_EDGE('',*,*,#12974,.T.);
#12974 = EDGE_CURVE('',#12967,#12975,#12977,.T.);
#12975 = VERTEX_POINT('',#12976);
#12976 = CARTESIAN_POINT('',(-0.45,-0.39,0.4));
#12977 = LINE('',#12978,#12979);
#12978 = CARTESIAN_POINT('',(-0.8,-0.39,0.4));
#12979 = VECTOR('',#12980,1.);
#12980 = DIRECTION('',(1.,-0.,0.));
#12981 = ORIENTED_EDGE('',*,*,#12982,.F.);
#12982 = EDGE_CURVE('',#12983,#12975,#12985,.T.);
#12983 = VERTEX_POINT('',#12984);
#12984 = CARTESIAN_POINT('',(-0.45,0.39,0.4));
#12985 = LINE('',#12986,#12987);
#12986 = CARTESIAN_POINT('',(-0.45,0.4,0.4));
#12987 = VECTOR('',#12988,1.);
#12988 = DIRECTION('',(-0.,-1.,-0.));
#12989 = ORIENTED_EDGE('',*,*,#12990,.T.);
#12990 = EDGE_CURVE('',#12983,#12965,#12991,.T.);
#12991 = LINE('',#12992,#12993);
#12992 = CARTESIAN_POINT('',(-0.8,0.39,0.4));
#12993 = VECTOR('',#12994,1.);
#12994 = DIRECTION('',(-1.,-0.,-0.));
#12995 = PLANE('',#12996);
#12996 = AXIS2_PLACEMENT_3D('',#12997,#12998,#12999);
#12997 = CARTESIAN_POINT('',(-0.8,0.4,0.4));
#12998 = DIRECTION('',(0.,0.,-1.));
#12999 = DIRECTION('',(-1.,0.,-0.));
#13000 = ADVANCED_FACE('',(#13001,#13035),#13096,.F.);
#13001 = FACE_BOUND('',#13002,.T.);
#13002 = EDGE_LOOP('',(#13003,#13013,#13021,#13029));
#13003 = ORIENTED_EDGE('',*,*,#13004,.F.);
#13004 = EDGE_CURVE('',#13005,#13007,#13009,.T.);
#13005 = VERTEX_POINT('',#13006);
#13006 = CARTESIAN_POINT('',(-0.45,-0.39,-0.39));
#13007 = VERTEX_POINT('',#13008);
#13008 = CARTESIAN_POINT('',(-0.45,0.39,-0.39));
#13009 = LINE('',#13010,#13011);
#13010 = CARTESIAN_POINT('',(-0.45,0.39,-0.39));
#13011 = VECTOR('',#13012,1.);
#13012 = DIRECTION('',(0.,1.,0.));
#13013 = ORIENTED_EDGE('',*,*,#13014,.F.);
#13014 = EDGE_CURVE('',#13015,#13005,#13017,.T.);
#13015 = VERTEX_POINT('',#13016);
#13016 = CARTESIAN_POINT('',(-0.45,-0.39,0.39));
#13017 = LINE('',#13018,#13019);
#13018 = CARTESIAN_POINT('',(-0.45,-0.39,0.39));
#13019 = VECTOR('',#13020,1.);
#13020 = DIRECTION('',(0.,-1.390002785238E-16,-1.));
#13021 = ORIENTED_EDGE('',*,*,#13022,.F.);
#13022 = EDGE_CURVE('',#13023,#13015,#13025,.T.);
#13023 = VERTEX_POINT('',#13024);
#13024 = CARTESIAN_POINT('',(-0.45,0.39,0.39));
#13025 = LINE('',#13026,#13027);
#13026 = CARTESIAN_POINT('',(-0.45,0.39,0.39));
#13027 = VECTOR('',#13028,1.);
#13028 = DIRECTION('',(0.,-1.,0.));
#13029 = ORIENTED_EDGE('',*,*,#13030,.F.);
#13030 = EDGE_CURVE('',#13007,#13023,#13031,.T.);
#13031 = LINE('',#13032,#13033);
#13032 = CARTESIAN_POINT('',(-0.45,0.39,0.39));
#13033 = VECTOR('',#13034,1.);
#13034 = DIRECTION('',(0.,-1.390002785238E-16,1.));
#13035 = FACE_BOUND('',#13036,.T.);
#13036 = EDGE_LOOP('',(#13037,#13047,#13056,#13064,#13073,#13081,#13088,
    #13089));
#13037 = ORIENTED_EDGE('',*,*,#13038,.T.);
#13038 = EDGE_CURVE('',#13039,#13041,#13043,.T.);
#13039 = VERTEX_POINT('',#13040);
#13040 = CARTESIAN_POINT('',(-0.45,-0.4,0.39));
#13041 = VERTEX_POINT('',#13042);
#13042 = CARTESIAN_POINT('',(-0.45,-0.4,-0.39));
#13043 = LINE('',#13044,#13045);
#13044 = CARTESIAN_POINT('',(-0.45,-0.4,-0.4));
#13045 = VECTOR('',#13046,1.);
#13046 = DIRECTION('',(-0.,-0.,-1.));
#13047 = ORIENTED_EDGE('',*,*,#13048,.T.);
#13048 = EDGE_CURVE('',#13041,#13049,#13051,.T.);
#13049 = VERTEX_POINT('',#13050);
#13050 = CARTESIAN_POINT('',(-0.45,-0.39,-0.4));
#13051 = CIRCLE('',#13052,1.E-02);
#13052 = AXIS2_PLACEMENT_3D('',#13053,#13054,#13055);
#13053 = CARTESIAN_POINT('',(-0.45,-0.39,-0.39));
#13054 = DIRECTION('',(1.,0.,-0.));
#13055 = DIRECTION('',(0.,0.,1.));
#13056 = ORIENTED_EDGE('',*,*,#13057,.F.);
#13057 = EDGE_CURVE('',#13058,#13049,#13060,.T.);
#13058 = VERTEX_POINT('',#13059);
#13059 = CARTESIAN_POINT('',(-0.45,0.39,-0.4));
#13060 = LINE('',#13061,#13062);
#13061 = CARTESIAN_POINT('',(-0.45,0.4,-0.4));
#13062 = VECTOR('',#13063,1.);
#13063 = DIRECTION('',(-0.,-1.,-0.));
#13064 = ORIENTED_EDGE('',*,*,#13065,.T.);
#13065 = EDGE_CURVE('',#13058,#13066,#13068,.T.);
#13066 = VERTEX_POINT('',#13067);
#13067 = CARTESIAN_POINT('',(-0.45,0.4,-0.39));
#13068 = CIRCLE('',#13069,1.E-02);
#13069 = AXIS2_PLACEMENT_3D('',#13070,#13071,#13072);
#13070 = CARTESIAN_POINT('',(-0.45,0.39,-0.39));
#13071 = DIRECTION('',(1.,0.,-0.));
#13072 = DIRECTION('',(0.,0.,1.));
#13073 = ORIENTED_EDGE('',*,*,#13074,.F.);
#13074 = EDGE_CURVE('',#13075,#13066,#13077,.T.);
#13075 = VERTEX_POINT('',#13076);
#13076 = CARTESIAN_POINT('',(-0.45,0.4,0.39));
#13077 = LINE('',#13078,#13079);
#13078 = CARTESIAN_POINT('',(-0.45,0.4,-0.4));
#13079 = VECTOR('',#13080,1.);
#13080 = DIRECTION('',(-0.,-0.,-1.));
#13081 = ORIENTED_EDGE('',*,*,#13082,.T.);
#13082 = EDGE_CURVE('',#13075,#12983,#13083,.T.);
#13083 = CIRCLE('',#13084,1.E-02);
#13084 = AXIS2_PLACEMENT_3D('',#13085,#13086,#13087);
#13085 = CARTESIAN_POINT('',(-0.45,0.39,0.39));
#13086 = DIRECTION('',(1.,0.,-0.));
#13087 = DIRECTION('',(0.,0.,1.));
#13088 = ORIENTED_EDGE('',*,*,#12982,.T.);
#13089 = ORIENTED_EDGE('',*,*,#13090,.T.);
#13090 = EDGE_CURVE('',#12975,#13039,#13091,.T.);
#13091 = CIRCLE('',#13092,1.E-02);
#13092 = AXIS2_PLACEMENT_3D('',#13093,#13094,#13095);
#13093 = CARTESIAN_POINT('',(-0.45,-0.39,0.39));
#13094 = DIRECTION('',(1.,0.,-0.));
#13095 = DIRECTION('',(0.,0.,1.));
#13096 = PLANE('',#13097);
#13097 = AXIS2_PLACEMENT_3D('',#13098,#13099,#13100);
#13098 = CARTESIAN_POINT('',(-0.45,0.4,-0.4));
#13099 = DIRECTION('',(-1.,0.,0.));
#13100 = DIRECTION('',(0.,0.,1.));
#13101 = ADVANCED_FACE('',(#13102),#13127,.F.);
#13102 = FACE_BOUND('',#13103,.T.);
#13103 = EDGE_LOOP('',(#13104,#13105,#13113,#13121));
#13104 = ORIENTED_EDGE('',*,*,#13057,.T.);
#13105 = ORIENTED_EDGE('',*,*,#13106,.T.);
#13106 = EDGE_CURVE('',#13049,#13107,#13109,.T.);
#13107 = VERTEX_POINT('',#13108);
#13108 = CARTESIAN_POINT('',(-0.79,-0.39,-0.4));
#13109 = LINE('',#13110,#13111);
#13110 = CARTESIAN_POINT('',(-0.8,-0.39,-0.4));
#13111 = VECTOR('',#13112,1.);
#13112 = DIRECTION('',(-1.,0.,0.));
#13113 = ORIENTED_EDGE('',*,*,#13114,.T.);
#13114 = EDGE_CURVE('',#13107,#13115,#13117,.T.);
#13115 = VERTEX_POINT('',#13116);
#13116 = CARTESIAN_POINT('',(-0.79,0.39,-0.4));
#13117 = LINE('',#13118,#13119);
#13118 = CARTESIAN_POINT('',(-0.79,0.4,-0.4));
#13119 = VECTOR('',#13120,1.);
#13120 = DIRECTION('',(-0.,1.,-0.));
#13121 = ORIENTED_EDGE('',*,*,#13122,.T.);
#13122 = EDGE_CURVE('',#13115,#13058,#13123,.T.);
#13123 = LINE('',#13124,#13125);
#13124 = CARTESIAN_POINT('',(-0.45,0.39,-0.4));
#13125 = VECTOR('',#13126,1.);
#13126 = DIRECTION('',(1.,-0.,-0.));
#13127 = PLANE('',#13128);
#13128 = AXIS2_PLACEMENT_3D('',#13129,#13130,#13131);
#13129 = CARTESIAN_POINT('',(-0.8,0.4,-0.4));
#13130 = DIRECTION('',(0.,0.,1.));
#13131 = DIRECTION('',(1.,0.,-0.));
#13132 = ADVANCED_FACE('',(#13133),#13158,.T.);
#13133 = FACE_BOUND('',#13134,.T.);
#13134 = EDGE_LOOP('',(#13135,#13136,#13144,#13152));
#13135 = ORIENTED_EDGE('',*,*,#13074,.T.);
#13136 = ORIENTED_EDGE('',*,*,#13137,.T.);
#13137 = EDGE_CURVE('',#13066,#13138,#13140,.T.);
#13138 = VERTEX_POINT('',#13139);
#13139 = CARTESIAN_POINT('',(-0.79,0.4,-0.39));
#13140 = LINE('',#13141,#13142);
#13141 = CARTESIAN_POINT('',(-0.8,0.4,-0.39));
#13142 = VECTOR('',#13143,1.);
#13143 = DIRECTION('',(-1.,0.,0.));
#13144 = ORIENTED_EDGE('',*,*,#13145,.T.);
#13145 = EDGE_CURVE('',#13138,#13146,#13148,.T.);
#13146 = VERTEX_POINT('',#13147);
#13147 = CARTESIAN_POINT('',(-0.79,0.4,0.39));
#13148 = LINE('',#13149,#13150);
#13149 = CARTESIAN_POINT('',(-0.79,0.4,0.4));
#13150 = VECTOR('',#13151,1.);
#13151 = DIRECTION('',(-0.,0.,1.));
#13152 = ORIENTED_EDGE('',*,*,#13153,.T.);
#13153 = EDGE_CURVE('',#13146,#13075,#13154,.T.);
#13154 = LINE('',#13155,#13156);
#13155 = CARTESIAN_POINT('',(-0.45,0.4,0.39));
#13156 = VECTOR('',#13157,1.);
#13157 = DIRECTION('',(1.,-0.,0.));
#13158 = PLANE('',#13159);
#13159 = AXIS2_PLACEMENT_3D('',#13160,#13161,#13162);
#13160 = CARTESIAN_POINT('',(-0.8,0.4,0.4));
#13161 = DIRECTION('',(0.,1.,0.));
#13162 = DIRECTION('',(0.,-0.,1.));
#13163 = ADVANCED_FACE('',(#13164),#13189,.F.);
#13164 = FACE_BOUND('',#13165,.T.);
#13165 = EDGE_LOOP('',(#13166,#13176,#13182,#13183));
#13166 = ORIENTED_EDGE('',*,*,#13167,.T.);
#13167 = EDGE_CURVE('',#13168,#13170,#13172,.T.);
#13168 = VERTEX_POINT('',#13169);
#13169 = CARTESIAN_POINT('',(-0.79,-0.4,0.39));
#13170 = VERTEX_POINT('',#13171);
#13171 = CARTESIAN_POINT('',(-0.79,-0.4,-0.39));
#13172 = LINE('',#13173,#13174);
#13173 = CARTESIAN_POINT('',(-0.79,-0.4,0.4));
#13174 = VECTOR('',#13175,1.);
#13175 = DIRECTION('',(-0.,0.,-1.));
#13176 = ORIENTED_EDGE('',*,*,#13177,.T.);
#13177 = EDGE_CURVE('',#13170,#13041,#13178,.T.);
#13178 = LINE('',#13179,#13180);
#13179 = CARTESIAN_POINT('',(-0.8,-0.4,-0.39));
#13180 = VECTOR('',#13181,1.);
#13181 = DIRECTION('',(1.,-0.,-0.));
#13182 = ORIENTED_EDGE('',*,*,#13038,.F.);
#13183 = ORIENTED_EDGE('',*,*,#13184,.T.);
#13184 = EDGE_CURVE('',#13039,#13168,#13185,.T.);
#13185 = LINE('',#13186,#13187);
#13186 = CARTESIAN_POINT('',(-0.8,-0.4,0.39));
#13187 = VECTOR('',#13188,1.);
#13188 = DIRECTION('',(-1.,0.,-0.));
#13189 = PLANE('',#13190);
#13190 = AXIS2_PLACEMENT_3D('',#13191,#13192,#13193);
#13191 = CARTESIAN_POINT('',(-0.8,-0.4,0.4));
#13192 = DIRECTION('',(0.,1.,0.));
#13193 = DIRECTION('',(0.,-0.,1.));
#13194 = ADVANCED_FACE('',(#13195),#13207,.T.);
#13195 = FACE_BOUND('',#13196,.T.);
#13196 = EDGE_LOOP('',(#13197,#13198,#13199,#13206));
#13197 = ORIENTED_EDGE('',*,*,#13065,.F.);
#13198 = ORIENTED_EDGE('',*,*,#13122,.F.);
#13199 = ORIENTED_EDGE('',*,*,#13200,.F.);
#13200 = EDGE_CURVE('',#13138,#13115,#13201,.T.);
#13201 = CIRCLE('',#13202,1.E-02);
#13202 = AXIS2_PLACEMENT_3D('',#13203,#13204,#13205);
#13203 = CARTESIAN_POINT('',(-0.79,0.39,-0.39));
#13204 = DIRECTION('',(-1.,0.,0.));
#13205 = DIRECTION('',(0.,0.,1.));
#13206 = ORIENTED_EDGE('',*,*,#13137,.F.);
#13207 = CYLINDRICAL_SURFACE('',#13208,1.E-02);
#13208 = AXIS2_PLACEMENT_3D('',#13209,#13210,#13211);
#13209 = CARTESIAN_POINT('',(-0.8,0.39,-0.39));
#13210 = DIRECTION('',(1.,0.,0.));
#13211 = DIRECTION('',(0.,0.,-1.));
#13212 = ADVANCED_FACE('',(#13213),#13231,.T.);
#13213 = FACE_BOUND('',#13214,.T.);
#13214 = EDGE_LOOP('',(#13215,#13222,#13223,#13230));
#13215 = ORIENTED_EDGE('',*,*,#13216,.F.);
#13216 = EDGE_CURVE('',#13146,#12943,#13217,.T.);
#13217 = CIRCLE('',#13218,1.E-02);
#13218 = AXIS2_PLACEMENT_3D('',#13219,#13220,#13221);
#13219 = CARTESIAN_POINT('',(-0.79,0.39,0.39));
#13220 = DIRECTION('',(0.,-0.,1.));
#13221 = DIRECTION('',(1.,0.,0.));
#13222 = ORIENTED_EDGE('',*,*,#13145,.F.);
#13223 = ORIENTED_EDGE('',*,*,#13224,.F.);
#13224 = EDGE_CURVE('',#12925,#13138,#13225,.T.);
#13225 = CIRCLE('',#13226,1.E-02);
#13226 = AXIS2_PLACEMENT_3D('',#13227,#13228,#13229);
#13227 = CARTESIAN_POINT('',(-0.79,0.39,-0.39));
#13228 = DIRECTION('',(0.,0.,-1.));
#13229 = DIRECTION('',(-1.,0.,0.));
#13230 = ORIENTED_EDGE('',*,*,#12950,.F.);
#13231 = CYLINDRICAL_SURFACE('',#13232,1.E-02);
#13232 = AXIS2_PLACEMENT_3D('',#13233,#13234,#13235);
#13233 = CARTESIAN_POINT('',(-0.79,0.39,0.4));
#13234 = DIRECTION('',(0.,0.,-1.));
#13235 = DIRECTION('',(-1.,0.,0.));
#13236 = ADVANCED_FACE('',(#13237),#13249,.T.);
#13237 = FACE_BOUND('',#13238,.T.);
#13238 = EDGE_LOOP('',(#13239,#13240,#13241,#13248));
#13239 = ORIENTED_EDGE('',*,*,#13082,.F.);
#13240 = ORIENTED_EDGE('',*,*,#13153,.F.);
#13241 = ORIENTED_EDGE('',*,*,#13242,.F.);
#13242 = EDGE_CURVE('',#12965,#13146,#13243,.T.);
#13243 = CIRCLE('',#13244,1.E-02);
#13244 = AXIS2_PLACEMENT_3D('',#13245,#13246,#13247);
#13245 = CARTESIAN_POINT('',(-0.79,0.39,0.39));
#13246 = DIRECTION('',(-1.,0.,0.));
#13247 = DIRECTION('',(0.,0.,1.));
#13248 = ORIENTED_EDGE('',*,*,#12990,.F.);
#13249 = CYLINDRICAL_SURFACE('',#13250,1.E-02);
#13250 = AXIS2_PLACEMENT_3D('',#13251,#13252,#13253);
#13251 = CARTESIAN_POINT('',(-0.8,0.39,0.39));
#13252 = DIRECTION('',(-1.,0.,0.));
#13253 = DIRECTION('',(0.,0.,1.));
#13254 = ADVANCED_FACE('',(#13255),#13266,.T.);
#13255 = FACE_BOUND('',#13256,.T.);
#13256 = EDGE_LOOP('',(#13257,#13258,#13259));
#13257 = ORIENTED_EDGE('',*,*,#13224,.T.);
#13258 = ORIENTED_EDGE('',*,*,#13200,.T.);
#13259 = ORIENTED_EDGE('',*,*,#13260,.F.);
#13260 = EDGE_CURVE('',#12925,#13115,#13261,.T.);
#13261 = CIRCLE('',#13262,1.E-02);
#13262 = AXIS2_PLACEMENT_3D('',#13263,#13264,#13265);
#13263 = CARTESIAN_POINT('',(-0.79,0.39,-0.39));
#13264 = DIRECTION('',(0.,-1.,0.));
#13265 = DIRECTION('',(0.,0.,1.));
#13266 = SPHERICAL_SURFACE('',#13267,1.E-02);
#13267 = AXIS2_PLACEMENT_3D('',#13268,#13269,#13270);
#13268 = CARTESIAN_POINT('',(-0.79,0.39,-0.39));
#13269 = DIRECTION('',(0.,1.,0.));
#13270 = DIRECTION('',(1.,0.,0.));
#13271 = ADVANCED_FACE('',(#13272),#13283,.T.);
#13272 = FACE_BOUND('',#13273,.T.);
#13273 = EDGE_LOOP('',(#13274,#13275,#13276));
#13274 = ORIENTED_EDGE('',*,*,#13242,.T.);
#13275 = ORIENTED_EDGE('',*,*,#13216,.T.);
#13276 = ORIENTED_EDGE('',*,*,#13277,.F.);
#13277 = EDGE_CURVE('',#12965,#12943,#13278,.T.);
#13278 = CIRCLE('',#13279,1.E-02);
#13279 = AXIS2_PLACEMENT_3D('',#13280,#13281,#13282);
#13280 = CARTESIAN_POINT('',(-0.79,0.39,0.39));
#13281 = DIRECTION('',(0.,-1.,0.));
#13282 = DIRECTION('',(0.,0.,1.));
#13283 = SPHERICAL_SURFACE('',#13284,1.E-02);
#13284 = AXIS2_PLACEMENT_3D('',#13285,#13286,#13287);
#13285 = CARTESIAN_POINT('',(-0.79,0.39,0.39));
#13286 = DIRECTION('',(0.,1.,0.));
#13287 = DIRECTION('',(1.,0.,0.));
#13288 = ADVANCED_FACE('',(#13289),#13301,.T.);
#13289 = FACE_BOUND('',#13290,.T.);
#13290 = EDGE_LOOP('',(#13291,#13292,#13293,#13300));
#13291 = ORIENTED_EDGE('',*,*,#13048,.F.);
#13292 = ORIENTED_EDGE('',*,*,#13177,.F.);
#13293 = ORIENTED_EDGE('',*,*,#13294,.F.);
#13294 = EDGE_CURVE('',#13107,#13170,#13295,.T.);
#13295 = CIRCLE('',#13296,1.E-02);
#13296 = AXIS2_PLACEMENT_3D('',#13297,#13298,#13299);
#13297 = CARTESIAN_POINT('',(-0.79,-0.39,-0.39));
#13298 = DIRECTION('',(-1.,0.,-0.));
#13299 = DIRECTION('',(-0.,0.,1.));
#13300 = ORIENTED_EDGE('',*,*,#13106,.F.);
#13301 = CYLINDRICAL_SURFACE('',#13302,1.E-02);
#13302 = AXIS2_PLACEMENT_3D('',#13303,#13304,#13305);
#13303 = CARTESIAN_POINT('',(-0.8,-0.39,-0.39));
#13304 = DIRECTION('',(-1.,0.,0.));
#13305 = DIRECTION('',(0.,0.,1.));
#13306 = ADVANCED_FACE('',(#13307),#13319,.T.);
#13307 = FACE_BOUND('',#13308,.T.);
#13308 = EDGE_LOOP('',(#13309,#13310,#13311,#13318));
#13309 = ORIENTED_EDGE('',*,*,#13260,.T.);
#13310 = ORIENTED_EDGE('',*,*,#13114,.F.);
#13311 = ORIENTED_EDGE('',*,*,#13312,.F.);
#13312 = EDGE_CURVE('',#12927,#13107,#13313,.T.);
#13313 = CIRCLE('',#13314,1.E-02);
#13314 = AXIS2_PLACEMENT_3D('',#13315,#13316,#13317);
#13315 = CARTESIAN_POINT('',(-0.79,-0.39,-0.39));
#13316 = DIRECTION('',(0.,-1.,-0.));
#13317 = DIRECTION('',(0.,0.,-1.));
#13318 = ORIENTED_EDGE('',*,*,#12924,.F.);
#13319 = CYLINDRICAL_SURFACE('',#13320,1.E-02);
#13320 = AXIS2_PLACEMENT_3D('',#13321,#13322,#13323);
#13321 = CARTESIAN_POINT('',(-0.79,0.4,-0.39));
#13322 = DIRECTION('',(0.,-1.,0.));
#13323 = DIRECTION('',(0.,0.,-1.));
#13324 = ADVANCED_FACE('',(#13325),#13337,.T.);
#13325 = FACE_BOUND('',#13326,.T.);
#13326 = EDGE_LOOP('',(#13327,#13328,#13329,#13336));
#13327 = ORIENTED_EDGE('',*,*,#13277,.T.);
#13328 = ORIENTED_EDGE('',*,*,#12942,.F.);
#13329 = ORIENTED_EDGE('',*,*,#13330,.F.);
#13330 = EDGE_CURVE('',#12967,#12935,#13331,.T.);
#13331 = CIRCLE('',#13332,1.E-02);
#13332 = AXIS2_PLACEMENT_3D('',#13333,#13334,#13335);
#13333 = CARTESIAN_POINT('',(-0.79,-0.39,0.39));
#13334 = DIRECTION('',(0.,-1.,0.));
#13335 = DIRECTION('',(0.,0.,-1.));
#13336 = ORIENTED_EDGE('',*,*,#12964,.F.);
#13337 = CYLINDRICAL_SURFACE('',#13338,1.E-02);
#13338 = AXIS2_PLACEMENT_3D('',#13339,#13340,#13341);
#13339 = CARTESIAN_POINT('',(-0.79,0.4,0.39));
#13340 = DIRECTION('',(0.,-1.,0.));
#13341 = DIRECTION('',(0.,0.,-1.));
#13342 = ADVANCED_FACE('',(#13343),#13355,.T.);
#13343 = FACE_BOUND('',#13344,.T.);
#13344 = EDGE_LOOP('',(#13345,#13346,#13347,#13354));
#13345 = ORIENTED_EDGE('',*,*,#13090,.F.);
#13346 = ORIENTED_EDGE('',*,*,#12974,.F.);
#13347 = ORIENTED_EDGE('',*,*,#13348,.F.);
#13348 = EDGE_CURVE('',#13168,#12967,#13349,.T.);
#13349 = CIRCLE('',#13350,1.E-02);
#13350 = AXIS2_PLACEMENT_3D('',#13351,#13352,#13353);
#13351 = CARTESIAN_POINT('',(-0.79,-0.39,0.39));
#13352 = DIRECTION('',(-1.,0.,0.));
#13353 = DIRECTION('',(0.,0.,1.));
#13354 = ORIENTED_EDGE('',*,*,#13184,.F.);
#13355 = CYLINDRICAL_SURFACE('',#13356,1.E-02);
#13356 = AXIS2_PLACEMENT_3D('',#13357,#13358,#13359);
#13357 = CARTESIAN_POINT('',(-0.8,-0.39,0.39));
#13358 = DIRECTION('',(1.,-0.,0.));
#13359 = DIRECTION('',(0.,0.,-1.));
#13360 = ADVANCED_FACE('',(#13361),#13372,.T.);
#13361 = FACE_BOUND('',#13362,.T.);
#13362 = EDGE_LOOP('',(#13363,#13364,#13365));
#13363 = ORIENTED_EDGE('',*,*,#13312,.T.);
#13364 = ORIENTED_EDGE('',*,*,#13294,.T.);
#13365 = ORIENTED_EDGE('',*,*,#13366,.F.);
#13366 = EDGE_CURVE('',#12927,#13170,#13367,.T.);
#13367 = CIRCLE('',#13368,1.E-02);
#13368 = AXIS2_PLACEMENT_3D('',#13369,#13370,#13371);
#13369 = CARTESIAN_POINT('',(-0.79,-0.39,-0.39));
#13370 = DIRECTION('',(0.,0.,1.));
#13371 = DIRECTION('',(-1.,0.,0.));
#13372 = SPHERICAL_SURFACE('',#13373,1.E-02);
#13373 = AXIS2_PLACEMENT_3D('',#13374,#13375,#13376);
#13374 = CARTESIAN_POINT('',(-0.79,-0.39,-0.39));
#13375 = DIRECTION('',(0.,1.,0.));
#13376 = DIRECTION('',(1.,0.,0.));
#13377 = ADVANCED_FACE('',(#13378),#13389,.T.);
#13378 = FACE_BOUND('',#13379,.T.);
#13379 = EDGE_LOOP('',(#13380,#13381,#13382));
#13380 = ORIENTED_EDGE('',*,*,#13348,.T.);
#13381 = ORIENTED_EDGE('',*,*,#13330,.T.);
#13382 = ORIENTED_EDGE('',*,*,#13383,.F.);
#13383 = EDGE_CURVE('',#13168,#12935,#13384,.T.);
#13384 = CIRCLE('',#13385,1.E-02);
#13385 = AXIS2_PLACEMENT_3D('',#13386,#13387,#13388);
#13386 = CARTESIAN_POINT('',(-0.79,-0.39,0.39));
#13387 = DIRECTION('',(0.,0.,-1.));
#13388 = DIRECTION('',(1.,0.,0.));
#13389 = SPHERICAL_SURFACE('',#13390,1.E-02);
#13390 = AXIS2_PLACEMENT_3D('',#13391,#13392,#13393);
#13391 = CARTESIAN_POINT('',(-0.79,-0.39,0.39));
#13392 = DIRECTION('',(0.,1.,0.));
#13393 = DIRECTION('',(1.,0.,0.));
#13394 = ADVANCED_FACE('',(#13395),#13401,.T.);
#13395 = FACE_BOUND('',#13396,.T.);
#13396 = EDGE_LOOP('',(#13397,#13398,#13399,#13400));
#13397 = ORIENTED_EDGE('',*,*,#13366,.T.);
#13398 = ORIENTED_EDGE('',*,*,#13167,.F.);
#13399 = ORIENTED_EDGE('',*,*,#13383,.T.);
#13400 = ORIENTED_EDGE('',*,*,#12934,.F.);
#13401 = CYLINDRICAL_SURFACE('',#13402,1.E-02);
#13402 = AXIS2_PLACEMENT_3D('',#13403,#13404,#13405);
#13403 = CARTESIAN_POINT('',(-0.79,-0.39,-0.4));
#13404 = DIRECTION('',(0.,0.,1.));
#13405 = DIRECTION('',(1.,0.,-0.));
#13406 = ADVANCED_FACE('',(#13407),#13432,.T.);
#13407 = FACE_BOUND('',#13408,.T.);
#13408 = EDGE_LOOP('',(#13409,#13417,#13418,#13426));
#13409 = ORIENTED_EDGE('',*,*,#13410,.F.);
#13410 = EDGE_CURVE('',#13015,#13411,#13413,.T.);
#13411 = VERTEX_POINT('',#13412);
#13412 = CARTESIAN_POINT('',(0.45,-0.39,0.39));
#13413 = LINE('',#13414,#13415);
#13414 = CARTESIAN_POINT('',(-1.553086578651,-0.39,0.39));
#13415 = VECTOR('',#13416,1.);
#13416 = DIRECTION('',(1.,0.,0.));
#13417 = ORIENTED_EDGE('',*,*,#13014,.T.);
#13418 = ORIENTED_EDGE('',*,*,#13419,.T.);
#13419 = EDGE_CURVE('',#13005,#13420,#13422,.T.);
#13420 = VERTEX_POINT('',#13421);
#13421 = CARTESIAN_POINT('',(0.45,-0.39,-0.39));
#13422 = LINE('',#13423,#13424);
#13423 = CARTESIAN_POINT('',(-1.553086578651,-0.39,-0.39));
#13424 = VECTOR('',#13425,1.);
#13425 = DIRECTION('',(1.,0.,0.));
#13426 = ORIENTED_EDGE('',*,*,#13427,.F.);
#13427 = EDGE_CURVE('',#13411,#13420,#13428,.T.);
#13428 = LINE('',#13429,#13430);
#13429 = CARTESIAN_POINT('',(0.45,-0.39,0.39));
#13430 = VECTOR('',#13431,1.);
#13431 = DIRECTION('',(-0.,-1.390002785238E-16,-1.));
#13432 = PLANE('',#13433);
#13433 = AXIS2_PLACEMENT_3D('',#13434,#13435,#13436);
#13434 = CARTESIAN_POINT('',(-1.553086578651,-0.39,0.39));
#13435 = DIRECTION('',(0.,-1.,1.390002785238E-16));
#13436 = DIRECTION('',(0.,-1.390002785238E-16,-1.));
#13437 = ADVANCED_FACE('',(#13438),#13456,.T.);
#13438 = FACE_BOUND('',#13439,.T.);
#13439 = EDGE_LOOP('',(#13440,#13441,#13442,#13450));
#13440 = ORIENTED_EDGE('',*,*,#13419,.F.);
#13441 = ORIENTED_EDGE('',*,*,#13004,.T.);
#13442 = ORIENTED_EDGE('',*,*,#13443,.T.);
#13443 = EDGE_CURVE('',#13007,#13444,#13446,.T.);
#13444 = VERTEX_POINT('',#13445);
#13445 = CARTESIAN_POINT('',(0.45,0.39,-0.39));
#13446 = LINE('',#13447,#13448);
#13447 = CARTESIAN_POINT('',(-1.553086578651,0.39,-0.39));
#13448 = VECTOR('',#13449,1.);
#13449 = DIRECTION('',(1.,0.,0.));
#13450 = ORIENTED_EDGE('',*,*,#13451,.F.);
#13451 = EDGE_CURVE('',#13420,#13444,#13452,.T.);
#13452 = LINE('',#13453,#13454);
#13453 = CARTESIAN_POINT('',(0.45,0.39,-0.39));
#13454 = VECTOR('',#13455,1.);
#13455 = DIRECTION('',(0.,1.,0.));
#13456 = PLANE('',#13457);
#13457 = AXIS2_PLACEMENT_3D('',#13458,#13459,#13460);
#13458 = CARTESIAN_POINT('',(-1.553086578651,0.39,-0.39));
#13459 = DIRECTION('',(0.,0.,-1.));
#13460 = DIRECTION('',(-1.,0.,-0.));
#13461 = ADVANCED_FACE('',(#13462),#13480,.T.);
#13462 = FACE_BOUND('',#13463,.T.);
#13463 = EDGE_LOOP('',(#13464,#13465,#13466,#13474));
#13464 = ORIENTED_EDGE('',*,*,#13443,.F.);
#13465 = ORIENTED_EDGE('',*,*,#13030,.T.);
#13466 = ORIENTED_EDGE('',*,*,#13467,.T.);
#13467 = EDGE_CURVE('',#13023,#13468,#13470,.T.);
#13468 = VERTEX_POINT('',#13469);
#13469 = CARTESIAN_POINT('',(0.45,0.39,0.39));
#13470 = LINE('',#13471,#13472);
#13471 = CARTESIAN_POINT('',(-1.553086578651,0.39,0.39));
#13472 = VECTOR('',#13473,1.);
#13473 = DIRECTION('',(1.,0.,0.));
#13474 = ORIENTED_EDGE('',*,*,#13475,.F.);
#13475 = EDGE_CURVE('',#13444,#13468,#13476,.T.);
#13476 = LINE('',#13477,#13478);
#13477 = CARTESIAN_POINT('',(0.45,0.39,0.39));
#13478 = VECTOR('',#13479,1.);
#13479 = DIRECTION('',(0.,-1.390002785238E-16,1.));
#13480 = PLANE('',#13481);
#13481 = AXIS2_PLACEMENT_3D('',#13482,#13483,#13484);
#13482 = CARTESIAN_POINT('',(-1.553086578651,0.39,0.39));
#13483 = DIRECTION('',(-0.,1.,1.390002785238E-16));
#13484 = DIRECTION('',(0.,-1.390002785238E-16,1.));
#13485 = ADVANCED_FACE('',(#13486),#13497,.T.);
#13486 = FACE_BOUND('',#13487,.T.);
#13487 = EDGE_LOOP('',(#13488,#13489,#13490,#13491));
#13488 = ORIENTED_EDGE('',*,*,#13467,.F.);
#13489 = ORIENTED_EDGE('',*,*,#13022,.T.);
#13490 = ORIENTED_EDGE('',*,*,#13410,.T.);
#13491 = ORIENTED_EDGE('',*,*,#13492,.F.);
#13492 = EDGE_CURVE('',#13468,#13411,#13493,.T.);
#13493 = LINE('',#13494,#13495);
#13494 = CARTESIAN_POINT('',(0.45,0.39,0.39));
#13495 = VECTOR('',#13496,1.);
#13496 = DIRECTION('',(0.,-1.,0.));
#13497 = PLANE('',#13498);
#13498 = AXIS2_PLACEMENT_3D('',#13499,#13500,#13501);
#13499 = CARTESIAN_POINT('',(-1.553086578651,0.39,0.39));
#13500 = DIRECTION('',(-0.,0.,1.));
#13501 = DIRECTION('',(1.,0.,0.));
#13502 = ADVANCED_FACE('',(#13503),#13537,.F.);
#13503 = FACE_BOUND('',#13504,.T.);
#13504 = EDGE_LOOP('',(#13505,#13515,#13523,#13531));
#13505 = ORIENTED_EDGE('',*,*,#13506,.F.);
#13506 = EDGE_CURVE('',#13507,#13509,#13511,.T.);
#13507 = VERTEX_POINT('',#13508);
#13508 = CARTESIAN_POINT('',(0.8,0.39,-0.39));
#13509 = VERTEX_POINT('',#13510);
#13510 = CARTESIAN_POINT('',(0.8,-0.39,-0.39));
#13511 = LINE('',#13512,#13513);
#13512 = CARTESIAN_POINT('',(0.8,0.4,-0.39));
#13513 = VECTOR('',#13514,1.);
#13514 = DIRECTION('',(0.,-1.,0.));
#13515 = ORIENTED_EDGE('',*,*,#13516,.F.);
#13516 = EDGE_CURVE('',#13517,#13507,#13519,.T.);
#13517 = VERTEX_POINT('',#13518);
#13518 = CARTESIAN_POINT('',(0.8,0.39,0.39));
#13519 = LINE('',#13520,#13521);
#13520 = CARTESIAN_POINT('',(0.8,0.39,-0.4));
#13521 = VECTOR('',#13522,1.);
#13522 = DIRECTION('',(-0.,-0.,-1.));
#13523 = ORIENTED_EDGE('',*,*,#13524,.F.);
#13524 = EDGE_CURVE('',#13525,#13517,#13527,.T.);
#13525 = VERTEX_POINT('',#13526);
#13526 = CARTESIAN_POINT('',(0.8,-0.39,0.39));
#13527 = LINE('',#13528,#13529);
#13528 = CARTESIAN_POINT('',(0.8,0.4,0.39));
#13529 = VECTOR('',#13530,1.);
#13530 = DIRECTION('',(-0.,1.,-0.));
#13531 = ORIENTED_EDGE('',*,*,#13532,.F.);
#13532 = EDGE_CURVE('',#13509,#13525,#13533,.T.);
#13533 = LINE('',#13534,#13535);
#13534 = CARTESIAN_POINT('',(0.8,-0.39,-0.4));
#13535 = VECTOR('',#13536,1.);
#13536 = DIRECTION('',(0.,0.,1.));
#13537 = PLANE('',#13538);
#13538 = AXIS2_PLACEMENT_3D('',#13539,#13540,#13541);
#13539 = CARTESIAN_POINT('',(0.8,0.4,-0.4));
#13540 = DIRECTION('',(-1.,0.,0.));
#13541 = DIRECTION('',(0.,0.,-1.));
#13542 = ADVANCED_FACE('',(#13543),#13577,.F.);
#13543 = FACE_BOUND('',#13544,.T.);
#13544 = EDGE_LOOP('',(#13545,#13555,#13563,#13571));
#13545 = ORIENTED_EDGE('',*,*,#13546,.F.);
#13546 = EDGE_CURVE('',#13547,#13549,#13551,.T.);
#13547 = VERTEX_POINT('',#13548);
#13548 = CARTESIAN_POINT('',(0.79,0.39,0.4));
#13549 = VERTEX_POINT('',#13550);
#13550 = CARTESIAN_POINT('',(0.79,-0.39,0.4));
#13551 = LINE('',#13552,#13553);
#13552 = CARTESIAN_POINT('',(0.79,0.4,0.4));
#13553 = VECTOR('',#13554,1.);
#13554 = DIRECTION('',(0.,-1.,0.));
#13555 = ORIENTED_EDGE('',*,*,#13556,.F.);
#13556 = EDGE_CURVE('',#13557,#13547,#13559,.T.);
#13557 = VERTEX_POINT('',#13558);
#13558 = CARTESIAN_POINT('',(0.45,0.39,0.4));
#13559 = LINE('',#13560,#13561);
#13560 = CARTESIAN_POINT('',(0.8,0.39,0.4));
#13561 = VECTOR('',#13562,1.);
#13562 = DIRECTION('',(1.,-0.,-0.));
#13563 = ORIENTED_EDGE('',*,*,#13564,.T.);
#13564 = EDGE_CURVE('',#13557,#13565,#13567,.T.);
#13565 = VERTEX_POINT('',#13566);
#13566 = CARTESIAN_POINT('',(0.45,-0.39,0.4));
#13567 = LINE('',#13568,#13569);
#13568 = CARTESIAN_POINT('',(0.45,0.4,0.4));
#13569 = VECTOR('',#13570,1.);
#13570 = DIRECTION('',(0.,-1.,-0.));
#13571 = ORIENTED_EDGE('',*,*,#13572,.F.);
#13572 = EDGE_CURVE('',#13549,#13565,#13573,.T.);
#13573 = LINE('',#13574,#13575);
#13574 = CARTESIAN_POINT('',(0.8,-0.39,0.4));
#13575 = VECTOR('',#13576,1.);
#13576 = DIRECTION('',(-1.,0.,0.));
#13577 = PLANE('',#13578);
#13578 = AXIS2_PLACEMENT_3D('',#13579,#13580,#13581);
#13579 = CARTESIAN_POINT('',(0.8,0.4,0.4));
#13580 = DIRECTION('',(0.,0.,-1.));
#13581 = DIRECTION('',(1.,0.,0.));
#13582 = ADVANCED_FACE('',(#13583,#13589),#13650,.F.);
#13583 = FACE_BOUND('',#13584,.T.);
#13584 = EDGE_LOOP('',(#13585,#13586,#13587,#13588));
#13585 = ORIENTED_EDGE('',*,*,#13451,.T.);
#13586 = ORIENTED_EDGE('',*,*,#13475,.T.);
#13587 = ORIENTED_EDGE('',*,*,#13492,.T.);
#13588 = ORIENTED_EDGE('',*,*,#13427,.T.);
#13589 = FACE_BOUND('',#13590,.T.);
#13590 = EDGE_LOOP('',(#13591,#13601,#13608,#13609,#13618,#13626,#13635,
    #13643));
#13591 = ORIENTED_EDGE('',*,*,#13592,.F.);
#13592 = EDGE_CURVE('',#13593,#13595,#13597,.T.);
#13593 = VERTEX_POINT('',#13594);
#13594 = CARTESIAN_POINT('',(0.45,-0.4,0.39));
#13595 = VERTEX_POINT('',#13596);
#13596 = CARTESIAN_POINT('',(0.45,-0.4,-0.39));
#13597 = LINE('',#13598,#13599);
#13598 = CARTESIAN_POINT('',(0.45,-0.4,-0.4));
#13599 = VECTOR('',#13600,1.);
#13600 = DIRECTION('',(0.,-0.,-1.));
#13601 = ORIENTED_EDGE('',*,*,#13602,.F.);
#13602 = EDGE_CURVE('',#13565,#13593,#13603,.T.);
#13603 = CIRCLE('',#13604,1.E-02);
#13604 = AXIS2_PLACEMENT_3D('',#13605,#13606,#13607);
#13605 = CARTESIAN_POINT('',(0.45,-0.39,0.39));
#13606 = DIRECTION('',(1.,0.,-0.));
#13607 = DIRECTION('',(0.,0.,1.));
#13608 = ORIENTED_EDGE('',*,*,#13564,.F.);
#13609 = ORIENTED_EDGE('',*,*,#13610,.F.);
#13610 = EDGE_CURVE('',#13611,#13557,#13613,.T.);
#13611 = VERTEX_POINT('',#13612);
#13612 = CARTESIAN_POINT('',(0.45,0.4,0.39));
#13613 = CIRCLE('',#13614,1.E-02);
#13614 = AXIS2_PLACEMENT_3D('',#13615,#13616,#13617);
#13615 = CARTESIAN_POINT('',(0.45,0.39,0.39));
#13616 = DIRECTION('',(1.,0.,-0.));
#13617 = DIRECTION('',(0.,0.,1.));
#13618 = ORIENTED_EDGE('',*,*,#13619,.T.);
#13619 = EDGE_CURVE('',#13611,#13620,#13622,.T.);
#13620 = VERTEX_POINT('',#13621);
#13621 = CARTESIAN_POINT('',(0.45,0.4,-0.39));
#13622 = LINE('',#13623,#13624);
#13623 = CARTESIAN_POINT('',(0.45,0.4,-0.4));
#13624 = VECTOR('',#13625,1.);
#13625 = DIRECTION('',(0.,-0.,-1.));
#13626 = ORIENTED_EDGE('',*,*,#13627,.F.);
#13627 = EDGE_CURVE('',#13628,#13620,#13630,.T.);
#13628 = VERTEX_POINT('',#13629);
#13629 = CARTESIAN_POINT('',(0.45,0.39,-0.4));
#13630 = CIRCLE('',#13631,1.E-02);
#13631 = AXIS2_PLACEMENT_3D('',#13632,#13633,#13634);
#13632 = CARTESIAN_POINT('',(0.45,0.39,-0.39));
#13633 = DIRECTION('',(1.,0.,-0.));
#13634 = DIRECTION('',(0.,0.,1.));
#13635 = ORIENTED_EDGE('',*,*,#13636,.T.);
#13636 = EDGE_CURVE('',#13628,#13637,#13639,.T.);
#13637 = VERTEX_POINT('',#13638);
#13638 = CARTESIAN_POINT('',(0.45,-0.39,-0.4));
#13639 = LINE('',#13640,#13641);
#13640 = CARTESIAN_POINT('',(0.45,0.4,-0.4));
#13641 = VECTOR('',#13642,1.);
#13642 = DIRECTION('',(0.,-1.,-0.));
#13643 = ORIENTED_EDGE('',*,*,#13644,.F.);
#13644 = EDGE_CURVE('',#13595,#13637,#13645,.T.);
#13645 = CIRCLE('',#13646,1.E-02);
#13646 = AXIS2_PLACEMENT_3D('',#13647,#13648,#13649);
#13647 = CARTESIAN_POINT('',(0.45,-0.39,-0.39));
#13648 = DIRECTION('',(1.,0.,-0.));
#13649 = DIRECTION('',(0.,0.,1.));
#13650 = PLANE('',#13651);
#13651 = AXIS2_PLACEMENT_3D('',#13652,#13653,#13654);
#13652 = CARTESIAN_POINT('',(0.45,0.4,-0.4));
#13653 = DIRECTION('',(1.,0.,-0.));
#13654 = DIRECTION('',(0.,0.,1.));
#13655 = ADVANCED_FACE('',(#13656),#13681,.F.);
#13656 = FACE_BOUND('',#13657,.T.);
#13657 = EDGE_LOOP('',(#13658,#13659,#13667,#13675));
#13658 = ORIENTED_EDGE('',*,*,#13636,.F.);
#13659 = ORIENTED_EDGE('',*,*,#13660,.F.);
#13660 = EDGE_CURVE('',#13661,#13628,#13663,.T.);
#13661 = VERTEX_POINT('',#13662);
#13662 = CARTESIAN_POINT('',(0.79,0.39,-0.4));
#13663 = LINE('',#13664,#13665);
#13664 = CARTESIAN_POINT('',(0.45,0.39,-0.4));
#13665 = VECTOR('',#13666,1.);
#13666 = DIRECTION('',(-1.,-0.,-0.));
#13667 = ORIENTED_EDGE('',*,*,#13668,.F.);
#13668 = EDGE_CURVE('',#13669,#13661,#13671,.T.);
#13669 = VERTEX_POINT('',#13670);
#13670 = CARTESIAN_POINT('',(0.79,-0.39,-0.4));
#13671 = LINE('',#13672,#13673);
#13672 = CARTESIAN_POINT('',(0.79,0.4,-0.4));
#13673 = VECTOR('',#13674,1.);
#13674 = DIRECTION('',(-0.,1.,-0.));
#13675 = ORIENTED_EDGE('',*,*,#13676,.F.);
#13676 = EDGE_CURVE('',#13637,#13669,#13677,.T.);
#13677 = LINE('',#13678,#13679);
#13678 = CARTESIAN_POINT('',(0.8,-0.39,-0.4));
#13679 = VECTOR('',#13680,1.);
#13680 = DIRECTION('',(1.,0.,0.));
#13681 = PLANE('',#13682);
#13682 = AXIS2_PLACEMENT_3D('',#13683,#13684,#13685);
#13683 = CARTESIAN_POINT('',(0.8,0.4,-0.4));
#13684 = DIRECTION('',(0.,0.,1.));
#13685 = DIRECTION('',(-1.,0.,0.));
#13686 = ADVANCED_FACE('',(#13687),#13712,.T.);
#13687 = FACE_BOUND('',#13688,.T.);
#13688 = EDGE_LOOP('',(#13689,#13690,#13698,#13706));
#13689 = ORIENTED_EDGE('',*,*,#13619,.F.);
#13690 = ORIENTED_EDGE('',*,*,#13691,.F.);
#13691 = EDGE_CURVE('',#13692,#13611,#13694,.T.);
#13692 = VERTEX_POINT('',#13693);
#13693 = CARTESIAN_POINT('',(0.79,0.4,0.39));
#13694 = LINE('',#13695,#13696);
#13695 = CARTESIAN_POINT('',(0.45,0.4,0.39));
#13696 = VECTOR('',#13697,1.);
#13697 = DIRECTION('',(-1.,0.,0.));
#13698 = ORIENTED_EDGE('',*,*,#13699,.F.);
#13699 = EDGE_CURVE('',#13700,#13692,#13702,.T.);
#13700 = VERTEX_POINT('',#13701);
#13701 = CARTESIAN_POINT('',(0.79,0.4,-0.39));
#13702 = LINE('',#13703,#13704);
#13703 = CARTESIAN_POINT('',(0.79,0.4,0.4));
#13704 = VECTOR('',#13705,1.);
#13705 = DIRECTION('',(0.,0.,1.));
#13706 = ORIENTED_EDGE('',*,*,#13707,.F.);
#13707 = EDGE_CURVE('',#13620,#13700,#13708,.T.);
#13708 = LINE('',#13709,#13710);
#13709 = CARTESIAN_POINT('',(0.8,0.4,-0.39));
#13710 = VECTOR('',#13711,1.);
#13711 = DIRECTION('',(1.,0.,0.));
#13712 = PLANE('',#13713);
#13713 = AXIS2_PLACEMENT_3D('',#13714,#13715,#13716);
#13714 = CARTESIAN_POINT('',(0.8,0.4,0.4));
#13715 = DIRECTION('',(0.,1.,0.));
#13716 = DIRECTION('',(0.,-0.,1.));
#13717 = ADVANCED_FACE('',(#13718),#13743,.F.);
#13718 = FACE_BOUND('',#13719,.T.);
#13719 = EDGE_LOOP('',(#13720,#13730,#13736,#13737));
#13720 = ORIENTED_EDGE('',*,*,#13721,.F.);
#13721 = EDGE_CURVE('',#13722,#13724,#13726,.T.);
#13722 = VERTEX_POINT('',#13723);
#13723 = CARTESIAN_POINT('',(0.79,-0.4,0.39));
#13724 = VERTEX_POINT('',#13725);
#13725 = CARTESIAN_POINT('',(0.79,-0.4,-0.39));
#13726 = LINE('',#13727,#13728);
#13727 = CARTESIAN_POINT('',(0.79,-0.4,0.4));
#13728 = VECTOR('',#13729,1.);
#13729 = DIRECTION('',(-0.,-0.,-1.));
#13730 = ORIENTED_EDGE('',*,*,#13731,.F.);
#13731 = EDGE_CURVE('',#13593,#13722,#13732,.T.);
#13732 = LINE('',#13733,#13734);
#13733 = CARTESIAN_POINT('',(0.8,-0.4,0.39));
#13734 = VECTOR('',#13735,1.);
#13735 = DIRECTION('',(1.,-0.,-0.));
#13736 = ORIENTED_EDGE('',*,*,#13592,.T.);
#13737 = ORIENTED_EDGE('',*,*,#13738,.F.);
#13738 = EDGE_CURVE('',#13724,#13595,#13739,.T.);
#13739 = LINE('',#13740,#13741);
#13740 = CARTESIAN_POINT('',(0.8,-0.4,-0.39));
#13741 = VECTOR('',#13742,1.);
#13742 = DIRECTION('',(-1.,-0.,-0.));
#13743 = PLANE('',#13744);
#13744 = AXIS2_PLACEMENT_3D('',#13745,#13746,#13747);
#13745 = CARTESIAN_POINT('',(0.8,-0.4,0.4));
#13746 = DIRECTION('',(0.,1.,0.));
#13747 = DIRECTION('',(0.,-0.,1.));
#13748 = ADVANCED_FACE('',(#13749),#13761,.T.);
#13749 = FACE_BOUND('',#13750,.T.);
#13750 = EDGE_LOOP('',(#13751,#13752,#13753,#13760));
#13751 = ORIENTED_EDGE('',*,*,#13627,.T.);
#13752 = ORIENTED_EDGE('',*,*,#13707,.T.);
#13753 = ORIENTED_EDGE('',*,*,#13754,.T.);
#13754 = EDGE_CURVE('',#13700,#13661,#13755,.T.);
#13755 = CIRCLE('',#13756,1.E-02);
#13756 = AXIS2_PLACEMENT_3D('',#13757,#13758,#13759);
#13757 = CARTESIAN_POINT('',(0.79,0.39,-0.39));
#13758 = DIRECTION('',(-1.,0.,-0.));
#13759 = DIRECTION('',(-0.,0.,1.));
#13760 = ORIENTED_EDGE('',*,*,#13660,.T.);
#13761 = CYLINDRICAL_SURFACE('',#13762,1.E-02);
#13762 = AXIS2_PLACEMENT_3D('',#13763,#13764,#13765);
#13763 = CARTESIAN_POINT('',(0.8,0.39,-0.39));
#13764 = DIRECTION('',(-1.,0.,0.));
#13765 = DIRECTION('',(0.,0.,-1.));
#13766 = ADVANCED_FACE('',(#13767),#13785,.T.);
#13767 = FACE_BOUND('',#13768,.T.);
#13768 = EDGE_LOOP('',(#13769,#13776,#13777,#13784));
#13769 = ORIENTED_EDGE('',*,*,#13770,.T.);
#13770 = EDGE_CURVE('',#13692,#13517,#13771,.T.);
#13771 = CIRCLE('',#13772,1.E-02);
#13772 = AXIS2_PLACEMENT_3D('',#13773,#13774,#13775);
#13773 = CARTESIAN_POINT('',(0.79,0.39,0.39));
#13774 = DIRECTION('',(-0.,0.,-1.));
#13775 = DIRECTION('',(-1.,0.,0.));
#13776 = ORIENTED_EDGE('',*,*,#13516,.T.);
#13777 = ORIENTED_EDGE('',*,*,#13778,.T.);
#13778 = EDGE_CURVE('',#13507,#13700,#13779,.T.);
#13779 = CIRCLE('',#13780,1.E-02);
#13780 = AXIS2_PLACEMENT_3D('',#13781,#13782,#13783);
#13781 = CARTESIAN_POINT('',(0.79,0.39,-0.39));
#13782 = DIRECTION('',(0.,-0.,1.));
#13783 = DIRECTION('',(1.,0.,0.));
#13784 = ORIENTED_EDGE('',*,*,#13699,.T.);
#13785 = CYLINDRICAL_SURFACE('',#13786,1.E-02);
#13786 = AXIS2_PLACEMENT_3D('',#13787,#13788,#13789);
#13787 = CARTESIAN_POINT('',(0.79,0.39,0.4));
#13788 = DIRECTION('',(0.,0.,-1.));
#13789 = DIRECTION('',(1.,0.,0.));
#13790 = ADVANCED_FACE('',(#13791),#13803,.T.);
#13791 = FACE_BOUND('',#13792,.T.);
#13792 = EDGE_LOOP('',(#13793,#13794,#13795,#13802));
#13793 = ORIENTED_EDGE('',*,*,#13610,.T.);
#13794 = ORIENTED_EDGE('',*,*,#13556,.T.);
#13795 = ORIENTED_EDGE('',*,*,#13796,.T.);
#13796 = EDGE_CURVE('',#13547,#13692,#13797,.T.);
#13797 = CIRCLE('',#13798,1.E-02);
#13798 = AXIS2_PLACEMENT_3D('',#13799,#13800,#13801);
#13799 = CARTESIAN_POINT('',(0.79,0.39,0.39));
#13800 = DIRECTION('',(-1.,0.,-0.));
#13801 = DIRECTION('',(-0.,0.,1.));
#13802 = ORIENTED_EDGE('',*,*,#13691,.T.);
#13803 = CYLINDRICAL_SURFACE('',#13804,1.E-02);
#13804 = AXIS2_PLACEMENT_3D('',#13805,#13806,#13807);
#13805 = CARTESIAN_POINT('',(0.8,0.39,0.39));
#13806 = DIRECTION('',(1.,0.,0.));
#13807 = DIRECTION('',(0.,0.,1.));
#13808 = ADVANCED_FACE('',(#13809),#13820,.T.);
#13809 = FACE_BOUND('',#13810,.T.);
#13810 = EDGE_LOOP('',(#13811,#13812,#13819));
#13811 = ORIENTED_EDGE('',*,*,#13778,.F.);
#13812 = ORIENTED_EDGE('',*,*,#13813,.T.);
#13813 = EDGE_CURVE('',#13507,#13661,#13814,.T.);
#13814 = CIRCLE('',#13815,1.E-02);
#13815 = AXIS2_PLACEMENT_3D('',#13816,#13817,#13818);
#13816 = CARTESIAN_POINT('',(0.79,0.39,-0.39));
#13817 = DIRECTION('',(0.,1.,0.));
#13818 = DIRECTION('',(0.,-0.,1.));
#13819 = ORIENTED_EDGE('',*,*,#13754,.F.);
#13820 = SPHERICAL_SURFACE('',#13821,1.E-02);
#13821 = AXIS2_PLACEMENT_3D('',#13822,#13823,#13824);
#13822 = CARTESIAN_POINT('',(0.79,0.39,-0.39));
#13823 = DIRECTION('',(0.,-1.,0.));
#13824 = DIRECTION('',(-1.,0.,0.));
#13825 = ADVANCED_FACE('',(#13826),#13837,.T.);
#13826 = FACE_BOUND('',#13827,.T.);
#13827 = EDGE_LOOP('',(#13828,#13829,#13836));
#13828 = ORIENTED_EDGE('',*,*,#13796,.F.);
#13829 = ORIENTED_EDGE('',*,*,#13830,.T.);
#13830 = EDGE_CURVE('',#13547,#13517,#13831,.T.);
#13831 = CIRCLE('',#13832,1.E-02);
#13832 = AXIS2_PLACEMENT_3D('',#13833,#13834,#13835);
#13833 = CARTESIAN_POINT('',(0.79,0.39,0.39));
#13834 = DIRECTION('',(0.,1.,0.));
#13835 = DIRECTION('',(0.,-0.,1.));
#13836 = ORIENTED_EDGE('',*,*,#13770,.F.);
#13837 = SPHERICAL_SURFACE('',#13838,1.E-02);
#13838 = AXIS2_PLACEMENT_3D('',#13839,#13840,#13841);
#13839 = CARTESIAN_POINT('',(0.79,0.39,0.39));
#13840 = DIRECTION('',(0.,-1.,0.));
#13841 = DIRECTION('',(-1.,0.,0.));
#13842 = ADVANCED_FACE('',(#13843),#13855,.T.);
#13843 = FACE_BOUND('',#13844,.T.);
#13844 = EDGE_LOOP('',(#13845,#13846,#13847,#13854));
#13845 = ORIENTED_EDGE('',*,*,#13644,.T.);
#13846 = ORIENTED_EDGE('',*,*,#13676,.T.);
#13847 = ORIENTED_EDGE('',*,*,#13848,.T.);
#13848 = EDGE_CURVE('',#13669,#13724,#13849,.T.);
#13849 = CIRCLE('',#13850,1.E-02);
#13850 = AXIS2_PLACEMENT_3D('',#13851,#13852,#13853);
#13851 = CARTESIAN_POINT('',(0.79,-0.39,-0.39));
#13852 = DIRECTION('',(-1.,0.,0.));
#13853 = DIRECTION('',(0.,0.,1.));
#13854 = ORIENTED_EDGE('',*,*,#13738,.T.);
#13855 = CYLINDRICAL_SURFACE('',#13856,1.E-02);
#13856 = AXIS2_PLACEMENT_3D('',#13857,#13858,#13859);
#13857 = CARTESIAN_POINT('',(0.8,-0.39,-0.39));
#13858 = DIRECTION('',(1.,0.,0.));
#13859 = DIRECTION('',(0.,0.,1.));
#13860 = ADVANCED_FACE('',(#13861),#13873,.T.);
#13861 = FACE_BOUND('',#13862,.T.);
#13862 = EDGE_LOOP('',(#13863,#13864,#13865,#13872));
#13863 = ORIENTED_EDGE('',*,*,#13813,.F.);
#13864 = ORIENTED_EDGE('',*,*,#13506,.T.);
#13865 = ORIENTED_EDGE('',*,*,#13866,.T.);
#13866 = EDGE_CURVE('',#13509,#13669,#13867,.T.);
#13867 = CIRCLE('',#13868,1.E-02);
#13868 = AXIS2_PLACEMENT_3D('',#13869,#13870,#13871);
#13869 = CARTESIAN_POINT('',(0.79,-0.39,-0.39));
#13870 = DIRECTION('',(0.,1.,0.));
#13871 = DIRECTION('',(0.,0.,-1.));
#13872 = ORIENTED_EDGE('',*,*,#13668,.T.);
#13873 = CYLINDRICAL_SURFACE('',#13874,1.E-02);
#13874 = AXIS2_PLACEMENT_3D('',#13875,#13876,#13877);
#13875 = CARTESIAN_POINT('',(0.79,0.4,-0.39));
#13876 = DIRECTION('',(0.,-1.,0.));
#13877 = DIRECTION('',(0.,0.,-1.));
#13878 = ADVANCED_FACE('',(#13879),#13891,.T.);
#13879 = FACE_BOUND('',#13880,.T.);
#13880 = EDGE_LOOP('',(#13881,#13882,#13883,#13890));
#13881 = ORIENTED_EDGE('',*,*,#13830,.F.);
#13882 = ORIENTED_EDGE('',*,*,#13546,.T.);
#13883 = ORIENTED_EDGE('',*,*,#13884,.T.);
#13884 = EDGE_CURVE('',#13549,#13525,#13885,.T.);
#13885 = CIRCLE('',#13886,1.E-02);
#13886 = AXIS2_PLACEMENT_3D('',#13887,#13888,#13889);
#13887 = CARTESIAN_POINT('',(0.79,-0.39,0.39));
#13888 = DIRECTION('',(-0.,1.,0.));
#13889 = DIRECTION('',(0.,0.,-1.));
#13890 = ORIENTED_EDGE('',*,*,#13524,.T.);
#13891 = CYLINDRICAL_SURFACE('',#13892,1.E-02);
#13892 = AXIS2_PLACEMENT_3D('',#13893,#13894,#13895);
#13893 = CARTESIAN_POINT('',(0.79,0.4,0.39));
#13894 = DIRECTION('',(0.,-1.,0.));
#13895 = DIRECTION('',(0.,0.,-1.));
#13896 = ADVANCED_FACE('',(#13897),#13909,.T.);
#13897 = FACE_BOUND('',#13898,.T.);
#13898 = EDGE_LOOP('',(#13899,#13900,#13901,#13908));
#13899 = ORIENTED_EDGE('',*,*,#13602,.T.);
#13900 = ORIENTED_EDGE('',*,*,#13731,.T.);
#13901 = ORIENTED_EDGE('',*,*,#13902,.T.);
#13902 = EDGE_CURVE('',#13722,#13549,#13903,.T.);
#13903 = CIRCLE('',#13904,1.E-02);
#13904 = AXIS2_PLACEMENT_3D('',#13905,#13906,#13907);
#13905 = CARTESIAN_POINT('',(0.79,-0.39,0.39));
#13906 = DIRECTION('',(-1.,0.,-0.));
#13907 = DIRECTION('',(-0.,0.,1.));
#13908 = ORIENTED_EDGE('',*,*,#13572,.T.);
#13909 = CYLINDRICAL_SURFACE('',#13910,1.E-02);
#13910 = AXIS2_PLACEMENT_3D('',#13911,#13912,#13913);
#13911 = CARTESIAN_POINT('',(0.8,-0.39,0.39));
#13912 = DIRECTION('',(-1.,0.,0.));
#13913 = DIRECTION('',(0.,0.,-1.));
#13914 = ADVANCED_FACE('',(#13915),#13926,.T.);
#13915 = FACE_BOUND('',#13916,.T.);
#13916 = EDGE_LOOP('',(#13917,#13918,#13925));
#13917 = ORIENTED_EDGE('',*,*,#13866,.F.);
#13918 = ORIENTED_EDGE('',*,*,#13919,.T.);
#13919 = EDGE_CURVE('',#13509,#13724,#13920,.T.);
#13920 = CIRCLE('',#13921,1.E-02);
#13921 = AXIS2_PLACEMENT_3D('',#13922,#13923,#13924);
#13922 = CARTESIAN_POINT('',(0.79,-0.39,-0.39));
#13923 = DIRECTION('',(0.,0.,-1.));
#13924 = DIRECTION('',(1.,0.,0.));
#13925 = ORIENTED_EDGE('',*,*,#13848,.F.);
#13926 = SPHERICAL_SURFACE('',#13927,1.E-02);
#13927 = AXIS2_PLACEMENT_3D('',#13928,#13929,#13930);
#13928 = CARTESIAN_POINT('',(0.79,-0.39,-0.39));
#13929 = DIRECTION('',(0.,-1.,0.));
#13930 = DIRECTION('',(-1.,0.,0.));
#13931 = ADVANCED_FACE('',(#13932),#13943,.T.);
#13932 = FACE_BOUND('',#13933,.T.);
#13933 = EDGE_LOOP('',(#13934,#13935,#13942));
#13934 = ORIENTED_EDGE('',*,*,#13902,.F.);
#13935 = ORIENTED_EDGE('',*,*,#13936,.T.);
#13936 = EDGE_CURVE('',#13722,#13525,#13937,.T.);
#13937 = CIRCLE('',#13938,1.E-02);
#13938 = AXIS2_PLACEMENT_3D('',#13939,#13940,#13941);
#13939 = CARTESIAN_POINT('',(0.79,-0.39,0.39));
#13940 = DIRECTION('',(0.,0.,1.));
#13941 = DIRECTION('',(-1.,0.,0.));
#13942 = ORIENTED_EDGE('',*,*,#13884,.F.);
#13943 = SPHERICAL_SURFACE('',#13944,1.E-02);
#13944 = AXIS2_PLACEMENT_3D('',#13945,#13946,#13947);
#13945 = CARTESIAN_POINT('',(0.79,-0.39,0.39));
#13946 = DIRECTION('',(0.,-1.,0.));
#13947 = DIRECTION('',(-1.,0.,0.));
#13948 = ADVANCED_FACE('',(#13949),#13955,.T.);
#13949 = FACE_BOUND('',#13950,.T.);
#13950 = EDGE_LOOP('',(#13951,#13952,#13953,#13954));
#13951 = ORIENTED_EDGE('',*,*,#13919,.F.);
#13952 = ORIENTED_EDGE('',*,*,#13532,.T.);
#13953 = ORIENTED_EDGE('',*,*,#13936,.F.);
#13954 = ORIENTED_EDGE('',*,*,#13721,.T.);
#13955 = CYLINDRICAL_SURFACE('',#13956,1.E-02);
#13956 = AXIS2_PLACEMENT_3D('',#13957,#13958,#13959);
#13957 = CARTESIAN_POINT('',(0.79,-0.39,-0.4));
#13958 = DIRECTION('',(0.,0.,1.));
#13959 = DIRECTION('',(-1.,0.,0.));
#13960 = ( GEOMETRIC_REPRESENTATION_CONTEXT(3) 
GLOBAL_UNCERTAINTY_ASSIGNED_CONTEXT((#13964)) 
GLOBAL_UNIT_ASSIGNED_CONTEXT((#13961,#13962,#13963)) 
REPRESENTATION_CONTEXT('Context #1',
  '3D Context with UNIT and UNCERTAINTY') );
#13961 = ( LENGTH_UNIT() NAMED_UNIT(*) SI_UNIT(.MILLI.,.METRE.) );
#13962 = ( NAMED_UNIT(*) PLANE_ANGLE_UNIT() SI_UNIT($,.RADIAN.) );
#13963 = ( NAMED_UNIT(*) SI_UNIT($,.STERADIAN.) SOLID_ANGLE_UNIT() );
#13964 = UNCERTAINTY_MEASURE_WITH_UNIT(LENGTH_MEASURE(1.E-07),#13961,
  'distance_accuracy_value','confusion accuracy');
#13965 = SHAPE_DEFINITION_REPRESENTATION(#13966,#12917);
#13966 = PRODUCT_DEFINITION_SHAPE('','',#13967);
#13967 = PRODUCT_DEFINITION('design','',#13968,#13971);
#13968 = PRODUCT_DEFINITION_FORMATION('','',#13969);
#13969 = PRODUCT('Cap_0603','Cap_0603','',(#13970));
#13970 = PRODUCT_CONTEXT('',#2,'mechanical');
#13971 = PRODUCT_DEFINITION_CONTEXT('part definition',#2,'design');
#13972 = CONTEXT_DEPENDENT_SHAPE_REPRESENTATION(#13973,#13975);
#13973 = ( REPRESENTATION_RELATIONSHIP('','',#12917,#12907) 
REPRESENTATION_RELATIONSHIP_WITH_TRANSFORMATION(#13974) 
SHAPE_REPRESENTATION_RELATIONSHIP() );
#13974 = ITEM_DEFINED_TRANSFORMATION('','',#11,#12908);
#13975 = PRODUCT_DEFINITION_SHAPE('Placement','Placement of an item',
  #13976);
#13976 = NEXT_ASSEMBLY_USAGE_OCCURRENCE('36','','',#12902,#13967,$);
#13977 = PRODUCT_RELATED_PRODUCT_CATEGORY('part',$,(#13969));
#13978 = CONTEXT_DEPENDENT_SHAPE_REPRESENTATION(#13979,#13981);
#13979 = ( REPRESENTATION_RELATIONSHIP('','',#12907,#10) 
REPRESENTATION_RELATIONSHIP_WITH_TRANSFORMATION(#13980) 
SHAPE_REPRESENTATION_RELATIONSHIP() );
#13980 = ITEM_DEFINED_TRANSFORMATION('','',#11,#39);
#13981 = PRODUCT_DEFINITION_SHAPE('Placement','Placement of an item',
  #13982);
#13982 = NEXT_ASSEMBLY_USAGE_OCCURRENCE('37','','',#5,#12902,$);
#13983 = PRODUCT_RELATED_PRODUCT_CATEGORY('part',$,(#12904));
#13984 = MECHANICAL_DESIGN_GEOMETRIC_PRESENTATION_REPRESENTATION('',(
    #13985,#13993,#14001,#14008,#14015,#14022,#14029,#14036,#14043,
    #14050,#14057,#14064,#14071,#14078,#14085,#14092,#14099,#14106,
    #14113,#14120,#14128,#14135,#14142,#14149,#14156,#14163,#14170,
    #14177,#14184,#14191,#14198,#14205,#14212,#14219,#14226,#14233,
    #14240,#14247,#14254,#14261,#14268),#13960);
#13985 = STYLED_ITEM('color',(#13986),#12918);
#13986 = PRESENTATION_STYLE_ASSIGNMENT((#13987));
#13987 = SURFACE_STYLE_USAGE(.BOTH.,#13988);
#13988 = SURFACE_SIDE_STYLE('',(#13989));
#13989 = SURFACE_STYLE_FILL_AREA(#13990);
#13990 = FILL_AREA_STYLE('',(#13991));
#13991 = FILL_AREA_STYLE_COLOUR('',#13992);
#13992 = COLOUR_RGB('',0.796078417252,0.823529417451,0.937254901616);
#13993 = OVER_RIDING_STYLED_ITEM('overriding color',(#13994),#12920,
  #13985);
#13994 = PRESENTATION_STYLE_ASSIGNMENT((#13995));
#13995 = SURFACE_STYLE_USAGE(.BOTH.,#13996);
#13996 = SURFACE_SIDE_STYLE('',(#13997));
#13997 = SURFACE_STYLE_FILL_AREA(#13998);
#13998 = FILL_AREA_STYLE('',(#13999));
#13999 = FILL_AREA_STYLE_COLOUR('',#14000);
#14000 = COLOUR_RGB('',0.701960786465,0.666666664908,0.647058827698);
#14001 = OVER_RIDING_STYLED_ITEM('overriding color',(#14002),#12960,
  #13985);
#14002 = PRESENTATION_STYLE_ASSIGNMENT((#14003));
#14003 = SURFACE_STYLE_USAGE(.BOTH.,#14004);
#14004 = SURFACE_SIDE_STYLE('',(#14005));
#14005 = SURFACE_STYLE_FILL_AREA(#14006);
#14006 = FILL_AREA_STYLE('',(#14007));
#14007 = FILL_AREA_STYLE_COLOUR('',#14000);
#14008 = OVER_RIDING_STYLED_ITEM('overriding color',(#14009),#13000,
  #13985);
#14009 = PRESENTATION_STYLE_ASSIGNMENT((#14010));
#14010 = SURFACE_STYLE_USAGE(.BOTH.,#14011);
#14011 = SURFACE_SIDE_STYLE('',(#14012));
#14012 = SURFACE_STYLE_FILL_AREA(#14013);
#14013 = FILL_AREA_STYLE('',(#14014));
#14014 = FILL_AREA_STYLE_COLOUR('',#14000);
#14015 = OVER_RIDING_STYLED_ITEM('overriding color',(#14016),#13101,
  #13985);
#14016 = PRESENTATION_STYLE_ASSIGNMENT((#14017));
#14017 = SURFACE_STYLE_USAGE(.BOTH.,#14018);
#14018 = SURFACE_SIDE_STYLE('',(#14019));
#14019 = SURFACE_STYLE_FILL_AREA(#14020);
#14020 = FILL_AREA_STYLE('',(#14021));
#14021 = FILL_AREA_STYLE_COLOUR('',#14000);
#14022 = OVER_RIDING_STYLED_ITEM('overriding color',(#14023),#13132,
  #13985);
#14023 = PRESENTATION_STYLE_ASSIGNMENT((#14024));
#14024 = SURFACE_STYLE_USAGE(.BOTH.,#14025);
#14025 = SURFACE_SIDE_STYLE('',(#14026));
#14026 = SURFACE_STYLE_FILL_AREA(#14027);
#14027 = FILL_AREA_STYLE('',(#14028));
#14028 = FILL_AREA_STYLE_COLOUR('',#14000);
#14029 = OVER_RIDING_STYLED_ITEM('overriding color',(#14030),#13163,
  #13985);
#14030 = PRESENTATION_STYLE_ASSIGNMENT((#14031));
#14031 = SURFACE_STYLE_USAGE(.BOTH.,#14032);
#14032 = SURFACE_SIDE_STYLE('',(#14033));
#14033 = SURFACE_STYLE_FILL_AREA(#14034);
#14034 = FILL_AREA_STYLE('',(#14035));
#14035 = FILL_AREA_STYLE_COLOUR('',#14000);
#14036 = OVER_RIDING_STYLED_ITEM('overriding color',(#14037),#13194,
  #13985);
#14037 = PRESENTATION_STYLE_ASSIGNMENT((#14038));
#14038 = SURFACE_STYLE_USAGE(.BOTH.,#14039);
#14039 = SURFACE_SIDE_STYLE('',(#14040));
#14040 = SURFACE_STYLE_FILL_AREA(#14041);
#14041 = FILL_AREA_STYLE('',(#14042));
#14042 = FILL_AREA_STYLE_COLOUR('',#14000);
#14043 = OVER_RIDING_STYLED_ITEM('overriding color',(#14044),#13212,
  #13985);
#14044 = PRESENTATION_STYLE_ASSIGNMENT((#14045));
#14045 = SURFACE_STYLE_USAGE(.BOTH.,#14046);
#14046 = SURFACE_SIDE_STYLE('',(#14047));
#14047 = SURFACE_STYLE_FILL_AREA(#14048);
#14048 = FILL_AREA_STYLE('',(#14049));
#14049 = FILL_AREA_STYLE_COLOUR('',#14000);
#14050 = OVER_RIDING_STYLED_ITEM('overriding color',(#14051),#13236,
  #13985);
#14051 = PRESENTATION_STYLE_ASSIGNMENT((#14052));
#14052 = SURFACE_STYLE_USAGE(.BOTH.,#14053);
#14053 = SURFACE_SIDE_STYLE('',(#14054));
#14054 = SURFACE_STYLE_FILL_AREA(#14055);
#14055 = FILL_AREA_STYLE('',(#14056));
#14056 = FILL_AREA_STYLE_COLOUR('',#14000);
#14057 = OVER_RIDING_STYLED_ITEM('overriding color',(#14058),#13254,
  #13985);
#14058 = PRESENTATION_STYLE_ASSIGNMENT((#14059));
#14059 = SURFACE_STYLE_USAGE(.BOTH.,#14060);
#14060 = SURFACE_SIDE_STYLE('',(#14061));
#14061 = SURFACE_STYLE_FILL_AREA(#14062);
#14062 = FILL_AREA_STYLE('',(#14063));
#14063 = FILL_AREA_STYLE_COLOUR('',#14000);
#14064 = OVER_RIDING_STYLED_ITEM('overriding color',(#14065),#13271,
  #13985);
#14065 = PRESENTATION_STYLE_ASSIGNMENT((#14066));
#14066 = SURFACE_STYLE_USAGE(.BOTH.,#14067);
#14067 = SURFACE_SIDE_STYLE('',(#14068));
#14068 = SURFACE_STYLE_FILL_AREA(#14069);
#14069 = FILL_AREA_STYLE('',(#14070));
#14070 = FILL_AREA_STYLE_COLOUR('',#14000);
#14071 = OVER_RIDING_STYLED_ITEM('overriding color',(#14072),#13288,
  #13985);
#14072 = PRESENTATION_STYLE_ASSIGNMENT((#14073));
#14073 = SURFACE_STYLE_USAGE(.BOTH.,#14074);
#14074 = SURFACE_SIDE_STYLE('',(#14075));
#14075 = SURFACE_STYLE_FILL_AREA(#14076);
#14076 = FILL_AREA_STYLE('',(#14077));
#14077 = FILL_AREA_STYLE_COLOUR('',#14000);
#14078 = OVER_RIDING_STYLED_ITEM('overriding color',(#14079),#13306,
  #13985);
#14079 = PRESENTATION_STYLE_ASSIGNMENT((#14080));
#14080 = SURFACE_STYLE_USAGE(.BOTH.,#14081);
#14081 = SURFACE_SIDE_STYLE('',(#14082));
#14082 = SURFACE_STYLE_FILL_AREA(#14083);
#14083 = FILL_AREA_STYLE('',(#14084));
#14084 = FILL_AREA_STYLE_COLOUR('',#14000);
#14085 = OVER_RIDING_STYLED_ITEM('overriding color',(#14086),#13324,
  #13985);
#14086 = PRESENTATION_STYLE_ASSIGNMENT((#14087));
#14087 = SURFACE_STYLE_USAGE(.BOTH.,#14088);
#14088 = SURFACE_SIDE_STYLE('',(#14089));
#14089 = SURFACE_STYLE_FILL_AREA(#14090);
#14090 = FILL_AREA_STYLE('',(#14091));
#14091 = FILL_AREA_STYLE_COLOUR('',#14000);
#14092 = OVER_RIDING_STYLED_ITEM('overriding color',(#14093),#13342,
  #13985);
#14093 = PRESENTATION_STYLE_ASSIGNMENT((#14094));
#14094 = SURFACE_STYLE_USAGE(.BOTH.,#14095);
#14095 = SURFACE_SIDE_STYLE('',(#14096));
#14096 = SURFACE_STYLE_FILL_AREA(#14097);
#14097 = FILL_AREA_STYLE('',(#14098));
#14098 = FILL_AREA_STYLE_COLOUR('',#14000);
#14099 = OVER_RIDING_STYLED_ITEM('overriding color',(#14100),#13360,
  #13985);
#14100 = PRESENTATION_STYLE_ASSIGNMENT((#14101));
#14101 = SURFACE_STYLE_USAGE(.BOTH.,#14102);
#14102 = SURFACE_SIDE_STYLE('',(#14103));
#14103 = SURFACE_STYLE_FILL_AREA(#14104);
#14104 = FILL_AREA_STYLE('',(#14105));
#14105 = FILL_AREA_STYLE_COLOUR('',#14000);
#14106 = OVER_RIDING_STYLED_ITEM('overriding color',(#14107),#13377,
  #13985);
#14107 = PRESENTATION_STYLE_ASSIGNMENT((#14108));
#14108 = SURFACE_STYLE_USAGE(.BOTH.,#14109);
#14109 = SURFACE_SIDE_STYLE('',(#14110));
#14110 = SURFACE_STYLE_FILL_AREA(#14111);
#14111 = FILL_AREA_STYLE('',(#14112));
#14112 = FILL_AREA_STYLE_COLOUR('',#14000);
#14113 = OVER_RIDING_STYLED_ITEM('overriding color',(#14114),#13394,
  #13985);
#14114 = PRESENTATION_STYLE_ASSIGNMENT((#14115));
#14115 = SURFACE_STYLE_USAGE(.BOTH.,#14116);
#14116 = SURFACE_SIDE_STYLE('',(#14117));
#14117 = SURFACE_STYLE_FILL_AREA(#14118);
#14118 = FILL_AREA_STYLE('',(#14119));
#14119 = FILL_AREA_STYLE_COLOUR('',#14000);
#14120 = OVER_RIDING_STYLED_ITEM('overriding color',(#14121),#13406,
  #13985);
#14121 = PRESENTATION_STYLE_ASSIGNMENT((#14122));
#14122 = SURFACE_STYLE_USAGE(.BOTH.,#14123);
#14123 = SURFACE_SIDE_STYLE('',(#14124));
#14124 = SURFACE_STYLE_FILL_AREA(#14125);
#14125 = FILL_AREA_STYLE('',(#14126));
#14126 = FILL_AREA_STYLE_COLOUR('',#14127);
#14127 = COLOUR_RGB('',0.662745088828,0.564705893417,0.447058818107);
#14128 = OVER_RIDING_STYLED_ITEM('overriding color',(#14129),#13437,
  #13985);
#14129 = PRESENTATION_STYLE_ASSIGNMENT((#14130));
#14130 = SURFACE_STYLE_USAGE(.BOTH.,#14131);
#14131 = SURFACE_SIDE_STYLE('',(#14132));
#14132 = SURFACE_STYLE_FILL_AREA(#14133);
#14133 = FILL_AREA_STYLE('',(#14134));
#14134 = FILL_AREA_STYLE_COLOUR('',#14127);
#14135 = OVER_RIDING_STYLED_ITEM('overriding color',(#14136),#13461,
  #13985);
#14136 = PRESENTATION_STYLE_ASSIGNMENT((#14137));
#14137 = SURFACE_STYLE_USAGE(.BOTH.,#14138);
#14138 = SURFACE_SIDE_STYLE('',(#14139));
#14139 = SURFACE_STYLE_FILL_AREA(#14140);
#14140 = FILL_AREA_STYLE('',(#14141));
#14141 = FILL_AREA_STYLE_COLOUR('',#14127);
#14142 = OVER_RIDING_STYLED_ITEM('overriding color',(#14143),#13485,
  #13985);
#14143 = PRESENTATION_STYLE_ASSIGNMENT((#14144));
#14144 = SURFACE_STYLE_USAGE(.BOTH.,#14145);
#14145 = SURFACE_SIDE_STYLE('',(#14146));
#14146 = SURFACE_STYLE_FILL_AREA(#14147);
#14147 = FILL_AREA_STYLE('',(#14148));
#14148 = FILL_AREA_STYLE_COLOUR('',#14127);
#14149 = OVER_RIDING_STYLED_ITEM('overriding color',(#14150),#13502,
  #13985);
#14150 = PRESENTATION_STYLE_ASSIGNMENT((#14151));
#14151 = SURFACE_STYLE_USAGE(.BOTH.,#14152);
#14152 = SURFACE_SIDE_STYLE('',(#14153));
#14153 = SURFACE_STYLE_FILL_AREA(#14154);
#14154 = FILL_AREA_STYLE('',(#14155));
#14155 = FILL_AREA_STYLE_COLOUR('',#14000);
#14156 = OVER_RIDING_STYLED_ITEM('overriding color',(#14157),#13542,
  #13985);
#14157 = PRESENTATION_STYLE_ASSIGNMENT((#14158));
#14158 = SURFACE_STYLE_USAGE(.BOTH.,#14159);
#14159 = SURFACE_SIDE_STYLE('',(#14160));
#14160 = SURFACE_STYLE_FILL_AREA(#14161);
#14161 = FILL_AREA_STYLE('',(#14162));
#14162 = FILL_AREA_STYLE_COLOUR('',#14000);
#14163 = OVER_RIDING_STYLED_ITEM('overriding color',(#14164),#13582,
  #13985);
#14164 = PRESENTATION_STYLE_ASSIGNMENT((#14165));
#14165 = SURFACE_STYLE_USAGE(.BOTH.,#14166);
#14166 = SURFACE_SIDE_STYLE('',(#14167));
#14167 = SURFACE_STYLE_FILL_AREA(#14168);
#14168 = FILL_AREA_STYLE('',(#14169));
#14169 = FILL_AREA_STYLE_COLOUR('',#14000);
#14170 = OVER_RIDING_STYLED_ITEM('overriding color',(#14171),#13655,
  #13985);
#14171 = PRESENTATION_STYLE_ASSIGNMENT((#14172));
#14172 = SURFACE_STYLE_USAGE(.BOTH.,#14173);
#14173 = SURFACE_SIDE_STYLE('',(#14174));
#14174 = SURFACE_STYLE_FILL_AREA(#14175);
#14175 = FILL_AREA_STYLE('',(#14176));
#14176 = FILL_AREA_STYLE_COLOUR('',#14000);
#14177 = OVER_RIDING_STYLED_ITEM('overriding color',(#14178),#13686,
  #13985);
#14178 = PRESENTATION_STYLE_ASSIGNMENT((#14179));
#14179 = SURFACE_STYLE_USAGE(.BOTH.,#14180);
#14180 = SURFACE_SIDE_STYLE('',(#14181));
#14181 = SURFACE_STYLE_FILL_AREA(#14182);
#14182 = FILL_AREA_STYLE('',(#14183));
#14183 = FILL_AREA_STYLE_COLOUR('',#14000);
#14184 = OVER_RIDING_STYLED_ITEM('overriding color',(#14185),#13717,
  #13985);
#14185 = PRESENTATION_STYLE_ASSIGNMENT((#14186));
#14186 = SURFACE_STYLE_USAGE(.BOTH.,#14187);
#14187 = SURFACE_SIDE_STYLE('',(#14188));
#14188 = SURFACE_STYLE_FILL_AREA(#14189);
#14189 = FILL_AREA_STYLE('',(#14190));
#14190 = FILL_AREA_STYLE_COLOUR('',#14000);
#14191 = OVER_RIDING_STYLED_ITEM('overriding color',(#14192),#13748,
  #13985);
#14192 = PRESENTATION_STYLE_ASSIGNMENT((#14193));
#14193 = SURFACE_STYLE_USAGE(.BOTH.,#14194);
#14194 = SURFACE_SIDE_STYLE('',(#14195));
#14195 = SURFACE_STYLE_FILL_AREA(#14196);
#14196 = FILL_AREA_STYLE('',(#14197));
#14197 = FILL_AREA_STYLE_COLOUR('',#14000);
#14198 = OVER_RIDING_STYLED_ITEM('overriding color',(#14199),#13766,
  #13985);
#14199 = PRESENTATION_STYLE_ASSIGNMENT((#14200));
#14200 = SURFACE_STYLE_USAGE(.BOTH.,#14201);
#14201 = SURFACE_SIDE_STYLE('',(#14202));
#14202 = SURFACE_STYLE_FILL_AREA(#14203);
#14203 = FILL_AREA_STYLE('',(#14204));
#14204 = FILL_AREA_STYLE_COLOUR('',#14000);
#14205 = OVER_RIDING_STYLED_ITEM('overriding color',(#14206),#13790,
  #13985);
#14206 = PRESENTATION_STYLE_ASSIGNMENT((#14207));
#14207 = SURFACE_STYLE_USAGE(.BOTH.,#14208);
#14208 = SURFACE_SIDE_STYLE('',(#14209));
#14209 = SURFACE_STYLE_FILL_AREA(#14210);
#14210 = FILL_AREA_STYLE('',(#14211));
#14211 = FILL_AREA_STYLE_COLOUR('',#14000);
#14212 = OVER_RIDING_STYLED_ITEM('overriding color',(#14213),#13808,
  #13985);
#14213 = PRESENTATION_STYLE_ASSIGNMENT((#14214));
#14214 = SURFACE_STYLE_USAGE(.BOTH.,#14215);
#14215 = SURFACE_SIDE_STYLE('',(#14216));
#14216 = SURFACE_STYLE_FILL_AREA(#14217);
#14217 = FILL_AREA_STYLE('',(#14218));
#14218 = FILL_AREA_STYLE_COLOUR('',#14000);
#14219 = OVER_RIDING_STYLED_ITEM('overriding color',(#14220),#13825,
  #13985);
#14220 = PRESENTATION_STYLE_ASSIGNMENT((#14221));
#14221 = SURFACE_STYLE_USAGE(.BOTH.,#14222);
#14222 = SURFACE_SIDE_STYLE('',(#14223));
#14223 = SURFACE_STYLE_FILL_AREA(#14224);
#14224 = FILL_AREA_STYLE('',(#14225));
#14225 = FILL_AREA_STYLE_COLOUR('',#14000);
#14226 = OVER_RIDING_STYLED_ITEM('overriding color',(#14227),#13842,
  #13985);
#14227 = PRESENTATION_STYLE_ASSIGNMENT((#14228));
#14228 = SURFACE_STYLE_USAGE(.BOTH.,#14229);
#14229 = SURFACE_SIDE_STYLE('',(#14230));
#14230 = SURFACE_STYLE_FILL_AREA(#14231);
#14231 = FILL_AREA_STYLE('',(#14232));
#14232 = FILL_AREA_STYLE_COLOUR('',#14000);
#14233 = OVER_RIDING_STYLED_ITEM('overriding color',(#14234),#13860,
  #13985);
#14234 = PRESENTATION_STYLE_ASSIGNMENT((#14235));
#14235 = SURFACE_STYLE_USAGE(.BOTH.,#14236);
#14236 = SURFACE_SIDE_STYLE('',(#14237));
#14237 = SURFACE_STYLE_FILL_AREA(#14238);
#14238 = FILL_AREA_STYLE('',(#14239));
#14239 = FILL_AREA_STYLE_COLOUR('',#14000);
#14240 = OVER_RIDING_STYLED_ITEM('overriding color',(#14241),#13878,
  #13985);
#14241 = PRESENTATION_STYLE_ASSIGNMENT((#14242));
#14242 = SURFACE_STYLE_USAGE(.BOTH.,#14243);
#14243 = SURFACE_SIDE_STYLE('',(#14244));
#14244 = SURFACE_STYLE_FILL_AREA(#14245);
#14245 = FILL_AREA_STYLE('',(#14246));
#14246 = FILL_AREA_STYLE_COLOUR('',#14000);
#14247 = OVER_RIDING_STYLED_ITEM('overriding color',(#14248),#13896,
  #13985);
#14248 = PRESENTATION_STYLE_ASSIGNMENT((#14249));
#14249 = SURFACE_STYLE_USAGE(.BOTH.,#14250);
#14250 = SURFACE_SIDE_STYLE('',(#14251));
#14251 = SURFACE_STYLE_FILL_AREA(#14252);
#14252 = FILL_AREA_STYLE('',(#14253));
#14253 = FILL_AREA_STYLE_COLOUR('',#14000);
#14254 = OVER_RIDING_STYLED_ITEM('overriding color',(#14255),#13914,
  #13985);
#14255 = PRESENTATION_STYLE_ASSIGNMENT((#14256));
#14256 = SURFACE_STYLE_USAGE(.BOTH.,#14257);
#14257 = SURFACE_SIDE_STYLE('',(#14258));
#14258 = SURFACE_STYLE_FILL_AREA(#14259);
#14259 = FILL_AREA_STYLE('',(#14260));
#14260 = FILL_AREA_STYLE_COLOUR('',#14000);
#14261 = OVER_RIDING_STYLED_ITEM('overriding color',(#14262),#13931,
  #13985);
#14262 = PRESENTATION_STYLE_ASSIGNMENT((#14263));
#14263 = SURFACE_STYLE_USAGE(.BOTH.,#14264);
#14264 = SURFACE_SIDE_STYLE('',(#14265));
#14265 = SURFACE_STYLE_FILL_AREA(#14266);
#14266 = FILL_AREA_STYLE('',(#14267));
#14267 = FILL_AREA_STYLE_COLOUR('',#14000);
#14268 = OVER_RIDING_STYLED_ITEM('overriding color',(#14269),#13948,
  #13985);
#14269 = PRESENTATION_STYLE_ASSIGNMENT((#14270));
#14270 = SURFACE_STYLE_USAGE(.BOTH.,#14271);
#14271 = SURFACE_SIDE_STYLE('',(#14272));
#14272 = SURFACE_STYLE_FILL_AREA(#14273);
#14273 = FILL_AREA_STYLE('',(#14274));
#14274 = FILL_AREA_STYLE_COLOUR('',#14000);
#14275 = MECHANICAL_DESIGN_GEOMETRIC_PRESENTATION_REPRESENTATION('',(
    #14276,#14284,#14292,#14300,#14307,#14314,#14321,#14328,#14335,
    #14342,#14349,#14356,#14363,#14370,#14377,#14384,#14391,#14398,
    #14405,#14412,#14419,#14426,#14433,#14440,#14447,#14454,#14461,
    #14468,#14475,#14482,#14489,#14496,#14503,#14510,#14517,#14524,
    #14531,#14538,#14545,#14552,#14559,#14566,#14573,#14580,#14587,
    #14594,#14601,#14608,#14615,#14622,#14629,#14636,#14643,#14650,
    #14657,#14664,#14671,#14678,#14685,#14692,#14699,#14706,#14713,
    #14720,#14727,#14734,#14741,#14748,#14755,#14762,#14769,#14776,
    #14783,#14790,#14797,#14804,#14811,#14818,#14825,#14832,#14839,
    #14846,#14853,#14860,#14867),#6310);
#14276 = STYLED_ITEM('color',(#14277),#2983);
#14277 = PRESENTATION_STYLE_ASSIGNMENT((#14278));
#14278 = SURFACE_STYLE_USAGE(.BOTH.,#14279);
#14279 = SURFACE_SIDE_STYLE('',(#14280));
#14280 = SURFACE_STYLE_FILL_AREA(#14281);
#14281 = FILL_AREA_STYLE('',(#14282));
#14282 = FILL_AREA_STYLE_COLOUR('',#14283);
#14283 = COLOUR_RGB('',0.752941164258,0.752941164258,0.752941164258);
#14284 = OVER_RIDING_STYLED_ITEM('overriding color',(#14285),#2985,
  #14276);
#14285 = PRESENTATION_STYLE_ASSIGNMENT((#14286));
#14286 = SURFACE_STYLE_USAGE(.BOTH.,#14287);
#14287 = SURFACE_SIDE_STYLE('',(#14288));
#14288 = SURFACE_STYLE_FILL_AREA(#14289);
#14289 = FILL_AREA_STYLE('',(#14290));
#14290 = FILL_AREA_STYLE_COLOUR('',#14291);
#14291 = DRAUGHTING_PRE_DEFINED_COLOUR('black');
#14292 = OVER_RIDING_STYLED_ITEM('overriding color',(#14293),#3451,
  #14276);
#14293 = PRESENTATION_STYLE_ASSIGNMENT((#14294));
#14294 = SURFACE_STYLE_USAGE(.BOTH.,#14295);
#14295 = SURFACE_SIDE_STYLE('',(#14296));
#14296 = SURFACE_STYLE_FILL_AREA(#14297);
#14297 = FILL_AREA_STYLE('',(#14298));
#14298 = FILL_AREA_STYLE_COLOUR('',#14299);
#14299 = DRAUGHTING_PRE_DEFINED_COLOUR('white');
#14300 = OVER_RIDING_STYLED_ITEM('overriding color',(#14301),#3491,
  #14276);
#14301 = PRESENTATION_STYLE_ASSIGNMENT((#14302));
#14302 = SURFACE_STYLE_USAGE(.BOTH.,#14303);
#14303 = SURFACE_SIDE_STYLE('',(#14304));
#14304 = SURFACE_STYLE_FILL_AREA(#14305);
#14305 = FILL_AREA_STYLE('',(#14306));
#14306 = FILL_AREA_STYLE_COLOUR('',#14299);
#14307 = OVER_RIDING_STYLED_ITEM('overriding color',(#14308),#3531,
  #14276);
#14308 = PRESENTATION_STYLE_ASSIGNMENT((#14309));
#14309 = SURFACE_STYLE_USAGE(.BOTH.,#14310);
#14310 = SURFACE_SIDE_STYLE('',(#14311));
#14311 = SURFACE_STYLE_FILL_AREA(#14312);
#14312 = FILL_AREA_STYLE('',(#14313));
#14313 = FILL_AREA_STYLE_COLOUR('',#14299);
#14314 = OVER_RIDING_STYLED_ITEM('overriding color',(#14315),#3562,
  #14276);
#14315 = PRESENTATION_STYLE_ASSIGNMENT((#14316));
#14316 = SURFACE_STYLE_USAGE(.BOTH.,#14317);
#14317 = SURFACE_SIDE_STYLE('',(#14318));
#14318 = SURFACE_STYLE_FILL_AREA(#14319);
#14319 = FILL_AREA_STYLE('',(#14320));
#14320 = FILL_AREA_STYLE_COLOUR('',#14299);
#14321 = OVER_RIDING_STYLED_ITEM('overriding color',(#14322),#3593,
  #14276);
#14322 = PRESENTATION_STYLE_ASSIGNMENT((#14323));
#14323 = SURFACE_STYLE_USAGE(.BOTH.,#14324);
#14324 = SURFACE_SIDE_STYLE('',(#14325));
#14325 = SURFACE_STYLE_FILL_AREA(#14326);
#14326 = FILL_AREA_STYLE('',(#14327));
#14327 = FILL_AREA_STYLE_COLOUR('',#14299);
#14328 = OVER_RIDING_STYLED_ITEM('overriding color',(#14329),#3617,
  #14276);
#14329 = PRESENTATION_STYLE_ASSIGNMENT((#14330));
#14330 = SURFACE_STYLE_USAGE(.BOTH.,#14331);
#14331 = SURFACE_SIDE_STYLE('',(#14332));
#14332 = SURFACE_STYLE_FILL_AREA(#14333);
#14333 = FILL_AREA_STYLE('',(#14334));
#14334 = FILL_AREA_STYLE_COLOUR('',#14299);
#14335 = OVER_RIDING_STYLED_ITEM('overriding color',(#14336),#3641,
  #14276);
#14336 = PRESENTATION_STYLE_ASSIGNMENT((#14337));
#14337 = SURFACE_STYLE_USAGE(.BOTH.,#14338);
#14338 = SURFACE_SIDE_STYLE('',(#14339));
#14339 = SURFACE_STYLE_FILL_AREA(#14340);
#14340 = FILL_AREA_STYLE('',(#14341));
#14341 = FILL_AREA_STYLE_COLOUR('',#14299);
#14342 = OVER_RIDING_STYLED_ITEM('overriding color',(#14343),#3674,
  #14276);
#14343 = PRESENTATION_STYLE_ASSIGNMENT((#14344));
#14344 = SURFACE_STYLE_USAGE(.BOTH.,#14345);
#14345 = SURFACE_SIDE_STYLE('',(#14346));
#14346 = SURFACE_STYLE_FILL_AREA(#14347);
#14347 = FILL_AREA_STYLE('',(#14348));
#14348 = FILL_AREA_STYLE_COLOUR('',#14299);
#14349 = OVER_RIDING_STYLED_ITEM('overriding color',(#14350),#3707,
  #14276);
#14350 = PRESENTATION_STYLE_ASSIGNMENT((#14351));
#14351 = SURFACE_STYLE_USAGE(.BOTH.,#14352);
#14352 = SURFACE_SIDE_STYLE('',(#14353));
#14353 = SURFACE_STYLE_FILL_AREA(#14354);
#14354 = FILL_AREA_STYLE('',(#14355));
#14355 = FILL_AREA_STYLE_COLOUR('',#14299);
#14356 = OVER_RIDING_STYLED_ITEM('overriding color',(#14357),#3749,
  #14276);
#14357 = PRESENTATION_STYLE_ASSIGNMENT((#14358));
#14358 = SURFACE_STYLE_USAGE(.BOTH.,#14359);
#14359 = SURFACE_SIDE_STYLE('',(#14360));
#14360 = SURFACE_STYLE_FILL_AREA(#14361);
#14361 = FILL_AREA_STYLE('',(#14362));
#14362 = FILL_AREA_STYLE_COLOUR('',#14299);
#14363 = OVER_RIDING_STYLED_ITEM('overriding color',(#14364),#3791,
  #14276);
#14364 = PRESENTATION_STYLE_ASSIGNMENT((#14365));
#14365 = SURFACE_STYLE_USAGE(.BOTH.,#14366);
#14366 = SURFACE_SIDE_STYLE('',(#14367));
#14367 = SURFACE_STYLE_FILL_AREA(#14368);
#14368 = FILL_AREA_STYLE('',(#14369));
#14369 = FILL_AREA_STYLE_COLOUR('',#14299);
#14370 = OVER_RIDING_STYLED_ITEM('overriding color',(#14371),#3822,
  #14276);
#14371 = PRESENTATION_STYLE_ASSIGNMENT((#14372));
#14372 = SURFACE_STYLE_USAGE(.BOTH.,#14373);
#14373 = SURFACE_SIDE_STYLE('',(#14374));
#14374 = SURFACE_STYLE_FILL_AREA(#14375);
#14375 = FILL_AREA_STYLE('',(#14376));
#14376 = FILL_AREA_STYLE_COLOUR('',#14299);
#14377 = OVER_RIDING_STYLED_ITEM('overriding color',(#14378),#3853,
  #14276);
#14378 = PRESENTATION_STYLE_ASSIGNMENT((#14379));
#14379 = SURFACE_STYLE_USAGE(.BOTH.,#14380);
#14380 = SURFACE_SIDE_STYLE('',(#14381));
#14381 = SURFACE_STYLE_FILL_AREA(#14382);
#14382 = FILL_AREA_STYLE('',(#14383));
#14383 = FILL_AREA_STYLE_COLOUR('',#14299);
#14384 = OVER_RIDING_STYLED_ITEM('overriding color',(#14385),#3875,
  #14276);
#14385 = PRESENTATION_STYLE_ASSIGNMENT((#14386));
#14386 = SURFACE_STYLE_USAGE(.BOTH.,#14387);
#14387 = SURFACE_SIDE_STYLE('',(#14388));
#14388 = SURFACE_STYLE_FILL_AREA(#14389);
#14389 = FILL_AREA_STYLE('',(#14390));
#14390 = FILL_AREA_STYLE_COLOUR('',#14299);
#14391 = OVER_RIDING_STYLED_ITEM('overriding color',(#14392),#3897,
  #14276);
#14392 = PRESENTATION_STYLE_ASSIGNMENT((#14393));
#14393 = SURFACE_STYLE_USAGE(.BOTH.,#14394);
#14394 = SURFACE_SIDE_STYLE('',(#14395));
#14395 = SURFACE_STYLE_FILL_AREA(#14396);
#14396 = FILL_AREA_STYLE('',(#14397));
#14397 = FILL_AREA_STYLE_COLOUR('',#14299);
#14398 = OVER_RIDING_STYLED_ITEM('overriding color',(#14399),#3921,
  #14276);
#14399 = PRESENTATION_STYLE_ASSIGNMENT((#14400));
#14400 = SURFACE_STYLE_USAGE(.BOTH.,#14401);
#14401 = SURFACE_SIDE_STYLE('',(#14402));
#14402 = SURFACE_STYLE_FILL_AREA(#14403);
#14403 = FILL_AREA_STYLE('',(#14404));
#14404 = FILL_AREA_STYLE_COLOUR('',#14299);
#14405 = OVER_RIDING_STYLED_ITEM('overriding color',(#14406),#3945,
  #14276);
#14406 = PRESENTATION_STYLE_ASSIGNMENT((#14407));
#14407 = SURFACE_STYLE_USAGE(.BOTH.,#14408);
#14408 = SURFACE_SIDE_STYLE('',(#14409));
#14409 = SURFACE_STYLE_FILL_AREA(#14410);
#14410 = FILL_AREA_STYLE('',(#14411));
#14411 = FILL_AREA_STYLE_COLOUR('',#14299);
#14412 = OVER_RIDING_STYLED_ITEM('overriding color',(#14413),#3985,
  #14276);
#14413 = PRESENTATION_STYLE_ASSIGNMENT((#14414));
#14414 = SURFACE_STYLE_USAGE(.BOTH.,#14415);
#14415 = SURFACE_SIDE_STYLE('',(#14416));
#14416 = SURFACE_STYLE_FILL_AREA(#14417);
#14417 = FILL_AREA_STYLE('',(#14418));
#14418 = FILL_AREA_STYLE_COLOUR('',#14291);
#14419 = OVER_RIDING_STYLED_ITEM('overriding color',(#14420),#4007,
  #14276);
#14420 = PRESENTATION_STYLE_ASSIGNMENT((#14421));
#14421 = SURFACE_STYLE_USAGE(.BOTH.,#14422);
#14422 = SURFACE_SIDE_STYLE('',(#14423));
#14423 = SURFACE_STYLE_FILL_AREA(#14424);
#14424 = FILL_AREA_STYLE('',(#14425));
#14425 = FILL_AREA_STYLE_COLOUR('',#14299);
#14426 = OVER_RIDING_STYLED_ITEM('overriding color',(#14427),#4047,
  #14276);
#14427 = PRESENTATION_STYLE_ASSIGNMENT((#14428));
#14428 = SURFACE_STYLE_USAGE(.BOTH.,#14429);
#14429 = SURFACE_SIDE_STYLE('',(#14430));
#14430 = SURFACE_STYLE_FILL_AREA(#14431);
#14431 = FILL_AREA_STYLE('',(#14432));
#14432 = FILL_AREA_STYLE_COLOUR('',#14291);
#14433 = OVER_RIDING_STYLED_ITEM('overriding color',(#14434),#4069,
  #14276);
#14434 = PRESENTATION_STYLE_ASSIGNMENT((#14435));
#14435 = SURFACE_STYLE_USAGE(.BOTH.,#14436);
#14436 = SURFACE_SIDE_STYLE('',(#14437));
#14437 = SURFACE_STYLE_FILL_AREA(#14438);
#14438 = FILL_AREA_STYLE('',(#14439));
#14439 = FILL_AREA_STYLE_COLOUR('',#14291);
#14440 = OVER_RIDING_STYLED_ITEM('overriding color',(#14441),#4091,
  #14276);
#14441 = PRESENTATION_STYLE_ASSIGNMENT((#14442));
#14442 = SURFACE_STYLE_USAGE(.BOTH.,#14443);
#14443 = SURFACE_SIDE_STYLE('',(#14444));
#14444 = SURFACE_STYLE_FILL_AREA(#14445);
#14445 = FILL_AREA_STYLE('',(#14446));
#14446 = FILL_AREA_STYLE_COLOUR('',#14299);
#14447 = OVER_RIDING_STYLED_ITEM('overriding color',(#14448),#4115,
  #14276);
#14448 = PRESENTATION_STYLE_ASSIGNMENT((#14449));
#14449 = SURFACE_STYLE_USAGE(.BOTH.,#14450);
#14450 = SURFACE_SIDE_STYLE('',(#14451));
#14451 = SURFACE_STYLE_FILL_AREA(#14452);
#14452 = FILL_AREA_STYLE('',(#14453));
#14453 = FILL_AREA_STYLE_COLOUR('',#14299);
#14454 = OVER_RIDING_STYLED_ITEM('overriding color',(#14455),#4132,
  #14276);
#14455 = PRESENTATION_STYLE_ASSIGNMENT((#14456));
#14456 = SURFACE_STYLE_USAGE(.BOTH.,#14457);
#14457 = SURFACE_SIDE_STYLE('',(#14458));
#14458 = SURFACE_STYLE_FILL_AREA(#14459);
#14459 = FILL_AREA_STYLE('',(#14460));
#14460 = FILL_AREA_STYLE_COLOUR('',#14299);
#14461 = OVER_RIDING_STYLED_ITEM('overriding color',(#14462),#4149,
  #14276);
#14462 = PRESENTATION_STYLE_ASSIGNMENT((#14463));
#14463 = SURFACE_STYLE_USAGE(.BOTH.,#14464);
#14464 = SURFACE_SIDE_STYLE('',(#14465));
#14465 = SURFACE_STYLE_FILL_AREA(#14466);
#14466 = FILL_AREA_STYLE('',(#14467));
#14467 = FILL_AREA_STYLE_COLOUR('',#14299);
#14468 = OVER_RIDING_STYLED_ITEM('overriding color',(#14469),#4167,
  #14276);
#14469 = PRESENTATION_STYLE_ASSIGNMENT((#14470));
#14470 = SURFACE_STYLE_USAGE(.BOTH.,#14471);
#14471 = SURFACE_SIDE_STYLE('',(#14472));
#14472 = SURFACE_STYLE_FILL_AREA(#14473);
#14473 = FILL_AREA_STYLE('',(#14474));
#14474 = FILL_AREA_STYLE_COLOUR('',#14291);
#14475 = OVER_RIDING_STYLED_ITEM('overriding color',(#14476),#4179,
  #14276);
#14476 = PRESENTATION_STYLE_ASSIGNMENT((#14477));
#14477 = SURFACE_STYLE_USAGE(.BOTH.,#14478);
#14478 = SURFACE_SIDE_STYLE('',(#14479));
#14479 = SURFACE_STYLE_FILL_AREA(#14480);
#14480 = FILL_AREA_STYLE('',(#14481));
#14481 = FILL_AREA_STYLE_COLOUR('',#14299);
#14482 = OVER_RIDING_STYLED_ITEM('overriding color',(#14483),#4203,
  #14276);
#14483 = PRESENTATION_STYLE_ASSIGNMENT((#14484));
#14484 = SURFACE_STYLE_USAGE(.BOTH.,#14485);
#14485 = SURFACE_SIDE_STYLE('',(#14486));
#14486 = SURFACE_STYLE_FILL_AREA(#14487);
#14487 = FILL_AREA_STYLE('',(#14488));
#14488 = FILL_AREA_STYLE_COLOUR('',#14291);
#14489 = OVER_RIDING_STYLED_ITEM('overriding color',(#14490),#4215,
  #14276);
#14490 = PRESENTATION_STYLE_ASSIGNMENT((#14491));
#14491 = SURFACE_STYLE_USAGE(.BOTH.,#14492);
#14492 = SURFACE_SIDE_STYLE('',(#14493));
#14493 = SURFACE_STYLE_FILL_AREA(#14494);
#14494 = FILL_AREA_STYLE('',(#14495));
#14495 = FILL_AREA_STYLE_COLOUR('',#14299);
#14496 = OVER_RIDING_STYLED_ITEM('overriding color',(#14497),#4233,
  #14276);
#14497 = PRESENTATION_STYLE_ASSIGNMENT((#14498));
#14498 = SURFACE_STYLE_USAGE(.BOTH.,#14499);
#14499 = SURFACE_SIDE_STYLE('',(#14500));
#14500 = SURFACE_STYLE_FILL_AREA(#14501);
#14501 = FILL_AREA_STYLE('',(#14502));
#14502 = FILL_AREA_STYLE_COLOUR('',#14299);
#14503 = OVER_RIDING_STYLED_ITEM('overriding color',(#14504),#4257,
  #14276);
#14504 = PRESENTATION_STYLE_ASSIGNMENT((#14505));
#14505 = SURFACE_STYLE_USAGE(.BOTH.,#14506);
#14506 = SURFACE_SIDE_STYLE('',(#14507));
#14507 = SURFACE_STYLE_FILL_AREA(#14508);
#14508 = FILL_AREA_STYLE('',(#14509));
#14509 = FILL_AREA_STYLE_COLOUR('',#14299);
#14510 = OVER_RIDING_STYLED_ITEM('overriding color',(#14511),#4268,
  #14276);
#14511 = PRESENTATION_STYLE_ASSIGNMENT((#14512));
#14512 = SURFACE_STYLE_USAGE(.BOTH.,#14513);
#14513 = SURFACE_SIDE_STYLE('',(#14514));
#14514 = SURFACE_STYLE_FILL_AREA(#14515);
#14515 = FILL_AREA_STYLE('',(#14516));
#14516 = FILL_AREA_STYLE_COLOUR('',#14299);
#14517 = OVER_RIDING_STYLED_ITEM('overriding color',(#14518),#4285,
  #14276);
#14518 = PRESENTATION_STYLE_ASSIGNMENT((#14519));
#14519 = SURFACE_STYLE_USAGE(.BOTH.,#14520);
#14520 = SURFACE_SIDE_STYLE('',(#14521));
#14521 = SURFACE_STYLE_FILL_AREA(#14522);
#14522 = FILL_AREA_STYLE('',(#14523));
#14523 = FILL_AREA_STYLE_COLOUR('',#14299);
#14524 = OVER_RIDING_STYLED_ITEM('overriding color',(#14525),#4302,
  #14276);
#14525 = PRESENTATION_STYLE_ASSIGNMENT((#14526));
#14526 = SURFACE_STYLE_USAGE(.BOTH.,#14527);
#14527 = SURFACE_SIDE_STYLE('',(#14528));
#14528 = SURFACE_STYLE_FILL_AREA(#14529);
#14529 = FILL_AREA_STYLE('',(#14530));
#14530 = FILL_AREA_STYLE_COLOUR('',#14299);
#14531 = OVER_RIDING_STYLED_ITEM('overriding color',(#14532),#4313,
  #14276);
#14532 = PRESENTATION_STYLE_ASSIGNMENT((#14533));
#14533 = SURFACE_STYLE_USAGE(.BOTH.,#14534);
#14534 = SURFACE_SIDE_STYLE('',(#14535));
#14535 = SURFACE_STYLE_FILL_AREA(#14536);
#14536 = FILL_AREA_STYLE('',(#14537));
#14537 = FILL_AREA_STYLE_COLOUR('',#14291);
#14538 = OVER_RIDING_STYLED_ITEM('overriding color',(#14539),#4325,
  #14276);
#14539 = PRESENTATION_STYLE_ASSIGNMENT((#14540));
#14540 = SURFACE_STYLE_USAGE(.BOTH.,#14541);
#14541 = SURFACE_SIDE_STYLE('',(#14542));
#14542 = SURFACE_STYLE_FILL_AREA(#14543);
#14543 = FILL_AREA_STYLE('',(#14544));
#14544 = FILL_AREA_STYLE_COLOUR('',#14299);
#14545 = OVER_RIDING_STYLED_ITEM('overriding color',(#14546),#4343,
  #14276);
#14546 = PRESENTATION_STYLE_ASSIGNMENT((#14547));
#14547 = SURFACE_STYLE_USAGE(.BOTH.,#14548);
#14548 = SURFACE_SIDE_STYLE('',(#14549));
#14549 = SURFACE_STYLE_FILL_AREA(#14550);
#14550 = FILL_AREA_STYLE('',(#14551));
#14551 = FILL_AREA_STYLE_COLOUR('',#14299);
#14552 = OVER_RIDING_STYLED_ITEM('overriding color',(#14553),#4361,
  #14276);
#14553 = PRESENTATION_STYLE_ASSIGNMENT((#14554));
#14554 = SURFACE_STYLE_USAGE(.BOTH.,#14555);
#14555 = SURFACE_SIDE_STYLE('',(#14556));
#14556 = SURFACE_STYLE_FILL_AREA(#14557);
#14557 = FILL_AREA_STYLE('',(#14558));
#14558 = FILL_AREA_STYLE_COLOUR('',#14291);
#14559 = OVER_RIDING_STYLED_ITEM('overriding color',(#14560),#4373,
  #14276);
#14560 = PRESENTATION_STYLE_ASSIGNMENT((#14561));
#14561 = SURFACE_STYLE_USAGE(.BOTH.,#14562);
#14562 = SURFACE_SIDE_STYLE('',(#14563));
#14563 = SURFACE_STYLE_FILL_AREA(#14564);
#14564 = FILL_AREA_STYLE('',(#14565));
#14565 = FILL_AREA_STYLE_COLOUR('',#14299);
#14566 = OVER_RIDING_STYLED_ITEM('overriding color',(#14567),#4390,
  #14276);
#14567 = PRESENTATION_STYLE_ASSIGNMENT((#14568));
#14568 = SURFACE_STYLE_USAGE(.BOTH.,#14569);
#14569 = SURFACE_SIDE_STYLE('',(#14570));
#14570 = SURFACE_STYLE_FILL_AREA(#14571);
#14571 = FILL_AREA_STYLE('',(#14572));
#14572 = FILL_AREA_STYLE_COLOUR('',#14299);
#14573 = OVER_RIDING_STYLED_ITEM('overriding color',(#14574),#4407,
  #14276);
#14574 = PRESENTATION_STYLE_ASSIGNMENT((#14575));
#14575 = SURFACE_STYLE_USAGE(.BOTH.,#14576);
#14576 = SURFACE_SIDE_STYLE('',(#14577));
#14577 = SURFACE_STYLE_FILL_AREA(#14578);
#14578 = FILL_AREA_STYLE('',(#14579));
#14579 = FILL_AREA_STYLE_COLOUR('',#14299);
#14580 = OVER_RIDING_STYLED_ITEM('overriding color',(#14581),#4419,
  #14276);
#14581 = PRESENTATION_STYLE_ASSIGNMENT((#14582));
#14582 = SURFACE_STYLE_USAGE(.BOTH.,#14583);
#14583 = SURFACE_SIDE_STYLE('',(#14584));
#14584 = SURFACE_STYLE_FILL_AREA(#14585);
#14585 = FILL_AREA_STYLE('',(#14586));
#14586 = FILL_AREA_STYLE_COLOUR('',#14299);
#14587 = OVER_RIDING_STYLED_ITEM('overriding color',(#14588),#4541,
  #14276);
#14588 = PRESENTATION_STYLE_ASSIGNMENT((#14589));
#14589 = SURFACE_STYLE_USAGE(.BOTH.,#14590);
#14590 = SURFACE_SIDE_STYLE('',(#14591));
#14591 = SURFACE_STYLE_FILL_AREA(#14592);
#14592 = FILL_AREA_STYLE('',(#14593));
#14593 = FILL_AREA_STYLE_COLOUR('',#14299);
#14594 = OVER_RIDING_STYLED_ITEM('overriding color',(#14595),#4563,
  #14276);
#14595 = PRESENTATION_STYLE_ASSIGNMENT((#14596));
#14596 = SURFACE_STYLE_USAGE(.BOTH.,#14597);
#14597 = SURFACE_SIDE_STYLE('',(#14598));
#14598 = SURFACE_STYLE_FILL_AREA(#14599);
#14599 = FILL_AREA_STYLE('',(#14600));
#14600 = FILL_AREA_STYLE_COLOUR('',#14299);
#14601 = OVER_RIDING_STYLED_ITEM('overriding color',(#14602),#4580,
  #14276);
#14602 = PRESENTATION_STYLE_ASSIGNMENT((#14603));
#14603 = SURFACE_STYLE_USAGE(.BOTH.,#14604);
#14604 = SURFACE_SIDE_STYLE('',(#14605));
#14605 = SURFACE_STYLE_FILL_AREA(#14606);
#14606 = FILL_AREA_STYLE('',(#14607));
#14607 = FILL_AREA_STYLE_COLOUR('',#14299);
#14608 = OVER_RIDING_STYLED_ITEM('overriding color',(#14609),#4597,
  #14276);
#14609 = PRESENTATION_STYLE_ASSIGNMENT((#14610));
#14610 = SURFACE_STYLE_USAGE(.BOTH.,#14611);
#14611 = SURFACE_SIDE_STYLE('',(#14612));
#14612 = SURFACE_STYLE_FILL_AREA(#14613);
#14613 = FILL_AREA_STYLE('',(#14614));
#14614 = FILL_AREA_STYLE_COLOUR('',#14299);
#14615 = OVER_RIDING_STYLED_ITEM('overriding color',(#14616),#4614,
  #14276);
#14616 = PRESENTATION_STYLE_ASSIGNMENT((#14617));
#14617 = SURFACE_STYLE_USAGE(.BOTH.,#14618);
#14618 = SURFACE_SIDE_STYLE('',(#14619));
#14619 = SURFACE_STYLE_FILL_AREA(#14620);
#14620 = FILL_AREA_STYLE('',(#14621));
#14621 = FILL_AREA_STYLE_COLOUR('',#14299);
#14622 = OVER_RIDING_STYLED_ITEM('overriding color',(#14623),#4631,
  #14276);
#14623 = PRESENTATION_STYLE_ASSIGNMENT((#14624));
#14624 = SURFACE_STYLE_USAGE(.BOTH.,#14625);
#14625 = SURFACE_SIDE_STYLE('',(#14626));
#14626 = SURFACE_STYLE_FILL_AREA(#14627);
#14627 = FILL_AREA_STYLE('',(#14628));
#14628 = FILL_AREA_STYLE_COLOUR('',#14299);
#14629 = OVER_RIDING_STYLED_ITEM('overriding color',(#14630),#4648,
  #14276);
#14630 = PRESENTATION_STYLE_ASSIGNMENT((#14631));
#14631 = SURFACE_STYLE_USAGE(.BOTH.,#14632);
#14632 = SURFACE_SIDE_STYLE('',(#14633));
#14633 = SURFACE_STYLE_FILL_AREA(#14634);
#14634 = FILL_AREA_STYLE('',(#14635));
#14635 = FILL_AREA_STYLE_COLOUR('',#14299);
#14636 = OVER_RIDING_STYLED_ITEM('overriding color',(#14637),#4665,
  #14276);
#14637 = PRESENTATION_STYLE_ASSIGNMENT((#14638));
#14638 = SURFACE_STYLE_USAGE(.BOTH.,#14639);
#14639 = SURFACE_SIDE_STYLE('',(#14640));
#14640 = SURFACE_STYLE_FILL_AREA(#14641);
#14641 = FILL_AREA_STYLE('',(#14642));
#14642 = FILL_AREA_STYLE_COLOUR('',#14299);
#14643 = OVER_RIDING_STYLED_ITEM('overriding color',(#14644),#4682,
  #14276);
#14644 = PRESENTATION_STYLE_ASSIGNMENT((#14645));
#14645 = SURFACE_STYLE_USAGE(.BOTH.,#14646);
#14646 = SURFACE_SIDE_STYLE('',(#14647));
#14647 = SURFACE_STYLE_FILL_AREA(#14648);
#14648 = FILL_AREA_STYLE('',(#14649));
#14649 = FILL_AREA_STYLE_COLOUR('',#14299);
#14650 = OVER_RIDING_STYLED_ITEM('overriding color',(#14651),#4699,
  #14276);
#14651 = PRESENTATION_STYLE_ASSIGNMENT((#14652));
#14652 = SURFACE_STYLE_USAGE(.BOTH.,#14653);
#14653 = SURFACE_SIDE_STYLE('',(#14654));
#14654 = SURFACE_STYLE_FILL_AREA(#14655);
#14655 = FILL_AREA_STYLE('',(#14656));
#14656 = FILL_AREA_STYLE_COLOUR('',#14299);
#14657 = OVER_RIDING_STYLED_ITEM('overriding color',(#14658),#4716,
  #14276);
#14658 = PRESENTATION_STYLE_ASSIGNMENT((#14659));
#14659 = SURFACE_STYLE_USAGE(.BOTH.,#14660);
#14660 = SURFACE_SIDE_STYLE('',(#14661));
#14661 = SURFACE_STYLE_FILL_AREA(#14662);
#14662 = FILL_AREA_STYLE('',(#14663));
#14663 = FILL_AREA_STYLE_COLOUR('',#14299);
#14664 = OVER_RIDING_STYLED_ITEM('overriding color',(#14665),#4728,
  #14276);
#14665 = PRESENTATION_STYLE_ASSIGNMENT((#14666));
#14666 = SURFACE_STYLE_USAGE(.BOTH.,#14667);
#14667 = SURFACE_SIDE_STYLE('',(#14668));
#14668 = SURFACE_STYLE_FILL_AREA(#14669);
#14669 = FILL_AREA_STYLE('',(#14670));
#14670 = FILL_AREA_STYLE_COLOUR('',#14299);
#14671 = OVER_RIDING_STYLED_ITEM('overriding color',(#14672),#4759,
  #14276);
#14672 = PRESENTATION_STYLE_ASSIGNMENT((#14673));
#14673 = SURFACE_STYLE_USAGE(.BOTH.,#14674);
#14674 = SURFACE_SIDE_STYLE('',(#14675));
#14675 = SURFACE_STYLE_FILL_AREA(#14676);
#14676 = FILL_AREA_STYLE('',(#14677));
#14677 = FILL_AREA_STYLE_COLOUR('',#14299);
#14678 = OVER_RIDING_STYLED_ITEM('overriding color',(#14679),#4783,
  #14276);
#14679 = PRESENTATION_STYLE_ASSIGNMENT((#14680));
#14680 = SURFACE_STYLE_USAGE(.BOTH.,#14681);
#14681 = SURFACE_SIDE_STYLE('',(#14682));
#14682 = SURFACE_STYLE_FILL_AREA(#14683);
#14683 = FILL_AREA_STYLE('',(#14684));
#14684 = FILL_AREA_STYLE_COLOUR('',#14299);
#14685 = OVER_RIDING_STYLED_ITEM('overriding color',(#14686),#4800,
  #14276);
#14686 = PRESENTATION_STYLE_ASSIGNMENT((#14687));
#14687 = SURFACE_STYLE_USAGE(.BOTH.,#14688);
#14688 = SURFACE_SIDE_STYLE('',(#14689));
#14689 = SURFACE_STYLE_FILL_AREA(#14690);
#14690 = FILL_AREA_STYLE('',(#14691));
#14691 = FILL_AREA_STYLE_COLOUR('',#14291);
#14692 = OVER_RIDING_STYLED_ITEM('overriding color',(#14693),#4811,
  #14276);
#14693 = PRESENTATION_STYLE_ASSIGNMENT((#14694));
#14694 = SURFACE_STYLE_USAGE(.BOTH.,#14695);
#14695 = SURFACE_SIDE_STYLE('',(#14696));
#14696 = SURFACE_STYLE_FILL_AREA(#14697);
#14697 = FILL_AREA_STYLE('',(#14698));
#14698 = FILL_AREA_STYLE_COLOUR('',#14299);
#14699 = OVER_RIDING_STYLED_ITEM('overriding color',(#14700),#5049,
  #14276);
#14700 = PRESENTATION_STYLE_ASSIGNMENT((#14701));
#14701 = SURFACE_STYLE_USAGE(.BOTH.,#14702);
#14702 = SURFACE_SIDE_STYLE('',(#14703));
#14703 = SURFACE_STYLE_FILL_AREA(#14704);
#14704 = FILL_AREA_STYLE('',(#14705));
#14705 = FILL_AREA_STYLE_COLOUR('',#14299);
#14706 = OVER_RIDING_STYLED_ITEM('overriding color',(#14707),#5089,
  #14276);
#14707 = PRESENTATION_STYLE_ASSIGNMENT((#14708));
#14708 = SURFACE_STYLE_USAGE(.BOTH.,#14709);
#14709 = SURFACE_SIDE_STYLE('',(#14710));
#14710 = SURFACE_STYLE_FILL_AREA(#14711);
#14711 = FILL_AREA_STYLE('',(#14712));
#14712 = FILL_AREA_STYLE_COLOUR('',#14299);
#14713 = OVER_RIDING_STYLED_ITEM('overriding color',(#14714),#5124,
  #14276);
#14714 = PRESENTATION_STYLE_ASSIGNMENT((#14715));
#14715 = SURFACE_STYLE_USAGE(.BOTH.,#14716);
#14716 = SURFACE_SIDE_STYLE('',(#14717));
#14717 = SURFACE_STYLE_FILL_AREA(#14718);
#14718 = FILL_AREA_STYLE('',(#14719));
#14719 = FILL_AREA_STYLE_COLOUR('',#14299);
#14720 = OVER_RIDING_STYLED_ITEM('overriding color',(#14721),#5191,
  #14276);
#14721 = PRESENTATION_STYLE_ASSIGNMENT((#14722));
#14722 = SURFACE_STYLE_USAGE(.BOTH.,#14723);
#14723 = SURFACE_SIDE_STYLE('',(#14724));
#14724 = SURFACE_STYLE_FILL_AREA(#14725);
#14725 = FILL_AREA_STYLE('',(#14726));
#14726 = FILL_AREA_STYLE_COLOUR('',#14299);
#14727 = OVER_RIDING_STYLED_ITEM('overriding color',(#14728),#5250,
  #14276);
#14728 = PRESENTATION_STYLE_ASSIGNMENT((#14729));
#14729 = SURFACE_STYLE_USAGE(.BOTH.,#14730);
#14730 = SURFACE_SIDE_STYLE('',(#14731));
#14731 = SURFACE_STYLE_FILL_AREA(#14732);
#14732 = FILL_AREA_STYLE('',(#14733));
#14733 = FILL_AREA_STYLE_COLOUR('',#14299);
#14734 = OVER_RIDING_STYLED_ITEM('overriding color',(#14735),#5312,
  #14276);
#14735 = PRESENTATION_STYLE_ASSIGNMENT((#14736));
#14736 = SURFACE_STYLE_USAGE(.BOTH.,#14737);
#14737 = SURFACE_SIDE_STYLE('',(#14738));
#14738 = SURFACE_STYLE_FILL_AREA(#14739);
#14739 = FILL_AREA_STYLE('',(#14740));
#14740 = FILL_AREA_STYLE_COLOUR('',#14299);
#14741 = OVER_RIDING_STYLED_ITEM('overriding color',(#14742),#5369,
  #14276);
#14742 = PRESENTATION_STYLE_ASSIGNMENT((#14743));
#14743 = SURFACE_STYLE_USAGE(.BOTH.,#14744);
#14744 = SURFACE_SIDE_STYLE('',(#14745));
#14745 = SURFACE_STYLE_FILL_AREA(#14746);
#14746 = FILL_AREA_STYLE('',(#14747));
#14747 = FILL_AREA_STYLE_COLOUR('',#14299);
#14748 = OVER_RIDING_STYLED_ITEM('overriding color',(#14749),#5443,
  #14276);
#14749 = PRESENTATION_STYLE_ASSIGNMENT((#14750));
#14750 = SURFACE_STYLE_USAGE(.BOTH.,#14751);
#14751 = SURFACE_SIDE_STYLE('',(#14752));
#14752 = SURFACE_STYLE_FILL_AREA(#14753);
#14753 = FILL_AREA_STYLE('',(#14754));
#14754 = FILL_AREA_STYLE_COLOUR('',#14299);
#14755 = OVER_RIDING_STYLED_ITEM('overriding color',(#14756),#5517,
  #14276);
#14756 = PRESENTATION_STYLE_ASSIGNMENT((#14757));
#14757 = SURFACE_STYLE_USAGE(.BOTH.,#14758);
#14758 = SURFACE_SIDE_STYLE('',(#14759));
#14759 = SURFACE_STYLE_FILL_AREA(#14760);
#14760 = FILL_AREA_STYLE('',(#14761));
#14761 = FILL_AREA_STYLE_COLOUR('',#14299);
#14762 = OVER_RIDING_STYLED_ITEM('overriding color',(#14763),#5591,
  #14276);
#14763 = PRESENTATION_STYLE_ASSIGNMENT((#14764));
#14764 = SURFACE_STYLE_USAGE(.BOTH.,#14765);
#14765 = SURFACE_SIDE_STYLE('',(#14766));
#14766 = SURFACE_STYLE_FILL_AREA(#14767);
#14767 = FILL_AREA_STYLE('',(#14768));
#14768 = FILL_AREA_STYLE_COLOUR('',#14299);
#14769 = OVER_RIDING_STYLED_ITEM('overriding color',(#14770),#5634,
  #14276);
#14770 = PRESENTATION_STYLE_ASSIGNMENT((#14771));
#14771 = SURFACE_STYLE_USAGE(.BOTH.,#14772);
#14772 = SURFACE_SIDE_STYLE('',(#14773));
#14773 = SURFACE_STYLE_FILL_AREA(#14774);
#14774 = FILL_AREA_STYLE('',(#14775));
#14775 = FILL_AREA_STYLE_COLOUR('',#14291);
#14776 = OVER_RIDING_STYLED_ITEM('overriding color',(#14777),#5647,
  #14276);
#14777 = PRESENTATION_STYLE_ASSIGNMENT((#14778));
#14778 = SURFACE_STYLE_USAGE(.BOTH.,#14779);
#14779 = SURFACE_SIDE_STYLE('',(#14780));
#14780 = SURFACE_STYLE_FILL_AREA(#14781);
#14781 = FILL_AREA_STYLE('',(#14782));
#14782 = FILL_AREA_STYLE_COLOUR('',#14299);
#14783 = OVER_RIDING_STYLED_ITEM('overriding color',(#14784),#5678,
  #14276);
#14784 = PRESENTATION_STYLE_ASSIGNMENT((#14785));
#14785 = SURFACE_STYLE_USAGE(.BOTH.,#14786);
#14786 = SURFACE_SIDE_STYLE('',(#14787));
#14787 = SURFACE_STYLE_FILL_AREA(#14788);
#14788 = FILL_AREA_STYLE('',(#14789));
#14789 = FILL_AREA_STYLE_COLOUR('',#14299);
#14790 = OVER_RIDING_STYLED_ITEM('overriding color',(#14791),#5734,
  #14276);
#14791 = PRESENTATION_STYLE_ASSIGNMENT((#14792));
#14792 = SURFACE_STYLE_USAGE(.BOTH.,#14793);
#14793 = SURFACE_SIDE_STYLE('',(#14794));
#14794 = SURFACE_STYLE_FILL_AREA(#14795);
#14795 = FILL_AREA_STYLE('',(#14796));
#14796 = FILL_AREA_STYLE_COLOUR('',#14299);
#14797 = OVER_RIDING_STYLED_ITEM('overriding color',(#14798),#5808,
  #14276);
#14798 = PRESENTATION_STYLE_ASSIGNMENT((#14799));
#14799 = SURFACE_STYLE_USAGE(.BOTH.,#14800);
#14800 = SURFACE_SIDE_STYLE('',(#14801));
#14801 = SURFACE_STYLE_FILL_AREA(#14802);
#14802 = FILL_AREA_STYLE('',(#14803));
#14803 = FILL_AREA_STYLE_COLOUR('',#14299);
#14804 = OVER_RIDING_STYLED_ITEM('overriding color',(#14805),#5882,
  #14276);
#14805 = PRESENTATION_STYLE_ASSIGNMENT((#14806));
#14806 = SURFACE_STYLE_USAGE(.BOTH.,#14807);
#14807 = SURFACE_SIDE_STYLE('',(#14808));
#14808 = SURFACE_STYLE_FILL_AREA(#14809);
#14809 = FILL_AREA_STYLE('',(#14810));
#14810 = FILL_AREA_STYLE_COLOUR('',#14299);
#14811 = OVER_RIDING_STYLED_ITEM('overriding color',(#14812),#5956,
  #14276);
#14812 = PRESENTATION_STYLE_ASSIGNMENT((#14813));
#14813 = SURFACE_STYLE_USAGE(.BOTH.,#14814);
#14814 = SURFACE_SIDE_STYLE('',(#14815));
#14815 = SURFACE_STYLE_FILL_AREA(#14816);
#14816 = FILL_AREA_STYLE('',(#14817));
#14817 = FILL_AREA_STYLE_COLOUR('',#14299);
#14818 = OVER_RIDING_STYLED_ITEM('overriding color',(#14819),#5980,
  #14276);
#14819 = PRESENTATION_STYLE_ASSIGNMENT((#14820));
#14820 = SURFACE_STYLE_USAGE(.BOTH.,#14821);
#14821 = SURFACE_SIDE_STYLE('',(#14822));
#14822 = SURFACE_STYLE_FILL_AREA(#14823);
#14823 = FILL_AREA_STYLE('',(#14824));
#14824 = FILL_AREA_STYLE_COLOUR('',#14299);
#14825 = OVER_RIDING_STYLED_ITEM('overriding color',(#14826),#6042,
  #14276);
#14826 = PRESENTATION_STYLE_ASSIGNMENT((#14827));
#14827 = SURFACE_STYLE_USAGE(.BOTH.,#14828);
#14828 = SURFACE_SIDE_STYLE('',(#14829));
#14829 = SURFACE_STYLE_FILL_AREA(#14830);
#14830 = FILL_AREA_STYLE('',(#14831));
#14831 = FILL_AREA_STYLE_COLOUR('',#14299);
#14832 = OVER_RIDING_STYLED_ITEM('overriding color',(#14833),#6104,
  #14276);
#14833 = PRESENTATION_STYLE_ASSIGNMENT((#14834));
#14834 = SURFACE_STYLE_USAGE(.BOTH.,#14835);
#14835 = SURFACE_SIDE_STYLE('',(#14836));
#14836 = SURFACE_STYLE_FILL_AREA(#14837);
#14837 = FILL_AREA_STYLE('',(#14838));
#14838 = FILL_AREA_STYLE_COLOUR('',#14299);
#14839 = OVER_RIDING_STYLED_ITEM('overriding color',(#14840),#6166,
  #14276);
#14840 = PRESENTATION_STYLE_ASSIGNMENT((#14841));
#14841 = SURFACE_STYLE_USAGE(.BOTH.,#14842);
#14842 = SURFACE_SIDE_STYLE('',(#14843));
#14843 = SURFACE_STYLE_FILL_AREA(#14844);
#14844 = FILL_AREA_STYLE('',(#14845));
#14845 = FILL_AREA_STYLE_COLOUR('',#14299);
#14846 = OVER_RIDING_STYLED_ITEM('overriding color',(#14847),#6216,
  #14276);
#14847 = PRESENTATION_STYLE_ASSIGNMENT((#14848));
#14848 = SURFACE_STYLE_USAGE(.BOTH.,#14849);
#14849 = SURFACE_SIDE_STYLE('',(#14850));
#14850 = SURFACE_STYLE_FILL_AREA(#14851);
#14851 = FILL_AREA_STYLE('',(#14852));
#14852 = FILL_AREA_STYLE_COLOUR('',#14299);
#14853 = OVER_RIDING_STYLED_ITEM('overriding color',(#14854),#6248,
  #14276);
#14854 = PRESENTATION_STYLE_ASSIGNMENT((#14855));
#14855 = SURFACE_STYLE_USAGE(.BOTH.,#14856);
#14856 = SURFACE_SIDE_STYLE('',(#14857));
#14857 = SURFACE_STYLE_FILL_AREA(#14858);
#14858 = FILL_AREA_STYLE('',(#14859));
#14859 = FILL_AREA_STYLE_COLOUR('',#14299);
#14860 = OVER_RIDING_STYLED_ITEM('overriding color',(#14861),#6272,
  #14276);
#14861 = PRESENTATION_STYLE_ASSIGNMENT((#14862));
#14862 = SURFACE_STYLE_USAGE(.BOTH.,#14863);
#14863 = SURFACE_SIDE_STYLE('',(#14864));
#14864 = SURFACE_STYLE_FILL_AREA(#14865);
#14865 = FILL_AREA_STYLE('',(#14866));
#14866 = FILL_AREA_STYLE_COLOUR('',#14299);
#14867 = OVER_RIDING_STYLED_ITEM('overriding color',(#14868),#6289,
  #14276);
#14868 = PRESENTATION_STYLE_ASSIGNMENT((#14869));
#14869 = SURFACE_STYLE_USAGE(.BOTH.,#14870);
#14870 = SURFACE_SIDE_STYLE('',(#14871));
#14871 = SURFACE_STYLE_FILL_AREA(#14872);
#14872 = FILL_AREA_STYLE('',(#14873));
#14873 = FILL_AREA_STYLE_COLOUR('',#14299);
#14874 = MECHANICAL_DESIGN_GEOMETRIC_PRESENTATION_REPRESENTATION('',(
    #14875,#14885,#14894,#14903,#14913,#14923,#14932,#14941,#14950,
    #14959,#14968,#14977,#14986,#14995,#15004,#15013,#15022,#15031,
    #15040,#15049,#15058,#15067,#15076,#15085,#15094,#15103,#15112,
    #15121,#15130,#15139,#15148,#15157,#15166,#15175,#15184,#15193,
    #15202,#15211,#15220,#15229,#15238,#15247,#15256,#15265,#15274,
    #15283,#15292,#15301,#15310,#15319,#15328,#15337,#15346,#15355,
    #15364,#15373,#15382,#15391,#15400,#15409,#15418,#15427,#15436,
    #15445,#15454,#15463,#15472,#15481,#15490,#15499,#15508,#15517,
    #15526,#15535,#15544,#15553,#15562,#15571,#15580,#15589,#15598,
    #15607,#15616,#15625,#15634,#15643,#15652,#15661,#15670,#15679,
    #15688,#15697,#15706,#15715,#15724,#15733,#15742,#15751,#15760,
    #15769,#15778,#15787,#15796,#15805,#15814,#15823,#15832,#15841,
    #15850,#15859,#15868,#15877,#15886,#15895,#15904,#15913,#15922,
    #15931,#15940,#15949,#15958,#15967,#15976,#15985,#15994,#16003,
    #16012,#16021,#16030),#12876);
#14875 = STYLED_ITEM('color',(#14876),#6382);
#14876 = PRESENTATION_STYLE_ASSIGNMENT((#14877,#14883));
#14877 = SURFACE_STYLE_USAGE(.BOTH.,#14878);
#14878 = SURFACE_SIDE_STYLE('',(#14879));
#14879 = SURFACE_STYLE_FILL_AREA(#14880);
#14880 = FILL_AREA_STYLE('',(#14881));
#14881 = FILL_AREA_STYLE_COLOUR('',#14882);
#14882 = COLOUR_RGB('',0.587999997538,0.587999997538,0.587999997538);
#14883 = CURVE_STYLE('',#14884,POSITIVE_LENGTH_MEASURE(0.1),#14882);
#14884 = DRAUGHTING_PRE_DEFINED_CURVE_FONT('continuous');
#14885 = STYLED_ITEM('color',(#14886),#6414);
#14886 = PRESENTATION_STYLE_ASSIGNMENT((#14887,#14892));
#14887 = SURFACE_STYLE_USAGE(.BOTH.,#14888);
#14888 = SURFACE_SIDE_STYLE('',(#14889));
#14889 = SURFACE_STYLE_FILL_AREA(#14890);
#14890 = FILL_AREA_STYLE('',(#14891));
#14891 = FILL_AREA_STYLE_COLOUR('',#14882);
#14892 = CURVE_STYLE('',#14893,POSITIVE_LENGTH_MEASURE(0.1),#14882);
#14893 = DRAUGHTING_PRE_DEFINED_CURVE_FONT('continuous');
#14894 = STYLED_ITEM('color',(#14895),#6423);
#14895 = PRESENTATION_STYLE_ASSIGNMENT((#14896,#14901));
#14896 = SURFACE_STYLE_USAGE(.BOTH.,#14897);
#14897 = SURFACE_SIDE_STYLE('',(#14898));
#14898 = SURFACE_STYLE_FILL_AREA(#14899);
#14899 = FILL_AREA_STYLE('',(#14900));
#14900 = FILL_AREA_STYLE_COLOUR('',#14882);
#14901 = CURVE_STYLE('',#14902,POSITIVE_LENGTH_MEASURE(0.1),#14882);
#14902 = DRAUGHTING_PRE_DEFINED_CURVE_FONT('continuous');
#14903 = STYLED_ITEM('color',(#14904),#6434);
#14904 = PRESENTATION_STYLE_ASSIGNMENT((#14905,#14911));
#14905 = SURFACE_STYLE_USAGE(.BOTH.,#14906);
#14906 = SURFACE_SIDE_STYLE('',(#14907));
#14907 = SURFACE_STYLE_FILL_AREA(#14908);
#14908 = FILL_AREA_STYLE('',(#14909));
#14909 = FILL_AREA_STYLE_COLOUR('',#14910);
#14910 = COLOUR_RGB('',0.72499999117,0.72499999117,0.72499999117);
#14911 = CURVE_STYLE('',#14912,POSITIVE_LENGTH_MEASURE(0.1),#14910);
#14912 = DRAUGHTING_PRE_DEFINED_CURVE_FONT('continuous');
#14913 = STYLED_ITEM('color',(#14914),#6544);
#14914 = PRESENTATION_STYLE_ASSIGNMENT((#14915,#14921));
#14915 = SURFACE_STYLE_USAGE(.BOTH.,#14916);
#14916 = SURFACE_SIDE_STYLE('',(#14917));
#14917 = SURFACE_STYLE_FILL_AREA(#14918);
#14918 = FILL_AREA_STYLE('',(#14919));
#14919 = FILL_AREA_STYLE_COLOUR('',#14920);
#14920 = COLOUR_RGB('',0.196000005209,0.196000005209,0.196000005209);
#14921 = CURVE_STYLE('',#14922,POSITIVE_LENGTH_MEASURE(0.1),#14920);
#14922 = DRAUGHTING_PRE_DEFINED_CURVE_FONT('continuous');
#14923 = STYLED_ITEM('color',(#14924),#6586);
#14924 = PRESENTATION_STYLE_ASSIGNMENT((#14925,#14930));
#14925 = SURFACE_STYLE_USAGE(.BOTH.,#14926);
#14926 = SURFACE_SIDE_STYLE('',(#14927));
#14927 = SURFACE_STYLE_FILL_AREA(#14928);
#14928 = FILL_AREA_STYLE('',(#14929));
#14929 = FILL_AREA_STYLE_COLOUR('',#14920);
#14930 = CURVE_STYLE('',#14931,POSITIVE_LENGTH_MEASURE(0.1),#14920);
#14931 = DRAUGHTING_PRE_DEFINED_CURVE_FONT('continuous');
#14932 = STYLED_ITEM('color',(#14933),#6628);
#14933 = PRESENTATION_STYLE_ASSIGNMENT((#14934,#14939));
#14934 = SURFACE_STYLE_USAGE(.BOTH.,#14935);
#14935 = SURFACE_SIDE_STYLE('',(#14936));
#14936 = SURFACE_STYLE_FILL_AREA(#14937);
#14937 = FILL_AREA_STYLE('',(#14938));
#14938 = FILL_AREA_STYLE_COLOUR('',#14920);
#14939 = CURVE_STYLE('',#14940,POSITIVE_LENGTH_MEASURE(0.1),#14920);
#14940 = DRAUGHTING_PRE_DEFINED_CURVE_FONT('continuous');
#14941 = STYLED_ITEM('color',(#14942),#6670);
#14942 = PRESENTATION_STYLE_ASSIGNMENT((#14943,#14948));
#14943 = SURFACE_STYLE_USAGE(.BOTH.,#14944);
#14944 = SURFACE_SIDE_STYLE('',(#14945));
#14945 = SURFACE_STYLE_FILL_AREA(#14946);
#14946 = FILL_AREA_STYLE('',(#14947));
#14947 = FILL_AREA_STYLE_COLOUR('',#14920);
#14948 = CURVE_STYLE('',#14949,POSITIVE_LENGTH_MEASURE(0.1),#14920);
#14949 = DRAUGHTING_PRE_DEFINED_CURVE_FONT('continuous');
#14950 = STYLED_ITEM('color',(#14951),#6712);
#14951 = PRESENTATION_STYLE_ASSIGNMENT((#14952,#14957));
#14952 = SURFACE_STYLE_USAGE(.BOTH.,#14953);
#14953 = SURFACE_SIDE_STYLE('',(#14954));
#14954 = SURFACE_STYLE_FILL_AREA(#14955);
#14955 = FILL_AREA_STYLE('',(#14956));
#14956 = FILL_AREA_STYLE_COLOUR('',#14920);
#14957 = CURVE_STYLE('',#14958,POSITIVE_LENGTH_MEASURE(0.1),#14920);
#14958 = DRAUGHTING_PRE_DEFINED_CURVE_FONT('continuous');
#14959 = STYLED_ITEM('color',(#14960),#6754);
#14960 = PRESENTATION_STYLE_ASSIGNMENT((#14961,#14966));
#14961 = SURFACE_STYLE_USAGE(.BOTH.,#14962);
#14962 = SURFACE_SIDE_STYLE('',(#14963));
#14963 = SURFACE_STYLE_FILL_AREA(#14964);
#14964 = FILL_AREA_STYLE('',(#14965));
#14965 = FILL_AREA_STYLE_COLOUR('',#14920);
#14966 = CURVE_STYLE('',#14967,POSITIVE_LENGTH_MEASURE(0.1),#14920);
#14967 = DRAUGHTING_PRE_DEFINED_CURVE_FONT('continuous');
#14968 = STYLED_ITEM('color',(#14969),#6796);
#14969 = PRESENTATION_STYLE_ASSIGNMENT((#14970,#14975));
#14970 = SURFACE_STYLE_USAGE(.BOTH.,#14971);
#14971 = SURFACE_SIDE_STYLE('',(#14972));
#14972 = SURFACE_STYLE_FILL_AREA(#14973);
#14973 = FILL_AREA_STYLE('',(#14974));
#14974 = FILL_AREA_STYLE_COLOUR('',#14920);
#14975 = CURVE_STYLE('',#14976,POSITIVE_LENGTH_MEASURE(0.1),#14920);
#14976 = DRAUGHTING_PRE_DEFINED_CURVE_FONT('continuous');
#14977 = STYLED_ITEM('color',(#14978),#6838);
#14978 = PRESENTATION_STYLE_ASSIGNMENT((#14979,#14984));
#14979 = SURFACE_STYLE_USAGE(.BOTH.,#14980);
#14980 = SURFACE_SIDE_STYLE('',(#14981));
#14981 = SURFACE_STYLE_FILL_AREA(#14982);
#14982 = FILL_AREA_STYLE('',(#14983));
#14983 = FILL_AREA_STYLE_COLOUR('',#14920);
#14984 = CURVE_STYLE('',#14985,POSITIVE_LENGTH_MEASURE(0.1),#14920);
#14985 = DRAUGHTING_PRE_DEFINED_CURVE_FONT('continuous');
#14986 = STYLED_ITEM('color',(#14987),#6880);
#14987 = PRESENTATION_STYLE_ASSIGNMENT((#14988,#14993));
#14988 = SURFACE_STYLE_USAGE(.BOTH.,#14989);
#14989 = SURFACE_SIDE_STYLE('',(#14990));
#14990 = SURFACE_STYLE_FILL_AREA(#14991);
#14991 = FILL_AREA_STYLE('',(#14992));
#14992 = FILL_AREA_STYLE_COLOUR('',#14920);
#14993 = CURVE_STYLE('',#14994,POSITIVE_LENGTH_MEASURE(0.1),#14920);
#14994 = DRAUGHTING_PRE_DEFINED_CURVE_FONT('continuous');
#14995 = STYLED_ITEM('color',(#14996),#6922);
#14996 = PRESENTATION_STYLE_ASSIGNMENT((#14997,#15002));
#14997 = SURFACE_STYLE_USAGE(.BOTH.,#14998);
#14998 = SURFACE_SIDE_STYLE('',(#14999));
#14999 = SURFACE_STYLE_FILL_AREA(#15000);
#15000 = FILL_AREA_STYLE('',(#15001));
#15001 = FILL_AREA_STYLE_COLOUR('',#14920);
#15002 = CURVE_STYLE('',#15003,POSITIVE_LENGTH_MEASURE(0.1),#14920);
#15003 = DRAUGHTING_PRE_DEFINED_CURVE_FONT('continuous');
#15004 = STYLED_ITEM('color',(#15005),#6964);
#15005 = PRESENTATION_STYLE_ASSIGNMENT((#15006,#15011));
#15006 = SURFACE_STYLE_USAGE(.BOTH.,#15007);
#15007 = SURFACE_SIDE_STYLE('',(#15008));
#15008 = SURFACE_STYLE_FILL_AREA(#15009);
#15009 = FILL_AREA_STYLE('',(#15010));
#15010 = FILL_AREA_STYLE_COLOUR('',#14920);
#15011 = CURVE_STYLE('',#15012,POSITIVE_LENGTH_MEASURE(0.1),#14920);
#15012 = DRAUGHTING_PRE_DEFINED_CURVE_FONT('continuous');
#15013 = STYLED_ITEM('color',(#15014),#7006);
#15014 = PRESENTATION_STYLE_ASSIGNMENT((#15015,#15020));
#15015 = SURFACE_STYLE_USAGE(.BOTH.,#15016);
#15016 = SURFACE_SIDE_STYLE('',(#15017));
#15017 = SURFACE_STYLE_FILL_AREA(#15018);
#15018 = FILL_AREA_STYLE('',(#15019));
#15019 = FILL_AREA_STYLE_COLOUR('',#14920);
#15020 = CURVE_STYLE('',#15021,POSITIVE_LENGTH_MEASURE(0.1),#14920);
#15021 = DRAUGHTING_PRE_DEFINED_CURVE_FONT('continuous');
#15022 = STYLED_ITEM('color',(#15023),#7048);
#15023 = PRESENTATION_STYLE_ASSIGNMENT((#15024,#15029));
#15024 = SURFACE_STYLE_USAGE(.BOTH.,#15025);
#15025 = SURFACE_SIDE_STYLE('',(#15026));
#15026 = SURFACE_STYLE_FILL_AREA(#15027);
#15027 = FILL_AREA_STYLE('',(#15028));
#15028 = FILL_AREA_STYLE_COLOUR('',#14920);
#15029 = CURVE_STYLE('',#15030,POSITIVE_LENGTH_MEASURE(0.1),#14920);
#15030 = DRAUGHTING_PRE_DEFINED_CURVE_FONT('continuous');
#15031 = STYLED_ITEM('color',(#15032),#7090);
#15032 = PRESENTATION_STYLE_ASSIGNMENT((#15033,#15038));
#15033 = SURFACE_STYLE_USAGE(.BOTH.,#15034);
#15034 = SURFACE_SIDE_STYLE('',(#15035));
#15035 = SURFACE_STYLE_FILL_AREA(#15036);
#15036 = FILL_AREA_STYLE('',(#15037));
#15037 = FILL_AREA_STYLE_COLOUR('',#14920);
#15038 = CURVE_STYLE('',#15039,POSITIVE_LENGTH_MEASURE(0.1),#14920);
#15039 = DRAUGHTING_PRE_DEFINED_CURVE_FONT('continuous');
#15040 = STYLED_ITEM('color',(#15041),#7132);
#15041 = PRESENTATION_STYLE_ASSIGNMENT((#15042,#15047));
#15042 = SURFACE_STYLE_USAGE(.BOTH.,#15043);
#15043 = SURFACE_SIDE_STYLE('',(#15044));
#15044 = SURFACE_STYLE_FILL_AREA(#15045);
#15045 = FILL_AREA_STYLE('',(#15046));
#15046 = FILL_AREA_STYLE_COLOUR('',#14910);
#15047 = CURVE_STYLE('',#15048,POSITIVE_LENGTH_MEASURE(0.1),#14910);
#15048 = DRAUGHTING_PRE_DEFINED_CURVE_FONT('continuous');
#15049 = STYLED_ITEM('color',(#15050),#7174);
#15050 = PRESENTATION_STYLE_ASSIGNMENT((#15051,#15056));
#15051 = SURFACE_STYLE_USAGE(.BOTH.,#15052);
#15052 = SURFACE_SIDE_STYLE('',(#15053));
#15053 = SURFACE_STYLE_FILL_AREA(#15054);
#15054 = FILL_AREA_STYLE('',(#15055));
#15055 = FILL_AREA_STYLE_COLOUR('',#14910);
#15056 = CURVE_STYLE('',#15057,POSITIVE_LENGTH_MEASURE(0.1),#14910);
#15057 = DRAUGHTING_PRE_DEFINED_CURVE_FONT('continuous');
#15058 = STYLED_ITEM('color',(#15059),#7216);
#15059 = PRESENTATION_STYLE_ASSIGNMENT((#15060,#15065));
#15060 = SURFACE_STYLE_USAGE(.BOTH.,#15061);
#15061 = SURFACE_SIDE_STYLE('',(#15062));
#15062 = SURFACE_STYLE_FILL_AREA(#15063);
#15063 = FILL_AREA_STYLE('',(#15064));
#15064 = FILL_AREA_STYLE_COLOUR('',#14910);
#15065 = CURVE_STYLE('',#15066,POSITIVE_LENGTH_MEASURE(0.1),#14910);
#15066 = DRAUGHTING_PRE_DEFINED_CURVE_FONT('continuous');
#15067 = STYLED_ITEM('color',(#15068),#7258);
#15068 = PRESENTATION_STYLE_ASSIGNMENT((#15069,#15074));
#15069 = SURFACE_STYLE_USAGE(.BOTH.,#15070);
#15070 = SURFACE_SIDE_STYLE('',(#15071));
#15071 = SURFACE_STYLE_FILL_AREA(#15072);
#15072 = FILL_AREA_STYLE('',(#15073));
#15073 = FILL_AREA_STYLE_COLOUR('',#14910);
#15074 = CURVE_STYLE('',#15075,POSITIVE_LENGTH_MEASURE(0.1),#14910);
#15075 = DRAUGHTING_PRE_DEFINED_CURVE_FONT('continuous');
#15076 = STYLED_ITEM('color',(#15077),#7300);
#15077 = PRESENTATION_STYLE_ASSIGNMENT((#15078,#15083));
#15078 = SURFACE_STYLE_USAGE(.BOTH.,#15079);
#15079 = SURFACE_SIDE_STYLE('',(#15080));
#15080 = SURFACE_STYLE_FILL_AREA(#15081);
#15081 = FILL_AREA_STYLE('',(#15082));
#15082 = FILL_AREA_STYLE_COLOUR('',#14910);
#15083 = CURVE_STYLE('',#15084,POSITIVE_LENGTH_MEASURE(0.1),#14910);
#15084 = DRAUGHTING_PRE_DEFINED_CURVE_FONT('continuous');
#15085 = STYLED_ITEM('color',(#15086),#7342);
#15086 = PRESENTATION_STYLE_ASSIGNMENT((#15087,#15092));
#15087 = SURFACE_STYLE_USAGE(.BOTH.,#15088);
#15088 = SURFACE_SIDE_STYLE('',(#15089));
#15089 = SURFACE_STYLE_FILL_AREA(#15090);
#15090 = FILL_AREA_STYLE('',(#15091));
#15091 = FILL_AREA_STYLE_COLOUR('',#14910);
#15092 = CURVE_STYLE('',#15093,POSITIVE_LENGTH_MEASURE(0.1),#14910);
#15093 = DRAUGHTING_PRE_DEFINED_CURVE_FONT('continuous');
#15094 = STYLED_ITEM('color',(#15095),#7384);
#15095 = PRESENTATION_STYLE_ASSIGNMENT((#15096,#15101));
#15096 = SURFACE_STYLE_USAGE(.BOTH.,#15097);
#15097 = SURFACE_SIDE_STYLE('',(#15098));
#15098 = SURFACE_STYLE_FILL_AREA(#15099);
#15099 = FILL_AREA_STYLE('',(#15100));
#15100 = FILL_AREA_STYLE_COLOUR('',#14910);
#15101 = CURVE_STYLE('',#15102,POSITIVE_LENGTH_MEASURE(0.1),#14910);
#15102 = DRAUGHTING_PRE_DEFINED_CURVE_FONT('continuous');
#15103 = STYLED_ITEM('color',(#15104),#7426);
#15104 = PRESENTATION_STYLE_ASSIGNMENT((#15105,#15110));
#15105 = SURFACE_STYLE_USAGE(.BOTH.,#15106);
#15106 = SURFACE_SIDE_STYLE('',(#15107));
#15107 = SURFACE_STYLE_FILL_AREA(#15108);
#15108 = FILL_AREA_STYLE('',(#15109));
#15109 = FILL_AREA_STYLE_COLOUR('',#14910);
#15110 = CURVE_STYLE('',#15111,POSITIVE_LENGTH_MEASURE(0.1),#14910);
#15111 = DRAUGHTING_PRE_DEFINED_CURVE_FONT('continuous');
#15112 = STYLED_ITEM('color',(#15113),#7468);
#15113 = PRESENTATION_STYLE_ASSIGNMENT((#15114,#15119));
#15114 = SURFACE_STYLE_USAGE(.BOTH.,#15115);
#15115 = SURFACE_SIDE_STYLE('',(#15116));
#15116 = SURFACE_STYLE_FILL_AREA(#15117);
#15117 = FILL_AREA_STYLE('',(#15118));
#15118 = FILL_AREA_STYLE_COLOUR('',#14910);
#15119 = CURVE_STYLE('',#15120,POSITIVE_LENGTH_MEASURE(0.1),#14910);
#15120 = DRAUGHTING_PRE_DEFINED_CURVE_FONT('continuous');
#15121 = STYLED_ITEM('color',(#15122),#7512);
#15122 = PRESENTATION_STYLE_ASSIGNMENT((#15123,#15128));
#15123 = SURFACE_STYLE_USAGE(.BOTH.,#15124);
#15124 = SURFACE_SIDE_STYLE('',(#15125));
#15125 = SURFACE_STYLE_FILL_AREA(#15126);
#15126 = FILL_AREA_STYLE('',(#15127));
#15127 = FILL_AREA_STYLE_COLOUR('',#14910);
#15128 = CURVE_STYLE('',#15129,POSITIVE_LENGTH_MEASURE(0.1),#14910);
#15129 = DRAUGHTING_PRE_DEFINED_CURVE_FONT('continuous');
#15130 = STYLED_ITEM('color',(#15131),#7556);
#15131 = PRESENTATION_STYLE_ASSIGNMENT((#15132,#15137));
#15132 = SURFACE_STYLE_USAGE(.BOTH.,#15133);
#15133 = SURFACE_SIDE_STYLE('',(#15134));
#15134 = SURFACE_STYLE_FILL_AREA(#15135);
#15135 = FILL_AREA_STYLE('',(#15136));
#15136 = FILL_AREA_STYLE_COLOUR('',#14910);
#15137 = CURVE_STYLE('',#15138,POSITIVE_LENGTH_MEASURE(0.1),#14910);
#15138 = DRAUGHTING_PRE_DEFINED_CURVE_FONT('continuous');
#15139 = STYLED_ITEM('color',(#15140),#7600);
#15140 = PRESENTATION_STYLE_ASSIGNMENT((#15141,#15146));
#15141 = SURFACE_STYLE_USAGE(.BOTH.,#15142);
#15142 = SURFACE_SIDE_STYLE('',(#15143));
#15143 = SURFACE_STYLE_FILL_AREA(#15144);
#15144 = FILL_AREA_STYLE('',(#15145));
#15145 = FILL_AREA_STYLE_COLOUR('',#14910);
#15146 = CURVE_STYLE('',#15147,POSITIVE_LENGTH_MEASURE(0.1),#14910);
#15147 = DRAUGHTING_PRE_DEFINED_CURVE_FONT('continuous');
#15148 = STYLED_ITEM('color',(#15149),#7644);
#15149 = PRESENTATION_STYLE_ASSIGNMENT((#15150,#15155));
#15150 = SURFACE_STYLE_USAGE(.BOTH.,#15151);
#15151 = SURFACE_SIDE_STYLE('',(#15152));
#15152 = SURFACE_STYLE_FILL_AREA(#15153);
#15153 = FILL_AREA_STYLE('',(#15154));
#15154 = FILL_AREA_STYLE_COLOUR('',#14910);
#15155 = CURVE_STYLE('',#15156,POSITIVE_LENGTH_MEASURE(0.1),#14910);
#15156 = DRAUGHTING_PRE_DEFINED_CURVE_FONT('continuous');
#15157 = STYLED_ITEM('color',(#15158),#7754);
#15158 = PRESENTATION_STYLE_ASSIGNMENT((#15159,#15164));
#15159 = SURFACE_STYLE_USAGE(.BOTH.,#15160);
#15160 = SURFACE_SIDE_STYLE('',(#15161));
#15161 = SURFACE_STYLE_FILL_AREA(#15162);
#15162 = FILL_AREA_STYLE('',(#15163));
#15163 = FILL_AREA_STYLE_COLOUR('',#14910);
#15164 = CURVE_STYLE('',#15165,POSITIVE_LENGTH_MEASURE(0.1),#14910);
#15165 = DRAUGHTING_PRE_DEFINED_CURVE_FONT('continuous');
#15166 = STYLED_ITEM('color',(#15167),#7864);
#15167 = PRESENTATION_STYLE_ASSIGNMENT((#15168,#15173));
#15168 = SURFACE_STYLE_USAGE(.BOTH.,#15169);
#15169 = SURFACE_SIDE_STYLE('',(#15170));
#15170 = SURFACE_STYLE_FILL_AREA(#15171);
#15171 = FILL_AREA_STYLE('',(#15172));
#15172 = FILL_AREA_STYLE_COLOUR('',#14910);
#15173 = CURVE_STYLE('',#15174,POSITIVE_LENGTH_MEASURE(0.1),#14910);
#15174 = DRAUGHTING_PRE_DEFINED_CURVE_FONT('continuous');
#15175 = STYLED_ITEM('color',(#15176),#7906);
#15176 = PRESENTATION_STYLE_ASSIGNMENT((#15177,#15182));
#15177 = SURFACE_STYLE_USAGE(.BOTH.,#15178);
#15178 = SURFACE_SIDE_STYLE('',(#15179));
#15179 = SURFACE_STYLE_FILL_AREA(#15180);
#15180 = FILL_AREA_STYLE('',(#15181));
#15181 = FILL_AREA_STYLE_COLOUR('',#14910);
#15182 = CURVE_STYLE('',#15183,POSITIVE_LENGTH_MEASURE(0.1),#14910);
#15183 = DRAUGHTING_PRE_DEFINED_CURVE_FONT('continuous');
#15184 = STYLED_ITEM('color',(#15185),#7948);
#15185 = PRESENTATION_STYLE_ASSIGNMENT((#15186,#15191));
#15186 = SURFACE_STYLE_USAGE(.BOTH.,#15187);
#15187 = SURFACE_SIDE_STYLE('',(#15188));
#15188 = SURFACE_STYLE_FILL_AREA(#15189);
#15189 = FILL_AREA_STYLE('',(#15190));
#15190 = FILL_AREA_STYLE_COLOUR('',#14910);
#15191 = CURVE_STYLE('',#15192,POSITIVE_LENGTH_MEASURE(0.1),#14910);
#15192 = DRAUGHTING_PRE_DEFINED_CURVE_FONT('continuous');
#15193 = STYLED_ITEM('color',(#15194),#7990);
#15194 = PRESENTATION_STYLE_ASSIGNMENT((#15195,#15200));
#15195 = SURFACE_STYLE_USAGE(.BOTH.,#15196);
#15196 = SURFACE_SIDE_STYLE('',(#15197));
#15197 = SURFACE_STYLE_FILL_AREA(#15198);
#15198 = FILL_AREA_STYLE('',(#15199));
#15199 = FILL_AREA_STYLE_COLOUR('',#14910);
#15200 = CURVE_STYLE('',#15201,POSITIVE_LENGTH_MEASURE(0.1),#14910);
#15201 = DRAUGHTING_PRE_DEFINED_CURVE_FONT('continuous');
#15202 = STYLED_ITEM('color',(#15203),#8032);
#15203 = PRESENTATION_STYLE_ASSIGNMENT((#15204,#15209));
#15204 = SURFACE_STYLE_USAGE(.BOTH.,#15205);
#15205 = SURFACE_SIDE_STYLE('',(#15206));
#15206 = SURFACE_STYLE_FILL_AREA(#15207);
#15207 = FILL_AREA_STYLE('',(#15208));
#15208 = FILL_AREA_STYLE_COLOUR('',#14910);
#15209 = CURVE_STYLE('',#15210,POSITIVE_LENGTH_MEASURE(0.1),#14910);
#15210 = DRAUGHTING_PRE_DEFINED_CURVE_FONT('continuous');
#15211 = STYLED_ITEM('color',(#15212),#8074);
#15212 = PRESENTATION_STYLE_ASSIGNMENT((#15213,#15218));
#15213 = SURFACE_STYLE_USAGE(.BOTH.,#15214);
#15214 = SURFACE_SIDE_STYLE('',(#15215));
#15215 = SURFACE_STYLE_FILL_AREA(#15216);
#15216 = FILL_AREA_STYLE('',(#15217));
#15217 = FILL_AREA_STYLE_COLOUR('',#14910);
#15218 = CURVE_STYLE('',#15219,POSITIVE_LENGTH_MEASURE(0.1),#14910);
#15219 = DRAUGHTING_PRE_DEFINED_CURVE_FONT('continuous');
#15220 = STYLED_ITEM('color',(#15221),#8116);
#15221 = PRESENTATION_STYLE_ASSIGNMENT((#15222,#15227));
#15222 = SURFACE_STYLE_USAGE(.BOTH.,#15223);
#15223 = SURFACE_SIDE_STYLE('',(#15224));
#15224 = SURFACE_STYLE_FILL_AREA(#15225);
#15225 = FILL_AREA_STYLE('',(#15226));
#15226 = FILL_AREA_STYLE_COLOUR('',#14910);
#15227 = CURVE_STYLE('',#15228,POSITIVE_LENGTH_MEASURE(0.1),#14910);
#15228 = DRAUGHTING_PRE_DEFINED_CURVE_FONT('continuous');
#15229 = STYLED_ITEM('color',(#15230),#8158);
#15230 = PRESENTATION_STYLE_ASSIGNMENT((#15231,#15236));
#15231 = SURFACE_STYLE_USAGE(.BOTH.,#15232);
#15232 = SURFACE_SIDE_STYLE('',(#15233));
#15233 = SURFACE_STYLE_FILL_AREA(#15234);
#15234 = FILL_AREA_STYLE('',(#15235));
#15235 = FILL_AREA_STYLE_COLOUR('',#14910);
#15236 = CURVE_STYLE('',#15237,POSITIVE_LENGTH_MEASURE(0.1),#14910);
#15237 = DRAUGHTING_PRE_DEFINED_CURVE_FONT('continuous');
#15238 = STYLED_ITEM('color',(#15239),#8200);
#15239 = PRESENTATION_STYLE_ASSIGNMENT((#15240,#15245));
#15240 = SURFACE_STYLE_USAGE(.BOTH.,#15241);
#15241 = SURFACE_SIDE_STYLE('',(#15242));
#15242 = SURFACE_STYLE_FILL_AREA(#15243);
#15243 = FILL_AREA_STYLE('',(#15244));
#15244 = FILL_AREA_STYLE_COLOUR('',#14910);
#15245 = CURVE_STYLE('',#15246,POSITIVE_LENGTH_MEASURE(0.1),#14910);
#15246 = DRAUGHTING_PRE_DEFINED_CURVE_FONT('continuous');
#15247 = STYLED_ITEM('color',(#15248),#8244);
#15248 = PRESENTATION_STYLE_ASSIGNMENT((#15249,#15254));
#15249 = SURFACE_STYLE_USAGE(.BOTH.,#15250);
#15250 = SURFACE_SIDE_STYLE('',(#15251));
#15251 = SURFACE_STYLE_FILL_AREA(#15252);
#15252 = FILL_AREA_STYLE('',(#15253));
#15253 = FILL_AREA_STYLE_COLOUR('',#14910);
#15254 = CURVE_STYLE('',#15255,POSITIVE_LENGTH_MEASURE(0.1),#14910);
#15255 = DRAUGHTING_PRE_DEFINED_CURVE_FONT('continuous');
#15256 = STYLED_ITEM('color',(#15257),#8288);
#15257 = PRESENTATION_STYLE_ASSIGNMENT((#15258,#15263));
#15258 = SURFACE_STYLE_USAGE(.BOTH.,#15259);
#15259 = SURFACE_SIDE_STYLE('',(#15260));
#15260 = SURFACE_STYLE_FILL_AREA(#15261);
#15261 = FILL_AREA_STYLE('',(#15262));
#15262 = FILL_AREA_STYLE_COLOUR('',#14910);
#15263 = CURVE_STYLE('',#15264,POSITIVE_LENGTH_MEASURE(0.1),#14910);
#15264 = DRAUGHTING_PRE_DEFINED_CURVE_FONT('continuous');
#15265 = STYLED_ITEM('color',(#15266),#8332);
#15266 = PRESENTATION_STYLE_ASSIGNMENT((#15267,#15272));
#15267 = SURFACE_STYLE_USAGE(.BOTH.,#15268);
#15268 = SURFACE_SIDE_STYLE('',(#15269));
#15269 = SURFACE_STYLE_FILL_AREA(#15270);
#15270 = FILL_AREA_STYLE('',(#15271));
#15271 = FILL_AREA_STYLE_COLOUR('',#14910);
#15272 = CURVE_STYLE('',#15273,POSITIVE_LENGTH_MEASURE(0.1),#14910);
#15273 = DRAUGHTING_PRE_DEFINED_CURVE_FONT('continuous');
#15274 = STYLED_ITEM('color',(#15275),#8376);
#15275 = PRESENTATION_STYLE_ASSIGNMENT((#15276,#15281));
#15276 = SURFACE_STYLE_USAGE(.BOTH.,#15277);
#15277 = SURFACE_SIDE_STYLE('',(#15278));
#15278 = SURFACE_STYLE_FILL_AREA(#15279);
#15279 = FILL_AREA_STYLE('',(#15280));
#15280 = FILL_AREA_STYLE_COLOUR('',#14910);
#15281 = CURVE_STYLE('',#15282,POSITIVE_LENGTH_MEASURE(0.1),#14910);
#15282 = DRAUGHTING_PRE_DEFINED_CURVE_FONT('continuous');
#15283 = STYLED_ITEM('color',(#15284),#8486);
#15284 = PRESENTATION_STYLE_ASSIGNMENT((#15285,#15290));
#15285 = SURFACE_STYLE_USAGE(.BOTH.,#15286);
#15286 = SURFACE_SIDE_STYLE('',(#15287));
#15287 = SURFACE_STYLE_FILL_AREA(#15288);
#15288 = FILL_AREA_STYLE('',(#15289));
#15289 = FILL_AREA_STYLE_COLOUR('',#14910);
#15290 = CURVE_STYLE('',#15291,POSITIVE_LENGTH_MEASURE(0.1),#14910);
#15291 = DRAUGHTING_PRE_DEFINED_CURVE_FONT('continuous');
#15292 = STYLED_ITEM('color',(#15293),#8596);
#15293 = PRESENTATION_STYLE_ASSIGNMENT((#15294,#15299));
#15294 = SURFACE_STYLE_USAGE(.BOTH.,#15295);
#15295 = SURFACE_SIDE_STYLE('',(#15296));
#15296 = SURFACE_STYLE_FILL_AREA(#15297);
#15297 = FILL_AREA_STYLE('',(#15298));
#15298 = FILL_AREA_STYLE_COLOUR('',#14910);
#15299 = CURVE_STYLE('',#15300,POSITIVE_LENGTH_MEASURE(0.1),#14910);
#15300 = DRAUGHTING_PRE_DEFINED_CURVE_FONT('continuous');
#15301 = STYLED_ITEM('color',(#15302),#8638);
#15302 = PRESENTATION_STYLE_ASSIGNMENT((#15303,#15308));
#15303 = SURFACE_STYLE_USAGE(.BOTH.,#15304);
#15304 = SURFACE_SIDE_STYLE('',(#15305));
#15305 = SURFACE_STYLE_FILL_AREA(#15306);
#15306 = FILL_AREA_STYLE('',(#15307));
#15307 = FILL_AREA_STYLE_COLOUR('',#14910);
#15308 = CURVE_STYLE('',#15309,POSITIVE_LENGTH_MEASURE(0.1),#14910);
#15309 = DRAUGHTING_PRE_DEFINED_CURVE_FONT('continuous');
#15310 = STYLED_ITEM('color',(#15311),#8680);
#15311 = PRESENTATION_STYLE_ASSIGNMENT((#15312,#15317));
#15312 = SURFACE_STYLE_USAGE(.BOTH.,#15313);
#15313 = SURFACE_SIDE_STYLE('',(#15314));
#15314 = SURFACE_STYLE_FILL_AREA(#15315);
#15315 = FILL_AREA_STYLE('',(#15316));
#15316 = FILL_AREA_STYLE_COLOUR('',#14910);
#15317 = CURVE_STYLE('',#15318,POSITIVE_LENGTH_MEASURE(0.1),#14910);
#15318 = DRAUGHTING_PRE_DEFINED_CURVE_FONT('continuous');
#15319 = STYLED_ITEM('color',(#15320),#8722);
#15320 = PRESENTATION_STYLE_ASSIGNMENT((#15321,#15326));
#15321 = SURFACE_STYLE_USAGE(.BOTH.,#15322);
#15322 = SURFACE_SIDE_STYLE('',(#15323));
#15323 = SURFACE_STYLE_FILL_AREA(#15324);
#15324 = FILL_AREA_STYLE('',(#15325));
#15325 = FILL_AREA_STYLE_COLOUR('',#14910);
#15326 = CURVE_STYLE('',#15327,POSITIVE_LENGTH_MEASURE(0.1),#14910);
#15327 = DRAUGHTING_PRE_DEFINED_CURVE_FONT('continuous');
#15328 = STYLED_ITEM('color',(#15329),#8764);
#15329 = PRESENTATION_STYLE_ASSIGNMENT((#15330,#15335));
#15330 = SURFACE_STYLE_USAGE(.BOTH.,#15331);
#15331 = SURFACE_SIDE_STYLE('',(#15332));
#15332 = SURFACE_STYLE_FILL_AREA(#15333);
#15333 = FILL_AREA_STYLE('',(#15334));
#15334 = FILL_AREA_STYLE_COLOUR('',#14910);
#15335 = CURVE_STYLE('',#15336,POSITIVE_LENGTH_MEASURE(0.1),#14910);
#15336 = DRAUGHTING_PRE_DEFINED_CURVE_FONT('continuous');
#15337 = STYLED_ITEM('color',(#15338),#8806);
#15338 = PRESENTATION_STYLE_ASSIGNMENT((#15339,#15344));
#15339 = SURFACE_STYLE_USAGE(.BOTH.,#15340);
#15340 = SURFACE_SIDE_STYLE('',(#15341));
#15341 = SURFACE_STYLE_FILL_AREA(#15342);
#15342 = FILL_AREA_STYLE('',(#15343));
#15343 = FILL_AREA_STYLE_COLOUR('',#14910);
#15344 = CURVE_STYLE('',#15345,POSITIVE_LENGTH_MEASURE(0.1),#14910);
#15345 = DRAUGHTING_PRE_DEFINED_CURVE_FONT('continuous');
#15346 = STYLED_ITEM('color',(#15347),#8848);
#15347 = PRESENTATION_STYLE_ASSIGNMENT((#15348,#15353));
#15348 = SURFACE_STYLE_USAGE(.BOTH.,#15349);
#15349 = SURFACE_SIDE_STYLE('',(#15350));
#15350 = SURFACE_STYLE_FILL_AREA(#15351);
#15351 = FILL_AREA_STYLE('',(#15352));
#15352 = FILL_AREA_STYLE_COLOUR('',#14910);
#15353 = CURVE_STYLE('',#15354,POSITIVE_LENGTH_MEASURE(0.1),#14910);
#15354 = DRAUGHTING_PRE_DEFINED_CURVE_FONT('continuous');
#15355 = STYLED_ITEM('color',(#15356),#8890);
#15356 = PRESENTATION_STYLE_ASSIGNMENT((#15357,#15362));
#15357 = SURFACE_STYLE_USAGE(.BOTH.,#15358);
#15358 = SURFACE_SIDE_STYLE('',(#15359));
#15359 = SURFACE_STYLE_FILL_AREA(#15360);
#15360 = FILL_AREA_STYLE('',(#15361));
#15361 = FILL_AREA_STYLE_COLOUR('',#14910);
#15362 = CURVE_STYLE('',#15363,POSITIVE_LENGTH_MEASURE(0.1),#14910);
#15363 = DRAUGHTING_PRE_DEFINED_CURVE_FONT('continuous');
#15364 = STYLED_ITEM('color',(#15365),#8932);
#15365 = PRESENTATION_STYLE_ASSIGNMENT((#15366,#15371));
#15366 = SURFACE_STYLE_USAGE(.BOTH.,#15367);
#15367 = SURFACE_SIDE_STYLE('',(#15368));
#15368 = SURFACE_STYLE_FILL_AREA(#15369);
#15369 = FILL_AREA_STYLE('',(#15370));
#15370 = FILL_AREA_STYLE_COLOUR('',#14910);
#15371 = CURVE_STYLE('',#15372,POSITIVE_LENGTH_MEASURE(0.1),#14910);
#15372 = DRAUGHTING_PRE_DEFINED_CURVE_FONT('continuous');
#15373 = STYLED_ITEM('color',(#15374),#8976);
#15374 = PRESENTATION_STYLE_ASSIGNMENT((#15375,#15380));
#15375 = SURFACE_STYLE_USAGE(.BOTH.,#15376);
#15376 = SURFACE_SIDE_STYLE('',(#15377));
#15377 = SURFACE_STYLE_FILL_AREA(#15378);
#15378 = FILL_AREA_STYLE('',(#15379));
#15379 = FILL_AREA_STYLE_COLOUR('',#14910);
#15380 = CURVE_STYLE('',#15381,POSITIVE_LENGTH_MEASURE(0.1),#14910);
#15381 = DRAUGHTING_PRE_DEFINED_CURVE_FONT('continuous');
#15382 = STYLED_ITEM('color',(#15383),#9020);
#15383 = PRESENTATION_STYLE_ASSIGNMENT((#15384,#15389));
#15384 = SURFACE_STYLE_USAGE(.BOTH.,#15385);
#15385 = SURFACE_SIDE_STYLE('',(#15386));
#15386 = SURFACE_STYLE_FILL_AREA(#15387);
#15387 = FILL_AREA_STYLE('',(#15388));
#15388 = FILL_AREA_STYLE_COLOUR('',#14910);
#15389 = CURVE_STYLE('',#15390,POSITIVE_LENGTH_MEASURE(0.1),#14910);
#15390 = DRAUGHTING_PRE_DEFINED_CURVE_FONT('continuous');
#15391 = STYLED_ITEM('color',(#15392),#9064);
#15392 = PRESENTATION_STYLE_ASSIGNMENT((#15393,#15398));
#15393 = SURFACE_STYLE_USAGE(.BOTH.,#15394);
#15394 = SURFACE_SIDE_STYLE('',(#15395));
#15395 = SURFACE_STYLE_FILL_AREA(#15396);
#15396 = FILL_AREA_STYLE('',(#15397));
#15397 = FILL_AREA_STYLE_COLOUR('',#14910);
#15398 = CURVE_STYLE('',#15399,POSITIVE_LENGTH_MEASURE(0.1),#14910);
#15399 = DRAUGHTING_PRE_DEFINED_CURVE_FONT('continuous');
#15400 = STYLED_ITEM('color',(#15401),#9108);
#15401 = PRESENTATION_STYLE_ASSIGNMENT((#15402,#15407));
#15402 = SURFACE_STYLE_USAGE(.BOTH.,#15403);
#15403 = SURFACE_SIDE_STYLE('',(#15404));
#15404 = SURFACE_STYLE_FILL_AREA(#15405);
#15405 = FILL_AREA_STYLE('',(#15406));
#15406 = FILL_AREA_STYLE_COLOUR('',#14910);
#15407 = CURVE_STYLE('',#15408,POSITIVE_LENGTH_MEASURE(0.1),#14910);
#15408 = DRAUGHTING_PRE_DEFINED_CURVE_FONT('continuous');
#15409 = STYLED_ITEM('color',(#15410),#9218);
#15410 = PRESENTATION_STYLE_ASSIGNMENT((#15411,#15416));
#15411 = SURFACE_STYLE_USAGE(.BOTH.,#15412);
#15412 = SURFACE_SIDE_STYLE('',(#15413));
#15413 = SURFACE_STYLE_FILL_AREA(#15414);
#15414 = FILL_AREA_STYLE('',(#15415));
#15415 = FILL_AREA_STYLE_COLOUR('',#14910);
#15416 = CURVE_STYLE('',#15417,POSITIVE_LENGTH_MEASURE(0.1),#14910);
#15417 = DRAUGHTING_PRE_DEFINED_CURVE_FONT('continuous');
#15418 = STYLED_ITEM('color',(#15419),#9328);
#15419 = PRESENTATION_STYLE_ASSIGNMENT((#15420,#15425));
#15420 = SURFACE_STYLE_USAGE(.BOTH.,#15421);
#15421 = SURFACE_SIDE_STYLE('',(#15422));
#15422 = SURFACE_STYLE_FILL_AREA(#15423);
#15423 = FILL_AREA_STYLE('',(#15424));
#15424 = FILL_AREA_STYLE_COLOUR('',#14910);
#15425 = CURVE_STYLE('',#15426,POSITIVE_LENGTH_MEASURE(0.1),#14910);
#15426 = DRAUGHTING_PRE_DEFINED_CURVE_FONT('continuous');
#15427 = STYLED_ITEM('color',(#15428),#9370);
#15428 = PRESENTATION_STYLE_ASSIGNMENT((#15429,#15434));
#15429 = SURFACE_STYLE_USAGE(.BOTH.,#15430);
#15430 = SURFACE_SIDE_STYLE('',(#15431));
#15431 = SURFACE_STYLE_FILL_AREA(#15432);
#15432 = FILL_AREA_STYLE('',(#15433));
#15433 = FILL_AREA_STYLE_COLOUR('',#14910);
#15434 = CURVE_STYLE('',#15435,POSITIVE_LENGTH_MEASURE(0.1),#14910);
#15435 = DRAUGHTING_PRE_DEFINED_CURVE_FONT('continuous');
#15436 = STYLED_ITEM('color',(#15437),#9412);
#15437 = PRESENTATION_STYLE_ASSIGNMENT((#15438,#15443));
#15438 = SURFACE_STYLE_USAGE(.BOTH.,#15439);
#15439 = SURFACE_SIDE_STYLE('',(#15440));
#15440 = SURFACE_STYLE_FILL_AREA(#15441);
#15441 = FILL_AREA_STYLE('',(#15442));
#15442 = FILL_AREA_STYLE_COLOUR('',#14910);
#15443 = CURVE_STYLE('',#15444,POSITIVE_LENGTH_MEASURE(0.1),#14910);
#15444 = DRAUGHTING_PRE_DEFINED_CURVE_FONT('continuous');
#15445 = STYLED_ITEM('color',(#15446),#9454);
#15446 = PRESENTATION_STYLE_ASSIGNMENT((#15447,#15452));
#15447 = SURFACE_STYLE_USAGE(.BOTH.,#15448);
#15448 = SURFACE_SIDE_STYLE('',(#15449));
#15449 = SURFACE_STYLE_FILL_AREA(#15450);
#15450 = FILL_AREA_STYLE('',(#15451));
#15451 = FILL_AREA_STYLE_COLOUR('',#14910);
#15452 = CURVE_STYLE('',#15453,POSITIVE_LENGTH_MEASURE(0.1),#14910);
#15453 = DRAUGHTING_PRE_DEFINED_CURVE_FONT('continuous');
#15454 = STYLED_ITEM('color',(#15455),#9496);
#15455 = PRESENTATION_STYLE_ASSIGNMENT((#15456,#15461));
#15456 = SURFACE_STYLE_USAGE(.BOTH.,#15457);
#15457 = SURFACE_SIDE_STYLE('',(#15458));
#15458 = SURFACE_STYLE_FILL_AREA(#15459);
#15459 = FILL_AREA_STYLE('',(#15460));
#15460 = FILL_AREA_STYLE_COLOUR('',#14910);
#15461 = CURVE_STYLE('',#15462,POSITIVE_LENGTH_MEASURE(0.1),#14910);
#15462 = DRAUGHTING_PRE_DEFINED_CURVE_FONT('continuous');
#15463 = STYLED_ITEM('color',(#15464),#9538);
#15464 = PRESENTATION_STYLE_ASSIGNMENT((#15465,#15470));
#15465 = SURFACE_STYLE_USAGE(.BOTH.,#15466);
#15466 = SURFACE_SIDE_STYLE('',(#15467));
#15467 = SURFACE_STYLE_FILL_AREA(#15468);
#15468 = FILL_AREA_STYLE('',(#15469));
#15469 = FILL_AREA_STYLE_COLOUR('',#14910);
#15470 = CURVE_STYLE('',#15471,POSITIVE_LENGTH_MEASURE(0.1),#14910);
#15471 = DRAUGHTING_PRE_DEFINED_CURVE_FONT('continuous');
#15472 = STYLED_ITEM('color',(#15473),#9580);
#15473 = PRESENTATION_STYLE_ASSIGNMENT((#15474,#15479));
#15474 = SURFACE_STYLE_USAGE(.BOTH.,#15475);
#15475 = SURFACE_SIDE_STYLE('',(#15476));
#15476 = SURFACE_STYLE_FILL_AREA(#15477);
#15477 = FILL_AREA_STYLE('',(#15478));
#15478 = FILL_AREA_STYLE_COLOUR('',#14910);
#15479 = CURVE_STYLE('',#15480,POSITIVE_LENGTH_MEASURE(0.1),#14910);
#15480 = DRAUGHTING_PRE_DEFINED_CURVE_FONT('continuous');
#15481 = STYLED_ITEM('color',(#15482),#9622);
#15482 = PRESENTATION_STYLE_ASSIGNMENT((#15483,#15488));
#15483 = SURFACE_STYLE_USAGE(.BOTH.,#15484);
#15484 = SURFACE_SIDE_STYLE('',(#15485));
#15485 = SURFACE_STYLE_FILL_AREA(#15486);
#15486 = FILL_AREA_STYLE('',(#15487));
#15487 = FILL_AREA_STYLE_COLOUR('',#14910);
#15488 = CURVE_STYLE('',#15489,POSITIVE_LENGTH_MEASURE(0.1),#14910);
#15489 = DRAUGHTING_PRE_DEFINED_CURVE_FONT('continuous');
#15490 = STYLED_ITEM('color',(#15491),#9664);
#15491 = PRESENTATION_STYLE_ASSIGNMENT((#15492,#15497));
#15492 = SURFACE_STYLE_USAGE(.BOTH.,#15493);
#15493 = SURFACE_SIDE_STYLE('',(#15494));
#15494 = SURFACE_STYLE_FILL_AREA(#15495);
#15495 = FILL_AREA_STYLE('',(#15496));
#15496 = FILL_AREA_STYLE_COLOUR('',#14910);
#15497 = CURVE_STYLE('',#15498,POSITIVE_LENGTH_MEASURE(0.1),#14910);
#15498 = DRAUGHTING_PRE_DEFINED_CURVE_FONT('continuous');
#15499 = STYLED_ITEM('color',(#15500),#9708);
#15500 = PRESENTATION_STYLE_ASSIGNMENT((#15501,#15506));
#15501 = SURFACE_STYLE_USAGE(.BOTH.,#15502);
#15502 = SURFACE_SIDE_STYLE('',(#15503));
#15503 = SURFACE_STYLE_FILL_AREA(#15504);
#15504 = FILL_AREA_STYLE('',(#15505));
#15505 = FILL_AREA_STYLE_COLOUR('',#14910);
#15506 = CURVE_STYLE('',#15507,POSITIVE_LENGTH_MEASURE(0.1),#14910);
#15507 = DRAUGHTING_PRE_DEFINED_CURVE_FONT('continuous');
#15508 = STYLED_ITEM('color',(#15509),#9752);
#15509 = PRESENTATION_STYLE_ASSIGNMENT((#15510,#15515));
#15510 = SURFACE_STYLE_USAGE(.BOTH.,#15511);
#15511 = SURFACE_SIDE_STYLE('',(#15512));
#15512 = SURFACE_STYLE_FILL_AREA(#15513);
#15513 = FILL_AREA_STYLE('',(#15514));
#15514 = FILL_AREA_STYLE_COLOUR('',#14910);
#15515 = CURVE_STYLE('',#15516,POSITIVE_LENGTH_MEASURE(0.1),#14910);
#15516 = DRAUGHTING_PRE_DEFINED_CURVE_FONT('continuous');
#15517 = STYLED_ITEM('color',(#15518),#9796);
#15518 = PRESENTATION_STYLE_ASSIGNMENT((#15519,#15524));
#15519 = SURFACE_STYLE_USAGE(.BOTH.,#15520);
#15520 = SURFACE_SIDE_STYLE('',(#15521));
#15521 = SURFACE_STYLE_FILL_AREA(#15522);
#15522 = FILL_AREA_STYLE('',(#15523));
#15523 = FILL_AREA_STYLE_COLOUR('',#14910);
#15524 = CURVE_STYLE('',#15525,POSITIVE_LENGTH_MEASURE(0.1),#14910);
#15525 = DRAUGHTING_PRE_DEFINED_CURVE_FONT('continuous');
#15526 = STYLED_ITEM('color',(#15527),#9840);
#15527 = PRESENTATION_STYLE_ASSIGNMENT((#15528,#15533));
#15528 = SURFACE_STYLE_USAGE(.BOTH.,#15529);
#15529 = SURFACE_SIDE_STYLE('',(#15530));
#15530 = SURFACE_STYLE_FILL_AREA(#15531);
#15531 = FILL_AREA_STYLE('',(#15532));
#15532 = FILL_AREA_STYLE_COLOUR('',#14910);
#15533 = CURVE_STYLE('',#15534,POSITIVE_LENGTH_MEASURE(0.1),#14910);
#15534 = DRAUGHTING_PRE_DEFINED_CURVE_FONT('continuous');
#15535 = STYLED_ITEM('color',(#15536),#9950);
#15536 = PRESENTATION_STYLE_ASSIGNMENT((#15537,#15542));
#15537 = SURFACE_STYLE_USAGE(.BOTH.,#15538);
#15538 = SURFACE_SIDE_STYLE('',(#15539));
#15539 = SURFACE_STYLE_FILL_AREA(#15540);
#15540 = FILL_AREA_STYLE('',(#15541));
#15541 = FILL_AREA_STYLE_COLOUR('',#14910);
#15542 = CURVE_STYLE('',#15543,POSITIVE_LENGTH_MEASURE(0.1),#14910);
#15543 = DRAUGHTING_PRE_DEFINED_CURVE_FONT('continuous');
#15544 = STYLED_ITEM('color',(#15545),#10060);
#15545 = PRESENTATION_STYLE_ASSIGNMENT((#15546,#15551));
#15546 = SURFACE_STYLE_USAGE(.BOTH.,#15547);
#15547 = SURFACE_SIDE_STYLE('',(#15548));
#15548 = SURFACE_STYLE_FILL_AREA(#15549);
#15549 = FILL_AREA_STYLE('',(#15550));
#15550 = FILL_AREA_STYLE_COLOUR('',#14910);
#15551 = CURVE_STYLE('',#15552,POSITIVE_LENGTH_MEASURE(0.1),#14910);
#15552 = DRAUGHTING_PRE_DEFINED_CURVE_FONT('continuous');
#15553 = STYLED_ITEM('color',(#15554),#10102);
#15554 = PRESENTATION_STYLE_ASSIGNMENT((#15555,#15560));
#15555 = SURFACE_STYLE_USAGE(.BOTH.,#15556);
#15556 = SURFACE_SIDE_STYLE('',(#15557));
#15557 = SURFACE_STYLE_FILL_AREA(#15558);
#15558 = FILL_AREA_STYLE('',(#15559));
#15559 = FILL_AREA_STYLE_COLOUR('',#14910);
#15560 = CURVE_STYLE('',#15561,POSITIVE_LENGTH_MEASURE(0.1),#14910);
#15561 = DRAUGHTING_PRE_DEFINED_CURVE_FONT('continuous');
#15562 = STYLED_ITEM('color',(#15563),#10144);
#15563 = PRESENTATION_STYLE_ASSIGNMENT((#15564,#15569));
#15564 = SURFACE_STYLE_USAGE(.BOTH.,#15565);
#15565 = SURFACE_SIDE_STYLE('',(#15566));
#15566 = SURFACE_STYLE_FILL_AREA(#15567);
#15567 = FILL_AREA_STYLE('',(#15568));
#15568 = FILL_AREA_STYLE_COLOUR('',#14910);
#15569 = CURVE_STYLE('',#15570,POSITIVE_LENGTH_MEASURE(0.1),#14910);
#15570 = DRAUGHTING_PRE_DEFINED_CURVE_FONT('continuous');
#15571 = STYLED_ITEM('color',(#15572),#10186);
#15572 = PRESENTATION_STYLE_ASSIGNMENT((#15573,#15578));
#15573 = SURFACE_STYLE_USAGE(.BOTH.,#15574);
#15574 = SURFACE_SIDE_STYLE('',(#15575));
#15575 = SURFACE_STYLE_FILL_AREA(#15576);
#15576 = FILL_AREA_STYLE('',(#15577));
#15577 = FILL_AREA_STYLE_COLOUR('',#14910);
#15578 = CURVE_STYLE('',#15579,POSITIVE_LENGTH_MEASURE(0.1),#14910);
#15579 = DRAUGHTING_PRE_DEFINED_CURVE_FONT('continuous');
#15580 = STYLED_ITEM('color',(#15581),#10228);
#15581 = PRESENTATION_STYLE_ASSIGNMENT((#15582,#15587));
#15582 = SURFACE_STYLE_USAGE(.BOTH.,#15583);
#15583 = SURFACE_SIDE_STYLE('',(#15584));
#15584 = SURFACE_STYLE_FILL_AREA(#15585);
#15585 = FILL_AREA_STYLE('',(#15586));
#15586 = FILL_AREA_STYLE_COLOUR('',#14910);
#15587 = CURVE_STYLE('',#15588,POSITIVE_LENGTH_MEASURE(0.1),#14910);
#15588 = DRAUGHTING_PRE_DEFINED_CURVE_FONT('continuous');
#15589 = STYLED_ITEM('color',(#15590),#10270);
#15590 = PRESENTATION_STYLE_ASSIGNMENT((#15591,#15596));
#15591 = SURFACE_STYLE_USAGE(.BOTH.,#15592);
#15592 = SURFACE_SIDE_STYLE('',(#15593));
#15593 = SURFACE_STYLE_FILL_AREA(#15594);
#15594 = FILL_AREA_STYLE('',(#15595));
#15595 = FILL_AREA_STYLE_COLOUR('',#14910);
#15596 = CURVE_STYLE('',#15597,POSITIVE_LENGTH_MEASURE(0.1),#14910);
#15597 = DRAUGHTING_PRE_DEFINED_CURVE_FONT('continuous');
#15598 = STYLED_ITEM('color',(#15599),#10312);
#15599 = PRESENTATION_STYLE_ASSIGNMENT((#15600,#15605));
#15600 = SURFACE_STYLE_USAGE(.BOTH.,#15601);
#15601 = SURFACE_SIDE_STYLE('',(#15602));
#15602 = SURFACE_STYLE_FILL_AREA(#15603);
#15603 = FILL_AREA_STYLE('',(#15604));
#15604 = FILL_AREA_STYLE_COLOUR('',#14910);
#15605 = CURVE_STYLE('',#15606,POSITIVE_LENGTH_MEASURE(0.1),#14910);
#15606 = DRAUGHTING_PRE_DEFINED_CURVE_FONT('continuous');
#15607 = STYLED_ITEM('color',(#15608),#10354);
#15608 = PRESENTATION_STYLE_ASSIGNMENT((#15609,#15614));
#15609 = SURFACE_STYLE_USAGE(.BOTH.,#15610);
#15610 = SURFACE_SIDE_STYLE('',(#15611));
#15611 = SURFACE_STYLE_FILL_AREA(#15612);
#15612 = FILL_AREA_STYLE('',(#15613));
#15613 = FILL_AREA_STYLE_COLOUR('',#14910);
#15614 = CURVE_STYLE('',#15615,POSITIVE_LENGTH_MEASURE(0.1),#14910);
#15615 = DRAUGHTING_PRE_DEFINED_CURVE_FONT('continuous');
#15616 = STYLED_ITEM('color',(#15617),#10396);
#15617 = PRESENTATION_STYLE_ASSIGNMENT((#15618,#15623));
#15618 = SURFACE_STYLE_USAGE(.BOTH.,#15619);
#15619 = SURFACE_SIDE_STYLE('',(#15620));
#15620 = SURFACE_STYLE_FILL_AREA(#15621);
#15621 = FILL_AREA_STYLE('',(#15622));
#15622 = FILL_AREA_STYLE_COLOUR('',#14910);
#15623 = CURVE_STYLE('',#15624,POSITIVE_LENGTH_MEASURE(0.1),#14910);
#15624 = DRAUGHTING_PRE_DEFINED_CURVE_FONT('continuous');
#15625 = STYLED_ITEM('color',(#15626),#10440);
#15626 = PRESENTATION_STYLE_ASSIGNMENT((#15627,#15632));
#15627 = SURFACE_STYLE_USAGE(.BOTH.,#15628);
#15628 = SURFACE_SIDE_STYLE('',(#15629));
#15629 = SURFACE_STYLE_FILL_AREA(#15630);
#15630 = FILL_AREA_STYLE('',(#15631));
#15631 = FILL_AREA_STYLE_COLOUR('',#14910);
#15632 = CURVE_STYLE('',#15633,POSITIVE_LENGTH_MEASURE(0.1),#14910);
#15633 = DRAUGHTING_PRE_DEFINED_CURVE_FONT('continuous');
#15634 = STYLED_ITEM('color',(#15635),#10484);
#15635 = PRESENTATION_STYLE_ASSIGNMENT((#15636,#15641));
#15636 = SURFACE_STYLE_USAGE(.BOTH.,#15637);
#15637 = SURFACE_SIDE_STYLE('',(#15638));
#15638 = SURFACE_STYLE_FILL_AREA(#15639);
#15639 = FILL_AREA_STYLE('',(#15640));
#15640 = FILL_AREA_STYLE_COLOUR('',#14910);
#15641 = CURVE_STYLE('',#15642,POSITIVE_LENGTH_MEASURE(0.1),#14910);
#15642 = DRAUGHTING_PRE_DEFINED_CURVE_FONT('continuous');
#15643 = STYLED_ITEM('color',(#15644),#10528);
#15644 = PRESENTATION_STYLE_ASSIGNMENT((#15645,#15650));
#15645 = SURFACE_STYLE_USAGE(.BOTH.,#15646);
#15646 = SURFACE_SIDE_STYLE('',(#15647));
#15647 = SURFACE_STYLE_FILL_AREA(#15648);
#15648 = FILL_AREA_STYLE('',(#15649));
#15649 = FILL_AREA_STYLE_COLOUR('',#14910);
#15650 = CURVE_STYLE('',#15651,POSITIVE_LENGTH_MEASURE(0.1),#14910);
#15651 = DRAUGHTING_PRE_DEFINED_CURVE_FONT('continuous');
#15652 = STYLED_ITEM('color',(#15653),#10572);
#15653 = PRESENTATION_STYLE_ASSIGNMENT((#15654,#15659));
#15654 = SURFACE_STYLE_USAGE(.BOTH.,#15655);
#15655 = SURFACE_SIDE_STYLE('',(#15656));
#15656 = SURFACE_STYLE_FILL_AREA(#15657);
#15657 = FILL_AREA_STYLE('',(#15658));
#15658 = FILL_AREA_STYLE_COLOUR('',#14910);
#15659 = CURVE_STYLE('',#15660,POSITIVE_LENGTH_MEASURE(0.1),#14910);
#15660 = DRAUGHTING_PRE_DEFINED_CURVE_FONT('continuous');
#15661 = STYLED_ITEM('color',(#15662),#10682);
#15662 = PRESENTATION_STYLE_ASSIGNMENT((#15663,#15668));
#15663 = SURFACE_STYLE_USAGE(.BOTH.,#15664);
#15664 = SURFACE_SIDE_STYLE('',(#15665));
#15665 = SURFACE_STYLE_FILL_AREA(#15666);
#15666 = FILL_AREA_STYLE('',(#15667));
#15667 = FILL_AREA_STYLE_COLOUR('',#14910);
#15668 = CURVE_STYLE('',#15669,POSITIVE_LENGTH_MEASURE(0.1),#14910);
#15669 = DRAUGHTING_PRE_DEFINED_CURVE_FONT('continuous');
#15670 = STYLED_ITEM('color',(#15671),#10792);
#15671 = PRESENTATION_STYLE_ASSIGNMENT((#15672,#15677));
#15672 = SURFACE_STYLE_USAGE(.BOTH.,#15673);
#15673 = SURFACE_SIDE_STYLE('',(#15674));
#15674 = SURFACE_STYLE_FILL_AREA(#15675);
#15675 = FILL_AREA_STYLE('',(#15676));
#15676 = FILL_AREA_STYLE_COLOUR('',#14910);
#15677 = CURVE_STYLE('',#15678,POSITIVE_LENGTH_MEASURE(0.1),#14910);
#15678 = DRAUGHTING_PRE_DEFINED_CURVE_FONT('continuous');
#15679 = STYLED_ITEM('color',(#15680),#10834);
#15680 = PRESENTATION_STYLE_ASSIGNMENT((#15681,#15686));
#15681 = SURFACE_STYLE_USAGE(.BOTH.,#15682);
#15682 = SURFACE_SIDE_STYLE('',(#15683));
#15683 = SURFACE_STYLE_FILL_AREA(#15684);
#15684 = FILL_AREA_STYLE('',(#15685));
#15685 = FILL_AREA_STYLE_COLOUR('',#14910);
#15686 = CURVE_STYLE('',#15687,POSITIVE_LENGTH_MEASURE(0.1),#14910);
#15687 = DRAUGHTING_PRE_DEFINED_CURVE_FONT('continuous');
#15688 = STYLED_ITEM('color',(#15689),#10876);
#15689 = PRESENTATION_STYLE_ASSIGNMENT((#15690,#15695));
#15690 = SURFACE_STYLE_USAGE(.BOTH.,#15691);
#15691 = SURFACE_SIDE_STYLE('',(#15692));
#15692 = SURFACE_STYLE_FILL_AREA(#15693);
#15693 = FILL_AREA_STYLE('',(#15694));
#15694 = FILL_AREA_STYLE_COLOUR('',#14910);
#15695 = CURVE_STYLE('',#15696,POSITIVE_LENGTH_MEASURE(0.1),#14910);
#15696 = DRAUGHTING_PRE_DEFINED_CURVE_FONT('continuous');
#15697 = STYLED_ITEM('color',(#15698),#10918);
#15698 = PRESENTATION_STYLE_ASSIGNMENT((#15699,#15704));
#15699 = SURFACE_STYLE_USAGE(.BOTH.,#15700);
#15700 = SURFACE_SIDE_STYLE('',(#15701));
#15701 = SURFACE_STYLE_FILL_AREA(#15702);
#15702 = FILL_AREA_STYLE('',(#15703));
#15703 = FILL_AREA_STYLE_COLOUR('',#14910);
#15704 = CURVE_STYLE('',#15705,POSITIVE_LENGTH_MEASURE(0.1),#14910);
#15705 = DRAUGHTING_PRE_DEFINED_CURVE_FONT('continuous');
#15706 = STYLED_ITEM('color',(#15707),#10960);
#15707 = PRESENTATION_STYLE_ASSIGNMENT((#15708,#15713));
#15708 = SURFACE_STYLE_USAGE(.BOTH.,#15709);
#15709 = SURFACE_SIDE_STYLE('',(#15710));
#15710 = SURFACE_STYLE_FILL_AREA(#15711);
#15711 = FILL_AREA_STYLE('',(#15712));
#15712 = FILL_AREA_STYLE_COLOUR('',#14910);
#15713 = CURVE_STYLE('',#15714,POSITIVE_LENGTH_MEASURE(0.1),#14910);
#15714 = DRAUGHTING_PRE_DEFINED_CURVE_FONT('continuous');
#15715 = STYLED_ITEM('color',(#15716),#11002);
#15716 = PRESENTATION_STYLE_ASSIGNMENT((#15717,#15722));
#15717 = SURFACE_STYLE_USAGE(.BOTH.,#15718);
#15718 = SURFACE_SIDE_STYLE('',(#15719));
#15719 = SURFACE_STYLE_FILL_AREA(#15720);
#15720 = FILL_AREA_STYLE('',(#15721));
#15721 = FILL_AREA_STYLE_COLOUR('',#14910);
#15722 = CURVE_STYLE('',#15723,POSITIVE_LENGTH_MEASURE(0.1),#14910);
#15723 = DRAUGHTING_PRE_DEFINED_CURVE_FONT('continuous');
#15724 = STYLED_ITEM('color',(#15725),#11044);
#15725 = PRESENTATION_STYLE_ASSIGNMENT((#15726,#15731));
#15726 = SURFACE_STYLE_USAGE(.BOTH.,#15727);
#15727 = SURFACE_SIDE_STYLE('',(#15728));
#15728 = SURFACE_STYLE_FILL_AREA(#15729);
#15729 = FILL_AREA_STYLE('',(#15730));
#15730 = FILL_AREA_STYLE_COLOUR('',#14910);
#15731 = CURVE_STYLE('',#15732,POSITIVE_LENGTH_MEASURE(0.1),#14910);
#15732 = DRAUGHTING_PRE_DEFINED_CURVE_FONT('continuous');
#15733 = STYLED_ITEM('color',(#15734),#11086);
#15734 = PRESENTATION_STYLE_ASSIGNMENT((#15735,#15740));
#15735 = SURFACE_STYLE_USAGE(.BOTH.,#15736);
#15736 = SURFACE_SIDE_STYLE('',(#15737));
#15737 = SURFACE_STYLE_FILL_AREA(#15738);
#15738 = FILL_AREA_STYLE('',(#15739));
#15739 = FILL_AREA_STYLE_COLOUR('',#14910);
#15740 = CURVE_STYLE('',#15741,POSITIVE_LENGTH_MEASURE(0.1),#14910);
#15741 = DRAUGHTING_PRE_DEFINED_CURVE_FONT('continuous');
#15742 = STYLED_ITEM('color',(#15743),#11128);
#15743 = PRESENTATION_STYLE_ASSIGNMENT((#15744,#15749));
#15744 = SURFACE_STYLE_USAGE(.BOTH.,#15745);
#15745 = SURFACE_SIDE_STYLE('',(#15746));
#15746 = SURFACE_STYLE_FILL_AREA(#15747);
#15747 = FILL_AREA_STYLE('',(#15748));
#15748 = FILL_AREA_STYLE_COLOUR('',#14910);
#15749 = CURVE_STYLE('',#15750,POSITIVE_LENGTH_MEASURE(0.1),#14910);
#15750 = DRAUGHTING_PRE_DEFINED_CURVE_FONT('continuous');
#15751 = STYLED_ITEM('color',(#15752),#11172);
#15752 = PRESENTATION_STYLE_ASSIGNMENT((#15753,#15758));
#15753 = SURFACE_STYLE_USAGE(.BOTH.,#15754);
#15754 = SURFACE_SIDE_STYLE('',(#15755));
#15755 = SURFACE_STYLE_FILL_AREA(#15756);
#15756 = FILL_AREA_STYLE('',(#15757));
#15757 = FILL_AREA_STYLE_COLOUR('',#14910);
#15758 = CURVE_STYLE('',#15759,POSITIVE_LENGTH_MEASURE(0.1),#14910);
#15759 = DRAUGHTING_PRE_DEFINED_CURVE_FONT('continuous');
#15760 = STYLED_ITEM('color',(#15761),#11216);
#15761 = PRESENTATION_STYLE_ASSIGNMENT((#15762,#15767));
#15762 = SURFACE_STYLE_USAGE(.BOTH.,#15763);
#15763 = SURFACE_SIDE_STYLE('',(#15764));
#15764 = SURFACE_STYLE_FILL_AREA(#15765);
#15765 = FILL_AREA_STYLE('',(#15766));
#15766 = FILL_AREA_STYLE_COLOUR('',#14910);
#15767 = CURVE_STYLE('',#15768,POSITIVE_LENGTH_MEASURE(0.1),#14910);
#15768 = DRAUGHTING_PRE_DEFINED_CURVE_FONT('continuous');
#15769 = STYLED_ITEM('color',(#15770),#11260);
#15770 = PRESENTATION_STYLE_ASSIGNMENT((#15771,#15776));
#15771 = SURFACE_STYLE_USAGE(.BOTH.,#15772);
#15772 = SURFACE_SIDE_STYLE('',(#15773));
#15773 = SURFACE_STYLE_FILL_AREA(#15774);
#15774 = FILL_AREA_STYLE('',(#15775));
#15775 = FILL_AREA_STYLE_COLOUR('',#14910);
#15776 = CURVE_STYLE('',#15777,POSITIVE_LENGTH_MEASURE(0.1),#14910);
#15777 = DRAUGHTING_PRE_DEFINED_CURVE_FONT('continuous');
#15778 = STYLED_ITEM('color',(#15779),#11304);
#15779 = PRESENTATION_STYLE_ASSIGNMENT((#15780,#15785));
#15780 = SURFACE_STYLE_USAGE(.BOTH.,#15781);
#15781 = SURFACE_SIDE_STYLE('',(#15782));
#15782 = SURFACE_STYLE_FILL_AREA(#15783);
#15783 = FILL_AREA_STYLE('',(#15784));
#15784 = FILL_AREA_STYLE_COLOUR('',#14910);
#15785 = CURVE_STYLE('',#15786,POSITIVE_LENGTH_MEASURE(0.1),#14910);
#15786 = DRAUGHTING_PRE_DEFINED_CURVE_FONT('continuous');
#15787 = STYLED_ITEM('color',(#15788),#11414);
#15788 = PRESENTATION_STYLE_ASSIGNMENT((#15789,#15794));
#15789 = SURFACE_STYLE_USAGE(.BOTH.,#15790);
#15790 = SURFACE_SIDE_STYLE('',(#15791));
#15791 = SURFACE_STYLE_FILL_AREA(#15792);
#15792 = FILL_AREA_STYLE('',(#15793));
#15793 = FILL_AREA_STYLE_COLOUR('',#14910);
#15794 = CURVE_STYLE('',#15795,POSITIVE_LENGTH_MEASURE(0.1),#14910);
#15795 = DRAUGHTING_PRE_DEFINED_CURVE_FONT('continuous');
#15796 = STYLED_ITEM('color',(#15797),#11524);
#15797 = PRESENTATION_STYLE_ASSIGNMENT((#15798,#15803));
#15798 = SURFACE_STYLE_USAGE(.BOTH.,#15799);
#15799 = SURFACE_SIDE_STYLE('',(#15800));
#15800 = SURFACE_STYLE_FILL_AREA(#15801);
#15801 = FILL_AREA_STYLE('',(#15802));
#15802 = FILL_AREA_STYLE_COLOUR('',#14910);
#15803 = CURVE_STYLE('',#15804,POSITIVE_LENGTH_MEASURE(0.1),#14910);
#15804 = DRAUGHTING_PRE_DEFINED_CURVE_FONT('continuous');
#15805 = STYLED_ITEM('color',(#15806),#11566);
#15806 = PRESENTATION_STYLE_ASSIGNMENT((#15807,#15812));
#15807 = SURFACE_STYLE_USAGE(.BOTH.,#15808);
#15808 = SURFACE_SIDE_STYLE('',(#15809));
#15809 = SURFACE_STYLE_FILL_AREA(#15810);
#15810 = FILL_AREA_STYLE('',(#15811));
#15811 = FILL_AREA_STYLE_COLOUR('',#14910);
#15812 = CURVE_STYLE('',#15813,POSITIVE_LENGTH_MEASURE(0.1),#14910);
#15813 = DRAUGHTING_PRE_DEFINED_CURVE_FONT('continuous');
#15814 = STYLED_ITEM('color',(#15815),#11608);
#15815 = PRESENTATION_STYLE_ASSIGNMENT((#15816,#15821));
#15816 = SURFACE_STYLE_USAGE(.BOTH.,#15817);
#15817 = SURFACE_SIDE_STYLE('',(#15818));
#15818 = SURFACE_STYLE_FILL_AREA(#15819);
#15819 = FILL_AREA_STYLE('',(#15820));
#15820 = FILL_AREA_STYLE_COLOUR('',#14910);
#15821 = CURVE_STYLE('',#15822,POSITIVE_LENGTH_MEASURE(0.1),#14910);
#15822 = DRAUGHTING_PRE_DEFINED_CURVE_FONT('continuous');
#15823 = STYLED_ITEM('color',(#15824),#11650);
#15824 = PRESENTATION_STYLE_ASSIGNMENT((#15825,#15830));
#15825 = SURFACE_STYLE_USAGE(.BOTH.,#15826);
#15826 = SURFACE_SIDE_STYLE('',(#15827));
#15827 = SURFACE_STYLE_FILL_AREA(#15828);
#15828 = FILL_AREA_STYLE('',(#15829));
#15829 = FILL_AREA_STYLE_COLOUR('',#14910);
#15830 = CURVE_STYLE('',#15831,POSITIVE_LENGTH_MEASURE(0.1),#14910);
#15831 = DRAUGHTING_PRE_DEFINED_CURVE_FONT('continuous');
#15832 = STYLED_ITEM('color',(#15833),#11692);
#15833 = PRESENTATION_STYLE_ASSIGNMENT((#15834,#15839));
#15834 = SURFACE_STYLE_USAGE(.BOTH.,#15835);
#15835 = SURFACE_SIDE_STYLE('',(#15836));
#15836 = SURFACE_STYLE_FILL_AREA(#15837);
#15837 = FILL_AREA_STYLE('',(#15838));
#15838 = FILL_AREA_STYLE_COLOUR('',#14910);
#15839 = CURVE_STYLE('',#15840,POSITIVE_LENGTH_MEASURE(0.1),#14910);
#15840 = DRAUGHTING_PRE_DEFINED_CURVE_FONT('continuous');
#15841 = STYLED_ITEM('color',(#15842),#11734);
#15842 = PRESENTATION_STYLE_ASSIGNMENT((#15843,#15848));
#15843 = SURFACE_STYLE_USAGE(.BOTH.,#15844);
#15844 = SURFACE_SIDE_STYLE('',(#15845));
#15845 = SURFACE_STYLE_FILL_AREA(#15846);
#15846 = FILL_AREA_STYLE('',(#15847));
#15847 = FILL_AREA_STYLE_COLOUR('',#14910);
#15848 = CURVE_STYLE('',#15849,POSITIVE_LENGTH_MEASURE(0.1),#14910);
#15849 = DRAUGHTING_PRE_DEFINED_CURVE_FONT('continuous');
#15850 = STYLED_ITEM('color',(#15851),#11776);
#15851 = PRESENTATION_STYLE_ASSIGNMENT((#15852,#15857));
#15852 = SURFACE_STYLE_USAGE(.BOTH.,#15853);
#15853 = SURFACE_SIDE_STYLE('',(#15854));
#15854 = SURFACE_STYLE_FILL_AREA(#15855);
#15855 = FILL_AREA_STYLE('',(#15856));
#15856 = FILL_AREA_STYLE_COLOUR('',#14910);
#15857 = CURVE_STYLE('',#15858,POSITIVE_LENGTH_MEASURE(0.1),#14910);
#15858 = DRAUGHTING_PRE_DEFINED_CURVE_FONT('continuous');
#15859 = STYLED_ITEM('color',(#15860),#11818);
#15860 = PRESENTATION_STYLE_ASSIGNMENT((#15861,#15866));
#15861 = SURFACE_STYLE_USAGE(.BOTH.,#15862);
#15862 = SURFACE_SIDE_STYLE('',(#15863));
#15863 = SURFACE_STYLE_FILL_AREA(#15864);
#15864 = FILL_AREA_STYLE('',(#15865));
#15865 = FILL_AREA_STYLE_COLOUR('',#14910);
#15866 = CURVE_STYLE('',#15867,POSITIVE_LENGTH_MEASURE(0.1),#14910);
#15867 = DRAUGHTING_PRE_DEFINED_CURVE_FONT('continuous');
#15868 = STYLED_ITEM('color',(#15869),#11860);
#15869 = PRESENTATION_STYLE_ASSIGNMENT((#15870,#15875));
#15870 = SURFACE_STYLE_USAGE(.BOTH.,#15871);
#15871 = SURFACE_SIDE_STYLE('',(#15872));
#15872 = SURFACE_STYLE_FILL_AREA(#15873);
#15873 = FILL_AREA_STYLE('',(#15874));
#15874 = FILL_AREA_STYLE_COLOUR('',#14910);
#15875 = CURVE_STYLE('',#15876,POSITIVE_LENGTH_MEASURE(0.1),#14910);
#15876 = DRAUGHTING_PRE_DEFINED_CURVE_FONT('continuous');
#15877 = STYLED_ITEM('color',(#15878),#11904);
#15878 = PRESENTATION_STYLE_ASSIGNMENT((#15879,#15884));
#15879 = SURFACE_STYLE_USAGE(.BOTH.,#15880);
#15880 = SURFACE_SIDE_STYLE('',(#15881));
#15881 = SURFACE_STYLE_FILL_AREA(#15882);
#15882 = FILL_AREA_STYLE('',(#15883));
#15883 = FILL_AREA_STYLE_COLOUR('',#14910);
#15884 = CURVE_STYLE('',#15885,POSITIVE_LENGTH_MEASURE(0.1),#14910);
#15885 = DRAUGHTING_PRE_DEFINED_CURVE_FONT('continuous');
#15886 = STYLED_ITEM('color',(#15887),#11948);
#15887 = PRESENTATION_STYLE_ASSIGNMENT((#15888,#15893));
#15888 = SURFACE_STYLE_USAGE(.BOTH.,#15889);
#15889 = SURFACE_SIDE_STYLE('',(#15890));
#15890 = SURFACE_STYLE_FILL_AREA(#15891);
#15891 = FILL_AREA_STYLE('',(#15892));
#15892 = FILL_AREA_STYLE_COLOUR('',#14910);
#15893 = CURVE_STYLE('',#15894,POSITIVE_LENGTH_MEASURE(0.1),#14910);
#15894 = DRAUGHTING_PRE_DEFINED_CURVE_FONT('continuous');
#15895 = STYLED_ITEM('color',(#15896),#11992);
#15896 = PRESENTATION_STYLE_ASSIGNMENT((#15897,#15902));
#15897 = SURFACE_STYLE_USAGE(.BOTH.,#15898);
#15898 = SURFACE_SIDE_STYLE('',(#15899));
#15899 = SURFACE_STYLE_FILL_AREA(#15900);
#15900 = FILL_AREA_STYLE('',(#15901));
#15901 = FILL_AREA_STYLE_COLOUR('',#14910);
#15902 = CURVE_STYLE('',#15903,POSITIVE_LENGTH_MEASURE(0.1),#14910);
#15903 = DRAUGHTING_PRE_DEFINED_CURVE_FONT('continuous');
#15904 = STYLED_ITEM('color',(#15905),#12036);
#15905 = PRESENTATION_STYLE_ASSIGNMENT((#15906,#15911));
#15906 = SURFACE_STYLE_USAGE(.BOTH.,#15907);
#15907 = SURFACE_SIDE_STYLE('',(#15908));
#15908 = SURFACE_STYLE_FILL_AREA(#15909);
#15909 = FILL_AREA_STYLE('',(#15910));
#15910 = FILL_AREA_STYLE_COLOUR('',#14910);
#15911 = CURVE_STYLE('',#15912,POSITIVE_LENGTH_MEASURE(0.1),#14910);
#15912 = DRAUGHTING_PRE_DEFINED_CURVE_FONT('continuous');
#15913 = STYLED_ITEM('color',(#15914),#12146);
#15914 = PRESENTATION_STYLE_ASSIGNMENT((#15915,#15920));
#15915 = SURFACE_STYLE_USAGE(.BOTH.,#15916);
#15916 = SURFACE_SIDE_STYLE('',(#15917));
#15917 = SURFACE_STYLE_FILL_AREA(#15918);
#15918 = FILL_AREA_STYLE('',(#15919));
#15919 = FILL_AREA_STYLE_COLOUR('',#14910);
#15920 = CURVE_STYLE('',#15921,POSITIVE_LENGTH_MEASURE(0.1),#14910);
#15921 = DRAUGHTING_PRE_DEFINED_CURVE_FONT('continuous');
#15922 = STYLED_ITEM('color',(#15923),#12256);
#15923 = PRESENTATION_STYLE_ASSIGNMENT((#15924,#15929));
#15924 = SURFACE_STYLE_USAGE(.BOTH.,#15925);
#15925 = SURFACE_SIDE_STYLE('',(#15926));
#15926 = SURFACE_STYLE_FILL_AREA(#15927);
#15927 = FILL_AREA_STYLE('',(#15928));
#15928 = FILL_AREA_STYLE_COLOUR('',#14910);
#15929 = CURVE_STYLE('',#15930,POSITIVE_LENGTH_MEASURE(0.1),#14910);
#15930 = DRAUGHTING_PRE_DEFINED_CURVE_FONT('continuous');
#15931 = STYLED_ITEM('color',(#15932),#12298);
#15932 = PRESENTATION_STYLE_ASSIGNMENT((#15933,#15938));
#15933 = SURFACE_STYLE_USAGE(.BOTH.,#15934);
#15934 = SURFACE_SIDE_STYLE('',(#15935));
#15935 = SURFACE_STYLE_FILL_AREA(#15936);
#15936 = FILL_AREA_STYLE('',(#15937));
#15937 = FILL_AREA_STYLE_COLOUR('',#14910);
#15938 = CURVE_STYLE('',#15939,POSITIVE_LENGTH_MEASURE(0.1),#14910);
#15939 = DRAUGHTING_PRE_DEFINED_CURVE_FONT('continuous');
#15940 = STYLED_ITEM('color',(#15941),#12340);
#15941 = PRESENTATION_STYLE_ASSIGNMENT((#15942,#15947));
#15942 = SURFACE_STYLE_USAGE(.BOTH.,#15943);
#15943 = SURFACE_SIDE_STYLE('',(#15944));
#15944 = SURFACE_STYLE_FILL_AREA(#15945);
#15945 = FILL_AREA_STYLE('',(#15946));
#15946 = FILL_AREA_STYLE_COLOUR('',#14910);
#15947 = CURVE_STYLE('',#15948,POSITIVE_LENGTH_MEASURE(0.1),#14910);
#15948 = DRAUGHTING_PRE_DEFINED_CURVE_FONT('continuous');
#15949 = STYLED_ITEM('color',(#15950),#12382);
#15950 = PRESENTATION_STYLE_ASSIGNMENT((#15951,#15956));
#15951 = SURFACE_STYLE_USAGE(.BOTH.,#15952);
#15952 = SURFACE_SIDE_STYLE('',(#15953));
#15953 = SURFACE_STYLE_FILL_AREA(#15954);
#15954 = FILL_AREA_STYLE('',(#15955));
#15955 = FILL_AREA_STYLE_COLOUR('',#14910);
#15956 = CURVE_STYLE('',#15957,POSITIVE_LENGTH_MEASURE(0.1),#14910);
#15957 = DRAUGHTING_PRE_DEFINED_CURVE_FONT('continuous');
#15958 = STYLED_ITEM('color',(#15959),#12424);
#15959 = PRESENTATION_STYLE_ASSIGNMENT((#15960,#15965));
#15960 = SURFACE_STYLE_USAGE(.BOTH.,#15961);
#15961 = SURFACE_SIDE_STYLE('',(#15962));
#15962 = SURFACE_STYLE_FILL_AREA(#15963);
#15963 = FILL_AREA_STYLE('',(#15964));
#15964 = FILL_AREA_STYLE_COLOUR('',#14910);
#15965 = CURVE_STYLE('',#15966,POSITIVE_LENGTH_MEASURE(0.1),#14910);
#15966 = DRAUGHTING_PRE_DEFINED_CURVE_FONT('continuous');
#15967 = STYLED_ITEM('color',(#15968),#12466);
#15968 = PRESENTATION_STYLE_ASSIGNMENT((#15969,#15974));
#15969 = SURFACE_STYLE_USAGE(.BOTH.,#15970);
#15970 = SURFACE_SIDE_STYLE('',(#15971));
#15971 = SURFACE_STYLE_FILL_AREA(#15972);
#15972 = FILL_AREA_STYLE('',(#15973));
#15973 = FILL_AREA_STYLE_COLOUR('',#14910);
#15974 = CURVE_STYLE('',#15975,POSITIVE_LENGTH_MEASURE(0.1),#14910);
#15975 = DRAUGHTING_PRE_DEFINED_CURVE_FONT('continuous');
#15976 = STYLED_ITEM('color',(#15977),#12508);
#15977 = PRESENTATION_STYLE_ASSIGNMENT((#15978,#15983));
#15978 = SURFACE_STYLE_USAGE(.BOTH.,#15979);
#15979 = SURFACE_SIDE_STYLE('',(#15980));
#15980 = SURFACE_STYLE_FILL_AREA(#15981);
#15981 = FILL_AREA_STYLE('',(#15982));
#15982 = FILL_AREA_STYLE_COLOUR('',#14910);
#15983 = CURVE_STYLE('',#15984,POSITIVE_LENGTH_MEASURE(0.1),#14910);
#15984 = DRAUGHTING_PRE_DEFINED_CURVE_FONT('continuous');
#15985 = STYLED_ITEM('color',(#15986),#12550);
#15986 = PRESENTATION_STYLE_ASSIGNMENT((#15987,#15992));
#15987 = SURFACE_STYLE_USAGE(.BOTH.,#15988);
#15988 = SURFACE_SIDE_STYLE('',(#15989));
#15989 = SURFACE_STYLE_FILL_AREA(#15990);
#15990 = FILL_AREA_STYLE('',(#15991));
#15991 = FILL_AREA_STYLE_COLOUR('',#14910);
#15992 = CURVE_STYLE('',#15993,POSITIVE_LENGTH_MEASURE(0.1),#14910);
#15993 = DRAUGHTING_PRE_DEFINED_CURVE_FONT('continuous');
#15994 = STYLED_ITEM('color',(#15995),#12592);
#15995 = PRESENTATION_STYLE_ASSIGNMENT((#15996,#16001));
#15996 = SURFACE_STYLE_USAGE(.BOTH.,#15997);
#15997 = SURFACE_SIDE_STYLE('',(#15998));
#15998 = SURFACE_STYLE_FILL_AREA(#15999);
#15999 = FILL_AREA_STYLE('',(#16000));
#16000 = FILL_AREA_STYLE_COLOUR('',#14910);
#16001 = CURVE_STYLE('',#16002,POSITIVE_LENGTH_MEASURE(0.1),#14910);
#16002 = DRAUGHTING_PRE_DEFINED_CURVE_FONT('continuous');
#16003 = STYLED_ITEM('color',(#16004),#12636);
#16004 = PRESENTATION_STYLE_ASSIGNMENT((#16005,#16010));
#16005 = SURFACE_STYLE_USAGE(.BOTH.,#16006);
#16006 = SURFACE_SIDE_STYLE('',(#16007));
#16007 = SURFACE_STYLE_FILL_AREA(#16008);
#16008 = FILL_AREA_STYLE('',(#16009));
#16009 = FILL_AREA_STYLE_COLOUR('',#14910);
#16010 = CURVE_STYLE('',#16011,POSITIVE_LENGTH_MEASURE(0.1),#14910);
#16011 = DRAUGHTING_PRE_DEFINED_CURVE_FONT('continuous');
#16012 = STYLED_ITEM('color',(#16013),#12680);
#16013 = PRESENTATION_STYLE_ASSIGNMENT((#16014,#16019));
#16014 = SURFACE_STYLE_USAGE(.BOTH.,#16015);
#16015 = SURFACE_SIDE_STYLE('',(#16016));
#16016 = SURFACE_STYLE_FILL_AREA(#16017);
#16017 = FILL_AREA_STYLE('',(#16018));
#16018 = FILL_AREA_STYLE_COLOUR('',#14910);
#16019 = CURVE_STYLE('',#16020,POSITIVE_LENGTH_MEASURE(0.1),#14910);
#16020 = DRAUGHTING_PRE_DEFINED_CURVE_FONT('continuous');
#16021 = STYLED_ITEM('color',(#16022),#12724);
#16022 = PRESENTATION_STYLE_ASSIGNMENT((#16023,#16028));
#16023 = SURFACE_STYLE_USAGE(.BOTH.,#16024);
#16024 = SURFACE_SIDE_STYLE('',(#16025));
#16025 = SURFACE_STYLE_FILL_AREA(#16026);
#16026 = FILL_AREA_STYLE('',(#16027));
#16027 = FILL_AREA_STYLE_COLOUR('',#14910);
#16028 = CURVE_STYLE('',#16029,POSITIVE_LENGTH_MEASURE(0.1),#14910);
#16029 = DRAUGHTING_PRE_DEFINED_CURVE_FONT('continuous');
#16030 = STYLED_ITEM('color',(#16031),#12768);
#16031 = PRESENTATION_STYLE_ASSIGNMENT((#16032,#16037));
#16032 = SURFACE_STYLE_USAGE(.BOTH.,#16033);
#16033 = SURFACE_SIDE_STYLE('',(#16034));
#16034 = SURFACE_STYLE_FILL_AREA(#16035);
#16035 = FILL_AREA_STYLE('',(#16036));
#16036 = FILL_AREA_STYLE_COLOUR('',#14910);
#16037 = CURVE_STYLE('',#16038,POSITIVE_LENGTH_MEASURE(0.1),#14910);
#16038 = DRAUGHTING_PRE_DEFINED_CURVE_FONT('continuous');
#16039 = MECHANICAL_DESIGN_GEOMETRIC_PRESENTATION_REPRESENTATION('',(
    #16040),#451);
#16040 = STYLED_ITEM('color',(#16041),#67);
#16041 = PRESENTATION_STYLE_ASSIGNMENT((#16042,#16048));
#16042 = SURFACE_STYLE_USAGE(.BOTH.,#16043);
#16043 = SURFACE_SIDE_STYLE('',(#16044));
#16044 = SURFACE_STYLE_FILL_AREA(#16045);
#16045 = FILL_AREA_STYLE('',(#16046));
#16046 = FILL_AREA_STYLE_COLOUR('',#16047);
#16047 = COLOUR_RGB('',0.,0.501960785193,0.);
#16048 = CURVE_STYLE('',#16049,POSITIVE_LENGTH_MEASURE(0.1),#16047);
#16049 = DRAUGHTING_PRE_DEFINED_CURVE_FONT('continuous');
#16050 = MECHANICAL_DESIGN_GEOMETRIC_PRESENTATION_REPRESENTATION('',(
    #16051,#16059,#16066),#2913);
#16051 = STYLED_ITEM('color',(#16052),#493);
#16052 = PRESENTATION_STYLE_ASSIGNMENT((#16053));
#16053 = SURFACE_STYLE_USAGE(.BOTH.,#16054);
#16054 = SURFACE_SIDE_STYLE('',(#16055));
#16055 = SURFACE_STYLE_FILL_AREA(#16056);
#16056 = FILL_AREA_STYLE('',(#16057));
#16057 = FILL_AREA_STYLE_COLOUR('',#16058);
#16058 = COLOUR_RGB('',0.968627457133,0.878431359152,0.599999994755);
#16059 = STYLED_ITEM('color',(#16060),#835);
#16060 = PRESENTATION_STYLE_ASSIGNMENT((#16061));
#16061 = SURFACE_STYLE_USAGE(.BOTH.,#16062);
#16062 = SURFACE_SIDE_STYLE('',(#16063));
#16063 = SURFACE_STYLE_FILL_AREA(#16064);
#16064 = FILL_AREA_STYLE('',(#16065));
#16065 = FILL_AREA_STYLE_COLOUR('',#16058);
#16066 = STYLED_ITEM('color',(#16067),#1177);
#16067 = PRESENTATION_STYLE_ASSIGNMENT((#16068));
#16068 = SURFACE_STYLE_USAGE(.BOTH.,#16069);
#16069 = SURFACE_SIDE_STYLE('',(#16070));
#16070 = SURFACE_STYLE_FILL_AREA(#16071);
#16071 = FILL_AREA_STYLE('',(#16072));
#16072 = FILL_AREA_STYLE_COLOUR('',#16073);
#16073 = COLOUR_RGB('',0.101960784187,0.101960784187,0.101960784187);
ENDSEC;
END-ISO-10303-21;
